seed,fold,metric,score,n_test_donors,condition,target,n_test
0,0,accuracy,0.6666666666666666,6.0,tf_target_baseline_pca,disease_status,
0,0,auroc,0.5555555555555556,6.0,tf_target_baseline_pca,disease_status,
0,1,accuracy,0.6666666666666666,6.0,tf_target_baseline_pca,disease_status,
0,1,auroc,0.5555555555555556,6.0,tf_target_baseline_pca,disease_status,
0,2,accuracy,0.5,6.0,tf_target_baseline_pca,disease_status,
0,2,auroc,0.3333333333333333,6.0,tf_target_baseline_pca,disease_status,
0,3,accuracy,0.5,6.0,tf_target_baseline_pca,disease_status,
0,3,auroc,0.22222222222222224,6.0,tf_target_baseline_pca,disease_status,
0,4,accuracy,0.5,6.0,tf_target_baseline_pca,disease_status,
0,4,auroc,0.6666666666666667,6.0,tf_target_baseline_pca,disease_status,
0,5,accuracy,0.6666666666666666,6.0,tf_target_baseline_pca,disease_status,
0,5,auroc,0.7777777777777779,6.0,tf_target_baseline_pca,disease_status,
1,0,accuracy,0.5,6.0,tf_target_baseline_pca,disease_status,
1,0,auroc,0.33333333333333337,6.0,tf_target_baseline_pca,disease_status,
1,1,accuracy,0.3333333333333333,6.0,tf_target_baseline_pca,disease_status,
1,1,auroc,0.0,6.0,tf_target_baseline_pca,disease_status,
1,2,accuracy,0.5,6.0,tf_target_baseline_pca,disease_status,
1,2,auroc,0.22222222222222224,6.0,tf_target_baseline_pca,disease_status,
1,3,accuracy,0.6666666666666666,6.0,tf_target_baseline_pca,disease_status,
1,3,auroc,0.7777777777777778,6.0,tf_target_baseline_pca,disease_status,
1,4,accuracy,0.6666666666666666,6.0,tf_target_baseline_pca,disease_status,
1,4,auroc,0.5555555555555556,6.0,tf_target_baseline_pca,disease_status,
1,5,accuracy,0.3333333333333333,6.0,tf_target_baseline_pca,disease_status,
1,5,auroc,0.4444444444444444,6.0,tf_target_baseline_pca,disease_status,
2,0,accuracy,0.16666666666666666,6.0,tf_target_baseline_pca,disease_status,
2,0,auroc,0.0,6.0,tf_target_baseline_pca,disease_status,
2,1,accuracy,0.6666666666666666,6.0,tf_target_baseline_pca,disease_status,
2,1,auroc,0.6666666666666667,6.0,tf_target_baseline_pca,disease_status,
2,2,accuracy,0.5,6.0,tf_target_baseline_pca,disease_status,
2,2,auroc,0.4444444444444444,6.0,tf_target_baseline_pca,disease_status,
2,3,accuracy,0.8333333333333334,6.0,tf_target_baseline_pca,disease_status,
2,3,auroc,0.888888888888889,6.0,tf_target_baseline_pca,disease_status,
2,4,accuracy,0.6666666666666666,6.0,tf_target_baseline_pca,disease_status,
2,4,auroc,0.4444444444444444,6.0,tf_target_baseline_pca,disease_status,
2,5,accuracy,0.6666666666666666,6.0,tf_target_baseline_pca,disease_status,
2,5,auroc,0.4444444444444445,6.0,tf_target_baseline_pca,disease_status,
3,0,accuracy,0.3333333333333333,6.0,tf_target_baseline_pca,disease_status,
3,0,auroc,0.3333333333333333,6.0,tf_target_baseline_pca,disease_status,
3,1,accuracy,0.5,6.0,tf_target_baseline_pca,disease_status,
3,1,auroc,0.5555555555555556,6.0,tf_target_baseline_pca,disease_status,
3,2,accuracy,0.6666666666666666,6.0,tf_target_baseline_pca,disease_status,
3,2,auroc,0.5555555555555556,6.0,tf_target_baseline_pca,disease_status,
3,3,accuracy,0.6666666666666666,6.0,tf_target_baseline_pca,disease_status,
3,3,auroc,0.6666666666666667,6.0,tf_target_baseline_pca,disease_status,
3,4,accuracy,0.6666666666666666,6.0,tf_target_baseline_pca,disease_status,
3,4,auroc,0.888888888888889,6.0,tf_target_baseline_pca,disease_status,
3,5,accuracy,0.3333333333333333,6.0,tf_target_baseline_pca,disease_status,
3,5,auroc,0.11111111111111112,6.0,tf_target_baseline_pca,disease_status,
4,0,accuracy,0.6666666666666666,6.0,tf_target_baseline_pca,disease_status,
4,0,auroc,0.4444444444444445,6.0,tf_target_baseline_pca,disease_status,
4,1,accuracy,0.5,6.0,tf_target_baseline_pca,disease_status,
4,1,auroc,0.22222222222222224,6.0,tf_target_baseline_pca,disease_status,
4,2,accuracy,0.8333333333333334,6.0,tf_target_baseline_pca,disease_status,
4,2,auroc,1.0,6.0,tf_target_baseline_pca,disease_status,
4,3,accuracy,0.5,6.0,tf_target_baseline_pca,disease_status,
4,3,auroc,0.6666666666666667,6.0,tf_target_baseline_pca,disease_status,
4,4,accuracy,0.3333333333333333,6.0,tf_target_baseline_pca,disease_status,
4,4,auroc,0.33333333333333337,6.0,tf_target_baseline_pca,disease_status,
4,5,accuracy,0.3333333333333333,6.0,tf_target_baseline_pca,disease_status,
4,5,auroc,0.4444444444444444,6.0,tf_target_baseline_pca,disease_status,
0,0,accuracy,0.6666666666666666,6.0,tf_target_baseline_pca,sex_sanity_check,
0,0,auroc,0.8,6.0,tf_target_baseline_pca,sex_sanity_check,
0,1,accuracy,0.6666666666666666,6.0,tf_target_baseline_pca,sex_sanity_check,
0,1,auroc,0.625,6.0,tf_target_baseline_pca,sex_sanity_check,
0,2,accuracy,0.8333333333333334,6.0,tf_target_baseline_pca,sex_sanity_check,
0,2,auroc,0.875,6.0,tf_target_baseline_pca,sex_sanity_check,
0,3,accuracy,0.6666666666666666,6.0,tf_target_baseline_pca,sex_sanity_check,
0,3,auroc,0.8,6.0,tf_target_baseline_pca,sex_sanity_check,
0,4,accuracy,0.6666666666666666,6.0,tf_target_baseline_pca,sex_sanity_check,
0,4,auroc,0.7777777777777778,6.0,tf_target_baseline_pca,sex_sanity_check,
0,5,accuracy,0.5,6.0,tf_target_baseline_pca,sex_sanity_check,
0,5,auroc,0.4444444444444445,6.0,tf_target_baseline_pca,sex_sanity_check,
1,0,accuracy,0.6666666666666666,6.0,tf_target_baseline_pca,sex_sanity_check,
1,0,auroc,0.75,6.0,tf_target_baseline_pca,sex_sanity_check,
1,1,accuracy,0.5,6.0,tf_target_baseline_pca,sex_sanity_check,
1,1,auroc,1.0,6.0,tf_target_baseline_pca,sex_sanity_check,
1,2,accuracy,0.6666666666666666,6.0,tf_target_baseline_pca,sex_sanity_check,
1,2,auroc,1.0,6.0,tf_target_baseline_pca,sex_sanity_check,
1,3,accuracy,0.8333333333333334,6.0,tf_target_baseline_pca,sex_sanity_check,
1,3,auroc,1.0,6.0,tf_target_baseline_pca,sex_sanity_check,
1,4,accuracy,0.8333333333333334,6.0,tf_target_baseline_pca,sex_sanity_check,
1,4,auroc,1.0,6.0,tf_target_baseline_pca,sex_sanity_check,
1,5,accuracy,0.5,6.0,tf_target_baseline_pca,sex_sanity_check,
1,5,auroc,0.625,6.0,tf_target_baseline_pca,sex_sanity_check,
2,0,accuracy,0.8333333333333334,6.0,tf_target_baseline_pca,sex_sanity_check,
2,0,auroc,1.0,6.0,tf_target_baseline_pca,sex_sanity_check,
2,1,accuracy,0.6666666666666666,6.0,tf_target_baseline_pca,sex_sanity_check,
2,1,auroc,1.0,6.0,tf_target_baseline_pca,sex_sanity_check,
2,2,accuracy,0.6666666666666666,6.0,tf_target_baseline_pca,sex_sanity_check,
2,2,auroc,0.875,6.0,tf_target_baseline_pca,sex_sanity_check,
2,3,accuracy,0.8333333333333334,6.0,tf_target_baseline_pca,sex_sanity_check,
2,3,auroc,1.0,6.0,tf_target_baseline_pca,sex_sanity_check,
2,4,accuracy,0.16666666666666666,6.0,tf_target_baseline_pca,sex_sanity_check,
2,4,auroc,,6.0,tf_target_baseline_pca,sex_sanity_check,
2,5,accuracy,0.6666666666666666,6.0,tf_target_baseline_pca,sex_sanity_check,
2,5,auroc,0.5,6.0,tf_target_baseline_pca,sex_sanity_check,
3,0,accuracy,0.6666666666666666,6.0,tf_target_baseline_pca,sex_sanity_check,
3,0,auroc,0.888888888888889,6.0,tf_target_baseline_pca,sex_sanity_check,
3,1,accuracy,0.8333333333333334,6.0,tf_target_baseline_pca,sex_sanity_check,
3,1,auroc,1.0,6.0,tf_target_baseline_pca,sex_sanity_check,
3,2,accuracy,0.8333333333333334,6.0,tf_target_baseline_pca,sex_sanity_check,
3,2,auroc,0.875,6.0,tf_target_baseline_pca,sex_sanity_check,
3,3,accuracy,0.3333333333333333,6.0,tf_target_baseline_pca,sex_sanity_check,
3,3,auroc,0.6666666666666666,6.0,tf_target_baseline_pca,sex_sanity_check,
3,4,accuracy,1.0,6.0,tf_target_baseline_pca,sex_sanity_check,
3,4,auroc,1.0,6.0,tf_target_baseline_pca,sex_sanity_check,
3,5,accuracy,0.6666666666666666,6.0,tf_target_baseline_pca,sex_sanity_check,
3,5,auroc,0.75,6.0,tf_target_baseline_pca,sex_sanity_check,
4,0,accuracy,0.6666666666666666,6.0,tf_target_baseline_pca,sex_sanity_check,
4,0,auroc,1.0,6.0,tf_target_baseline_pca,sex_sanity_check,
4,1,accuracy,0.6666666666666666,6.0,tf_target_baseline_pca,sex_sanity_check,
4,1,auroc,0.625,6.0,tf_target_baseline_pca,sex_sanity_check,
4,2,accuracy,0.8333333333333334,6.0,tf_target_baseline_pca,sex_sanity_check,
4,2,auroc,1.0,6.0,tf_target_baseline_pca,sex_sanity_check,
4,3,accuracy,0.5,6.0,tf_target_baseline_pca,sex_sanity_check,
4,3,auroc,0.0,6.0,tf_target_baseline_pca,sex_sanity_check,
4,4,accuracy,0.8333333333333334,6.0,tf_target_baseline_pca,sex_sanity_check,
4,4,auroc,1.0,6.0,tf_target_baseline_pca,sex_sanity_check,
4,5,accuracy,0.8333333333333334,6.0,tf_target_baseline_pca,sex_sanity_check,
4,5,auroc,,6.0,tf_target_baseline_pca,sex_sanity_check,
0,0,r2,0.7693707865589341,,tf_target_baseline_pca,lib_size_leakage,
0,1,r2,0.6008959376829635,,tf_target_baseline_pca,lib_size_leakage,
0,2,r2,0.7459465699859245,,tf_target_baseline_pca,lib_size_leakage,
0,3,r2,0.4784984760961123,,tf_target_baseline_pca,lib_size_leakage,
0,4,r2,0.621513202350357,,tf_target_baseline_pca,lib_size_leakage,
0,5,r2,0.6831643202639952,,tf_target_baseline_pca,lib_size_leakage,
1,0,r2,0.5709425286392454,,tf_target_baseline_pca,lib_size_leakage,
1,1,r2,0.5592193295154204,,tf_target_baseline_pca,lib_size_leakage,
1,2,r2,0.5932569987636174,,tf_target_baseline_pca,lib_size_leakage,
1,3,r2,0.7115897411815366,,tf_target_baseline_pca,lib_size_leakage,
1,4,r2,0.7227904229408212,,tf_target_baseline_pca,lib_size_leakage,
1,5,r2,0.6733912894709537,,tf_target_baseline_pca,lib_size_leakage,
2,0,r2,0.6247039071515814,,tf_target_baseline_pca,lib_size_leakage,
2,1,r2,0.7296889118751793,,tf_target_baseline_pca,lib_size_leakage,
2,2,r2,0.6831734371189346,,tf_target_baseline_pca,lib_size_leakage,
2,3,r2,0.5409960980299483,,tf_target_baseline_pca,lib_size_leakage,
2,4,r2,0.7512468688466067,,tf_target_baseline_pca,lib_size_leakage,
2,5,r2,0.7211430160797538,,tf_target_baseline_pca,lib_size_leakage,
3,0,r2,0.5587224115667999,,tf_target_baseline_pca,lib_size_leakage,
3,1,r2,0.756154079886433,,tf_target_baseline_pca,lib_size_leakage,
3,2,r2,0.642822633400866,,tf_target_baseline_pca,lib_size_leakage,
3,3,r2,0.6090661799497641,,tf_target_baseline_pca,lib_size_leakage,
3,4,r2,0.7193642014780411,,tf_target_baseline_pca,lib_size_leakage,
3,5,r2,0.5754146181965901,,tf_target_baseline_pca,lib_size_leakage,
4,0,r2,0.7113981463272763,,tf_target_baseline_pca,lib_size_leakage,
4,1,r2,0.671982311371994,,tf_target_baseline_pca,lib_size_leakage,
4,2,r2,0.7748955106997777,,tf_target_baseline_pca,lib_size_leakage,
4,3,r2,0.6159223246059642,,tf_target_baseline_pca,lib_size_leakage,
4,4,r2,0.5836810296556005,,tf_target_baseline_pca,lib_size_leakage,
4,5,r2,0.5427851079893948,,tf_target_baseline_pca,lib_size_leakage,
0,0,accuracy,0.2597402597402597,,tf_target_baseline_pca,celltype_sanity_check,77.0
0,1,accuracy,0.24675324675324675,,tf_target_baseline_pca,celltype_sanity_check,77.0
0,2,accuracy,0.3116883116883117,,tf_target_baseline_pca,celltype_sanity_check,77.0
0,3,accuracy,0.37662337662337664,,tf_target_baseline_pca,celltype_sanity_check,77.0
0,4,accuracy,0.2857142857142857,,tf_target_baseline_pca,celltype_sanity_check,77.0
0,5,accuracy,0.3157894736842105,,tf_target_baseline_pca,celltype_sanity_check,76.0
1,0,accuracy,0.2727272727272727,,tf_target_baseline_pca,celltype_sanity_check,77.0
1,1,accuracy,0.2857142857142857,,tf_target_baseline_pca,celltype_sanity_check,77.0
1,2,accuracy,0.24675324675324675,,tf_target_baseline_pca,celltype_sanity_check,77.0
1,3,accuracy,0.35064935064935066,,tf_target_baseline_pca,celltype_sanity_check,77.0
1,4,accuracy,0.35064935064935066,,tf_target_baseline_pca,celltype_sanity_check,77.0
1,5,accuracy,0.3026315789473684,,tf_target_baseline_pca,celltype_sanity_check,76.0
2,0,accuracy,0.35064935064935066,,tf_target_baseline_pca,celltype_sanity_check,77.0
2,1,accuracy,0.3116883116883117,,tf_target_baseline_pca,celltype_sanity_check,77.0
2,2,accuracy,0.35064935064935066,,tf_target_baseline_pca,celltype_sanity_check,77.0
2,3,accuracy,0.3246753246753247,,tf_target_baseline_pca,celltype_sanity_check,77.0
2,4,accuracy,0.2727272727272727,,tf_target_baseline_pca,celltype_sanity_check,77.0
2,5,accuracy,0.25,,tf_target_baseline_pca,celltype_sanity_check,76.0
3,0,accuracy,0.2987012987012987,,tf_target_baseline_pca,celltype_sanity_check,77.0
3,1,accuracy,0.33766233766233766,,tf_target_baseline_pca,celltype_sanity_check,77.0
3,2,accuracy,0.33766233766233766,,tf_target_baseline_pca,celltype_sanity_check,77.0
3,3,accuracy,0.2597402597402597,,tf_target_baseline_pca,celltype_sanity_check,77.0
3,4,accuracy,0.34210526315789475,,tf_target_baseline_pca,celltype_sanity_check,76.0
3,5,accuracy,0.3116883116883117,,tf_target_baseline_pca,celltype_sanity_check,77.0
4,0,accuracy,0.38961038961038963,,tf_target_baseline_pca,celltype_sanity_check,77.0
4,1,accuracy,0.2597402597402597,,tf_target_baseline_pca,celltype_sanity_check,77.0
4,2,accuracy,0.35064935064935066,,tf_target_baseline_pca,celltype_sanity_check,77.0
4,3,accuracy,0.2857142857142857,,tf_target_baseline_pca,celltype_sanity_check,77.0
4,4,accuracy,0.3246753246753247,,tf_target_baseline_pca,celltype_sanity_check,77.0
4,5,accuracy,0.3026315789473684,,tf_target_baseline_pca,celltype_sanity_check,76.0
0,0,accuracy,0.5,6.0,tf_target_real,disease_status,
0,0,auroc,0.6666666666666667,6.0,tf_target_real,disease_status,
0,1,accuracy,0.6666666666666666,6.0,tf_target_real,disease_status,
0,1,auroc,0.5555555555555556,6.0,tf_target_real,disease_status,
0,2,accuracy,0.5,6.0,tf_target_real,disease_status,
0,2,auroc,0.5555555555555556,6.0,tf_target_real,disease_status,
0,3,accuracy,0.6666666666666666,6.0,tf_target_real,disease_status,
0,3,auroc,0.33333333333333337,6.0,tf_target_real,disease_status,
0,4,accuracy,0.6666666666666666,6.0,tf_target_real,disease_status,
0,4,auroc,0.6666666666666667,6.0,tf_target_real,disease_status,
0,5,accuracy,0.6666666666666666,6.0,tf_target_real,disease_status,
0,5,auroc,0.7777777777777779,6.0,tf_target_real,disease_status,
1,0,accuracy,0.6666666666666666,6.0,tf_target_real,disease_status,
1,0,auroc,0.5555555555555556,6.0,tf_target_real,disease_status,
1,1,accuracy,0.3333333333333333,6.0,tf_target_real,disease_status,
1,1,auroc,0.11111111111111112,6.0,tf_target_real,disease_status,
1,2,accuracy,0.6666666666666666,6.0,tf_target_real,disease_status,
1,2,auroc,0.6666666666666667,6.0,tf_target_real,disease_status,
1,3,accuracy,0.6666666666666666,6.0,tf_target_real,disease_status,
1,3,auroc,0.888888888888889,6.0,tf_target_real,disease_status,
1,4,accuracy,0.3333333333333333,6.0,tf_target_real,disease_status,
1,4,auroc,0.33333333333333337,6.0,tf_target_real,disease_status,
1,5,accuracy,0.3333333333333333,6.0,tf_target_real,disease_status,
1,5,auroc,0.4444444444444444,6.0,tf_target_real,disease_status,
2,0,accuracy,0.5,6.0,tf_target_real,disease_status,
2,0,auroc,0.22222222222222224,6.0,tf_target_real,disease_status,
2,1,accuracy,0.5,6.0,tf_target_real,disease_status,
2,1,auroc,0.5555555555555556,6.0,tf_target_real,disease_status,
2,2,accuracy,0.5,6.0,tf_target_real,disease_status,
2,2,auroc,0.4444444444444444,6.0,tf_target_real,disease_status,
2,3,accuracy,0.5,6.0,tf_target_real,disease_status,
2,3,auroc,0.6666666666666666,6.0,tf_target_real,disease_status,
2,4,accuracy,0.6666666666666666,6.0,tf_target_real,disease_status,
2,4,auroc,0.6666666666666667,6.0,tf_target_real,disease_status,
2,5,accuracy,0.5,6.0,tf_target_real,disease_status,
2,5,auroc,0.6666666666666666,6.0,tf_target_real,disease_status,
3,0,accuracy,0.3333333333333333,6.0,tf_target_real,disease_status,
3,0,auroc,0.22222222222222224,6.0,tf_target_real,disease_status,
3,1,accuracy,0.8333333333333334,6.0,tf_target_real,disease_status,
3,1,auroc,0.888888888888889,6.0,tf_target_real,disease_status,
3,2,accuracy,0.3333333333333333,6.0,tf_target_real,disease_status,
3,2,auroc,0.5555555555555556,6.0,tf_target_real,disease_status,
3,3,accuracy,0.5,6.0,tf_target_real,disease_status,
3,3,auroc,1.0,6.0,tf_target_real,disease_status,
3,4,accuracy,0.5,6.0,tf_target_real,disease_status,
3,4,auroc,0.6666666666666667,6.0,tf_target_real,disease_status,
3,5,accuracy,0.16666666666666666,6.0,tf_target_real,disease_status,
3,5,auroc,0.0,6.0,tf_target_real,disease_status,
4,0,accuracy,0.3333333333333333,6.0,tf_target_real,disease_status,
4,0,auroc,0.4444444444444445,6.0,tf_target_real,disease_status,
4,1,accuracy,0.6666666666666666,6.0,tf_target_real,disease_status,
4,1,auroc,0.6666666666666667,6.0,tf_target_real,disease_status,
4,2,accuracy,0.6666666666666666,6.0,tf_target_real,disease_status,
4,2,auroc,0.7777777777777778,6.0,tf_target_real,disease_status,
4,3,accuracy,0.3333333333333333,6.0,tf_target_real,disease_status,
4,3,auroc,0.22222222222222224,6.0,tf_target_real,disease_status,
4,4,accuracy,0.5,6.0,tf_target_real,disease_status,
4,4,auroc,0.33333333333333337,6.0,tf_target_real,disease_status,
4,5,accuracy,0.16666666666666666,6.0,tf_target_real,disease_status,
4,5,auroc,0.3333333333333333,6.0,tf_target_real,disease_status,
0,0,accuracy,0.6666666666666666,6.0,tf_target_real,sex_sanity_check,
0,0,auroc,0.6,6.0,tf_target_real,sex_sanity_check,
0,1,accuracy,0.3333333333333333,6.0,tf_target_real,sex_sanity_check,
0,1,auroc,0.25,6.0,tf_target_real,sex_sanity_check,
0,2,accuracy,0.8333333333333334,6.0,tf_target_real,sex_sanity_check,
0,2,auroc,0.875,6.0,tf_target_real,sex_sanity_check,
0,3,accuracy,0.6666666666666666,6.0,tf_target_real,sex_sanity_check,
0,3,auroc,0.4,6.0,tf_target_real,sex_sanity_check,
0,4,accuracy,0.5,6.0,tf_target_real,sex_sanity_check,
0,4,auroc,0.7777777777777779,6.0,tf_target_real,sex_sanity_check,
0,5,accuracy,0.5,6.0,tf_target_real,sex_sanity_check,
0,5,auroc,1.0,6.0,tf_target_real,sex_sanity_check,
1,0,accuracy,0.5,6.0,tf_target_real,sex_sanity_check,
1,0,auroc,0.375,6.0,tf_target_real,sex_sanity_check,
1,1,accuracy,0.5,6.0,tf_target_real,sex_sanity_check,
1,1,auroc,0.8,6.0,tf_target_real,sex_sanity_check,
1,2,accuracy,0.6666666666666666,6.0,tf_target_real,sex_sanity_check,
1,2,auroc,0.4444444444444445,6.0,tf_target_real,sex_sanity_check,
1,3,accuracy,0.5,6.0,tf_target_real,sex_sanity_check,
1,3,auroc,0.75,6.0,tf_target_real,sex_sanity_check,
1,4,accuracy,0.8333333333333334,6.0,tf_target_real,sex_sanity_check,
1,4,auroc,1.0,6.0,tf_target_real,sex_sanity_check,
1,5,accuracy,0.5,6.0,tf_target_real,sex_sanity_check,
1,5,auroc,0.75,6.0,tf_target_real,sex_sanity_check,
2,0,accuracy,1.0,6.0,tf_target_real,sex_sanity_check,
2,0,auroc,1.0,6.0,tf_target_real,sex_sanity_check,
2,1,accuracy,0.6666666666666666,6.0,tf_target_real,sex_sanity_check,
2,1,auroc,0.7777777777777778,6.0,tf_target_real,sex_sanity_check,
2,2,accuracy,0.3333333333333333,6.0,tf_target_real,sex_sanity_check,
2,2,auroc,0.875,6.0,tf_target_real,sex_sanity_check,
2,3,accuracy,0.8333333333333334,6.0,tf_target_real,sex_sanity_check,
2,3,auroc,0.8,6.0,tf_target_real,sex_sanity_check,
2,4,accuracy,0.16666666666666666,6.0,tf_target_real,sex_sanity_check,
2,4,auroc,,6.0,tf_target_real,sex_sanity_check,
2,5,accuracy,0.5,6.0,tf_target_real,sex_sanity_check,
2,5,auroc,0.5,6.0,tf_target_real,sex_sanity_check,
3,0,accuracy,0.5,6.0,tf_target_real,sex_sanity_check,
3,0,auroc,0.6666666666666666,6.0,tf_target_real,sex_sanity_check,
3,1,accuracy,0.6666666666666666,6.0,tf_target_real,sex_sanity_check,
3,1,auroc,0.6,6.0,tf_target_real,sex_sanity_check,
3,2,accuracy,0.6666666666666666,6.0,tf_target_real,sex_sanity_check,
3,2,auroc,0.625,6.0,tf_target_real,sex_sanity_check,
3,3,accuracy,0.16666666666666666,6.0,tf_target_real,sex_sanity_check,
3,3,auroc,0.3333333333333333,6.0,tf_target_real,sex_sanity_check,
3,4,accuracy,0.8333333333333334,6.0,tf_target_real,sex_sanity_check,
3,4,auroc,1.0,6.0,tf_target_real,sex_sanity_check,
3,5,accuracy,0.5,6.0,tf_target_real,sex_sanity_check,
3,5,auroc,0.375,6.0,tf_target_real,sex_sanity_check,
4,0,accuracy,0.5,6.0,tf_target_real,sex_sanity_check,
4,0,auroc,1.0,6.0,tf_target_real,sex_sanity_check,
4,1,accuracy,0.3333333333333333,6.0,tf_target_real,sex_sanity_check,
4,1,auroc,0.375,6.0,tf_target_real,sex_sanity_check,
4,2,accuracy,0.5,6.0,tf_target_real,sex_sanity_check,
4,2,auroc,0.6666666666666666,6.0,tf_target_real,sex_sanity_check,
4,3,accuracy,0.16666666666666666,6.0,tf_target_real,sex_sanity_check,
4,3,auroc,0.0,6.0,tf_target_real,sex_sanity_check,
4,4,accuracy,0.6666666666666666,6.0,tf_target_real,sex_sanity_check,
4,4,auroc,0.6,6.0,tf_target_real,sex_sanity_check,
4,5,accuracy,0.8333333333333334,6.0,tf_target_real,sex_sanity_check,
4,5,auroc,,6.0,tf_target_real,sex_sanity_check,
0,0,r2,-1.9620788665257938,,tf_target_real,lib_size_leakage,
0,1,r2,0.31973007081911764,,tf_target_real,lib_size_leakage,
0,2,r2,-0.42725659983029884,,tf_target_real,lib_size_leakage,
0,3,r2,-0.17086290513208646,,tf_target_real,lib_size_leakage,
0,4,r2,-1.3926154871066982,,tf_target_real,lib_size_leakage,
0,5,r2,-0.09905608274725286,,tf_target_real,lib_size_leakage,
1,0,r2,0.19954567800220568,,tf_target_real,lib_size_leakage,
1,1,r2,-0.08254917181955879,,tf_target_real,lib_size_leakage,
1,2,r2,-6.069250592617148,,tf_target_real,lib_size_leakage,
1,3,r2,-0.09378313999260302,,tf_target_real,lib_size_leakage,
1,4,r2,-0.6349701047249015,,tf_target_real,lib_size_leakage,
1,5,r2,-0.2742617222251402,,tf_target_real,lib_size_leakage,
2,0,r2,-0.4068638997184977,,tf_target_real,lib_size_leakage,
2,1,r2,-0.859893631843045,,tf_target_real,lib_size_leakage,
2,2,r2,-0.56062146311305,,tf_target_real,lib_size_leakage,
2,3,r2,0.2140879496385406,,tf_target_real,lib_size_leakage,
2,4,r2,-1.3690192832693993,,tf_target_real,lib_size_leakage,
2,5,r2,-0.12512351425366508,,tf_target_real,lib_size_leakage,
3,0,r2,-1.1469873960727317,,tf_target_real,lib_size_leakage,
3,1,r2,-1.061463933450292,,tf_target_real,lib_size_leakage,
3,2,r2,-0.5787448421840471,,tf_target_real,lib_size_leakage,
3,3,r2,-0.005820070530997423,,tf_target_real,lib_size_leakage,
3,4,r2,0.03442702263413233,,tf_target_real,lib_size_leakage,
3,5,r2,-0.05903654373761791,,tf_target_real,lib_size_leakage,
4,0,r2,-0.35173185348722447,,tf_target_real,lib_size_leakage,
4,1,r2,-3.7971108220762346,,tf_target_real,lib_size_leakage,
4,2,r2,-0.64742915175303,,tf_target_real,lib_size_leakage,
4,3,r2,-0.7839468645804484,,tf_target_real,lib_size_leakage,
4,4,r2,-0.4726451840540906,,tf_target_real,lib_size_leakage,
4,5,r2,0.2559433555972165,,tf_target_real,lib_size_leakage,
0,0,accuracy,0.37662337662337664,,tf_target_real,celltype_sanity_check,77.0
0,1,accuracy,0.4025974025974026,,tf_target_real,celltype_sanity_check,77.0
0,2,accuracy,0.4155844155844156,,tf_target_real,celltype_sanity_check,77.0
0,3,accuracy,0.4935064935064935,,tf_target_real,celltype_sanity_check,77.0
0,4,accuracy,0.37662337662337664,,tf_target_real,celltype_sanity_check,77.0
0,5,accuracy,0.4605263157894737,,tf_target_real,celltype_sanity_check,76.0
1,0,accuracy,0.42857142857142855,,tf_target_real,celltype_sanity_check,77.0
1,1,accuracy,0.42857142857142855,,tf_target_real,celltype_sanity_check,77.0
1,2,accuracy,0.35064935064935066,,tf_target_real,celltype_sanity_check,77.0
1,3,accuracy,0.5064935064935064,,tf_target_real,celltype_sanity_check,77.0
1,4,accuracy,0.38961038961038963,,tf_target_real,celltype_sanity_check,77.0
1,5,accuracy,0.3815789473684211,,tf_target_real,celltype_sanity_check,76.0
2,0,accuracy,0.44155844155844154,,tf_target_real,celltype_sanity_check,77.0
2,1,accuracy,0.3246753246753247,,tf_target_real,celltype_sanity_check,77.0
2,2,accuracy,0.36363636363636365,,tf_target_real,celltype_sanity_check,77.0
2,3,accuracy,0.4675324675324675,,tf_target_real,celltype_sanity_check,77.0
2,4,accuracy,0.5064935064935064,,tf_target_real,celltype_sanity_check,77.0
2,5,accuracy,0.4342105263157895,,tf_target_real,celltype_sanity_check,76.0
3,0,accuracy,0.44155844155844154,,tf_target_real,celltype_sanity_check,77.0
3,1,accuracy,0.37662337662337664,,tf_target_real,celltype_sanity_check,77.0
3,2,accuracy,0.4025974025974026,,tf_target_real,celltype_sanity_check,77.0
3,3,accuracy,0.36363636363636365,,tf_target_real,celltype_sanity_check,77.0
3,4,accuracy,0.5,,tf_target_real,celltype_sanity_check,76.0
3,5,accuracy,0.36363636363636365,,tf_target_real,celltype_sanity_check,77.0
4,0,accuracy,0.4155844155844156,,tf_target_real,celltype_sanity_check,77.0
4,1,accuracy,0.4155844155844156,,tf_target_real,celltype_sanity_check,77.0
4,2,accuracy,0.4025974025974026,,tf_target_real,celltype_sanity_check,77.0
4,3,accuracy,0.5844155844155844,,tf_target_real,celltype_sanity_check,77.0
4,4,accuracy,0.36363636363636365,,tf_target_real,celltype_sanity_check,77.0
4,5,accuracy,0.39473684210526316,,tf_target_real,celltype_sanity_check,76.0
0,0,accuracy,0.6666666666666666,6.0,tf_target_c1_degree_preserving_seed0,disease_status,
0,0,auroc,0.888888888888889,6.0,tf_target_c1_degree_preserving_seed0,disease_status,
0,1,accuracy,0.5,6.0,tf_target_c1_degree_preserving_seed0,disease_status,
0,1,auroc,0.5555555555555556,6.0,tf_target_c1_degree_preserving_seed0,disease_status,
0,2,accuracy,0.5,6.0,tf_target_c1_degree_preserving_seed0,disease_status,
0,2,auroc,0.5555555555555556,6.0,tf_target_c1_degree_preserving_seed0,disease_status,
0,3,accuracy,0.5,6.0,tf_target_c1_degree_preserving_seed0,disease_status,
0,3,auroc,0.22222222222222224,6.0,tf_target_c1_degree_preserving_seed0,disease_status,
0,4,accuracy,0.3333333333333333,6.0,tf_target_c1_degree_preserving_seed0,disease_status,
0,4,auroc,0.33333333333333337,6.0,tf_target_c1_degree_preserving_seed0,disease_status,
0,5,accuracy,0.3333333333333333,6.0,tf_target_c1_degree_preserving_seed0,disease_status,
0,5,auroc,0.11111111111111112,6.0,tf_target_c1_degree_preserving_seed0,disease_status,
1,0,accuracy,0.5,6.0,tf_target_c1_degree_preserving_seed0,disease_status,
1,0,auroc,0.4444444444444445,6.0,tf_target_c1_degree_preserving_seed0,disease_status,
1,1,accuracy,0.0,6.0,tf_target_c1_degree_preserving_seed0,disease_status,
1,1,auroc,0.0,6.0,tf_target_c1_degree_preserving_seed0,disease_status,
1,2,accuracy,0.3333333333333333,6.0,tf_target_c1_degree_preserving_seed0,disease_status,
1,2,auroc,0.4444444444444444,6.0,tf_target_c1_degree_preserving_seed0,disease_status,
1,3,accuracy,0.5,6.0,tf_target_c1_degree_preserving_seed0,disease_status,
1,3,auroc,0.5555555555555556,6.0,tf_target_c1_degree_preserving_seed0,disease_status,
1,4,accuracy,0.5,6.0,tf_target_c1_degree_preserving_seed0,disease_status,
1,4,auroc,0.5555555555555556,6.0,tf_target_c1_degree_preserving_seed0,disease_status,
1,5,accuracy,0.5,6.0,tf_target_c1_degree_preserving_seed0,disease_status,
1,5,auroc,0.5555555555555556,6.0,tf_target_c1_degree_preserving_seed0,disease_status,
2,0,accuracy,0.0,6.0,tf_target_c1_degree_preserving_seed0,disease_status,
2,0,auroc,0.0,6.0,tf_target_c1_degree_preserving_seed0,disease_status,
2,1,accuracy,0.5,6.0,tf_target_c1_degree_preserving_seed0,disease_status,
2,1,auroc,0.22222222222222224,6.0,tf_target_c1_degree_preserving_seed0,disease_status,
2,2,accuracy,0.5,6.0,tf_target_c1_degree_preserving_seed0,disease_status,
2,2,auroc,0.7777777777777778,6.0,tf_target_c1_degree_preserving_seed0,disease_status,
2,3,accuracy,0.5,6.0,tf_target_c1_degree_preserving_seed0,disease_status,
2,3,auroc,0.6666666666666666,6.0,tf_target_c1_degree_preserving_seed0,disease_status,
2,4,accuracy,0.5,6.0,tf_target_c1_degree_preserving_seed0,disease_status,
2,4,auroc,0.4444444444444445,6.0,tf_target_c1_degree_preserving_seed0,disease_status,
2,5,accuracy,0.16666666666666666,6.0,tf_target_c1_degree_preserving_seed0,disease_status,
2,5,auroc,0.22222222222222224,6.0,tf_target_c1_degree_preserving_seed0,disease_status,
3,0,accuracy,0.5,6.0,tf_target_c1_degree_preserving_seed0,disease_status,
3,0,auroc,0.33333333333333337,6.0,tf_target_c1_degree_preserving_seed0,disease_status,
3,1,accuracy,0.5,6.0,tf_target_c1_degree_preserving_seed0,disease_status,
3,1,auroc,0.7777777777777779,6.0,tf_target_c1_degree_preserving_seed0,disease_status,
3,2,accuracy,0.6666666666666666,6.0,tf_target_c1_degree_preserving_seed0,disease_status,
3,2,auroc,0.6666666666666667,6.0,tf_target_c1_degree_preserving_seed0,disease_status,
3,3,accuracy,0.5,6.0,tf_target_c1_degree_preserving_seed0,disease_status,
3,3,auroc,0.3333333333333333,6.0,tf_target_c1_degree_preserving_seed0,disease_status,
3,4,accuracy,0.16666666666666666,6.0,tf_target_c1_degree_preserving_seed0,disease_status,
3,4,auroc,0.22222222222222224,6.0,tf_target_c1_degree_preserving_seed0,disease_status,
3,5,accuracy,0.3333333333333333,6.0,tf_target_c1_degree_preserving_seed0,disease_status,
3,5,auroc,0.11111111111111112,6.0,tf_target_c1_degree_preserving_seed0,disease_status,
4,0,accuracy,0.3333333333333333,6.0,tf_target_c1_degree_preserving_seed0,disease_status,
4,0,auroc,0.4444444444444445,6.0,tf_target_c1_degree_preserving_seed0,disease_status,
4,1,accuracy,0.3333333333333333,6.0,tf_target_c1_degree_preserving_seed0,disease_status,
4,1,auroc,0.22222222222222224,6.0,tf_target_c1_degree_preserving_seed0,disease_status,
4,2,accuracy,0.6666666666666666,6.0,tf_target_c1_degree_preserving_seed0,disease_status,
4,2,auroc,0.7777777777777778,6.0,tf_target_c1_degree_preserving_seed0,disease_status,
4,3,accuracy,0.3333333333333333,6.0,tf_target_c1_degree_preserving_seed0,disease_status,
4,3,auroc,0.3333333333333333,6.0,tf_target_c1_degree_preserving_seed0,disease_status,
4,4,accuracy,0.6666666666666666,6.0,tf_target_c1_degree_preserving_seed0,disease_status,
4,4,auroc,0.5555555555555556,6.0,tf_target_c1_degree_preserving_seed0,disease_status,
4,5,accuracy,0.3333333333333333,6.0,tf_target_c1_degree_preserving_seed0,disease_status,
4,5,auroc,0.11111111111111112,6.0,tf_target_c1_degree_preserving_seed0,disease_status,
0,0,accuracy,0.6666666666666666,6.0,tf_target_c1_degree_preserving_seed0,sex_sanity_check,
0,0,auroc,1.0,6.0,tf_target_c1_degree_preserving_seed0,sex_sanity_check,
0,1,accuracy,0.5,6.0,tf_target_c1_degree_preserving_seed0,sex_sanity_check,
0,1,auroc,0.375,6.0,tf_target_c1_degree_preserving_seed0,sex_sanity_check,
0,2,accuracy,0.8333333333333334,6.0,tf_target_c1_degree_preserving_seed0,sex_sanity_check,
0,2,auroc,1.0,6.0,tf_target_c1_degree_preserving_seed0,sex_sanity_check,
0,3,accuracy,0.6666666666666666,6.0,tf_target_c1_degree_preserving_seed0,sex_sanity_check,
0,3,auroc,0.8,6.0,tf_target_c1_degree_preserving_seed0,sex_sanity_check,
0,4,accuracy,0.6666666666666666,6.0,tf_target_c1_degree_preserving_seed0,sex_sanity_check,
0,4,auroc,0.5555555555555556,6.0,tf_target_c1_degree_preserving_seed0,sex_sanity_check,
0,5,accuracy,0.5,6.0,tf_target_c1_degree_preserving_seed0,sex_sanity_check,
0,5,auroc,0.7777777777777778,6.0,tf_target_c1_degree_preserving_seed0,sex_sanity_check,
1,0,accuracy,0.5,6.0,tf_target_c1_degree_preserving_seed0,sex_sanity_check,
1,0,auroc,0.5,6.0,tf_target_c1_degree_preserving_seed0,sex_sanity_check,
1,1,accuracy,0.5,6.0,tf_target_c1_degree_preserving_seed0,sex_sanity_check,
1,1,auroc,0.8,6.0,tf_target_c1_degree_preserving_seed0,sex_sanity_check,
1,2,accuracy,0.6666666666666666,6.0,tf_target_c1_degree_preserving_seed0,sex_sanity_check,
1,2,auroc,0.7777777777777778,6.0,tf_target_c1_degree_preserving_seed0,sex_sanity_check,
1,3,accuracy,0.6666666666666666,6.0,tf_target_c1_degree_preserving_seed0,sex_sanity_check,
1,3,auroc,0.875,6.0,tf_target_c1_degree_preserving_seed0,sex_sanity_check,
1,4,accuracy,1.0,6.0,tf_target_c1_degree_preserving_seed0,sex_sanity_check,
1,4,auroc,1.0,6.0,tf_target_c1_degree_preserving_seed0,sex_sanity_check,
1,5,accuracy,0.5,6.0,tf_target_c1_degree_preserving_seed0,sex_sanity_check,
1,5,auroc,0.75,6.0,tf_target_c1_degree_preserving_seed0,sex_sanity_check,
2,0,accuracy,1.0,6.0,tf_target_c1_degree_preserving_seed0,sex_sanity_check,
2,0,auroc,1.0,6.0,tf_target_c1_degree_preserving_seed0,sex_sanity_check,
2,1,accuracy,0.8333333333333334,6.0,tf_target_c1_degree_preserving_seed0,sex_sanity_check,
2,1,auroc,1.0,6.0,tf_target_c1_degree_preserving_seed0,sex_sanity_check,
2,2,accuracy,0.6666666666666666,6.0,tf_target_c1_degree_preserving_seed0,sex_sanity_check,
2,2,auroc,0.75,6.0,tf_target_c1_degree_preserving_seed0,sex_sanity_check,
2,3,accuracy,0.6666666666666666,6.0,tf_target_c1_degree_preserving_seed0,sex_sanity_check,
2,3,auroc,0.8,6.0,tf_target_c1_degree_preserving_seed0,sex_sanity_check,
2,4,accuracy,0.16666666666666666,6.0,tf_target_c1_degree_preserving_seed0,sex_sanity_check,
2,4,auroc,,6.0,tf_target_c1_degree_preserving_seed0,sex_sanity_check,
2,5,accuracy,0.8333333333333334,6.0,tf_target_c1_degree_preserving_seed0,sex_sanity_check,
2,5,auroc,0.875,6.0,tf_target_c1_degree_preserving_seed0,sex_sanity_check,
3,0,accuracy,0.8333333333333334,6.0,tf_target_c1_degree_preserving_seed0,sex_sanity_check,
3,0,auroc,0.7777777777777778,6.0,tf_target_c1_degree_preserving_seed0,sex_sanity_check,
3,1,accuracy,0.8333333333333334,6.0,tf_target_c1_degree_preserving_seed0,sex_sanity_check,
3,1,auroc,1.0,6.0,tf_target_c1_degree_preserving_seed0,sex_sanity_check,
3,2,accuracy,0.8333333333333334,6.0,tf_target_c1_degree_preserving_seed0,sex_sanity_check,
3,2,auroc,0.625,6.0,tf_target_c1_degree_preserving_seed0,sex_sanity_check,
3,3,accuracy,0.3333333333333333,6.0,tf_target_c1_degree_preserving_seed0,sex_sanity_check,
3,3,auroc,0.33333333333333337,6.0,tf_target_c1_degree_preserving_seed0,sex_sanity_check,
3,4,accuracy,1.0,6.0,tf_target_c1_degree_preserving_seed0,sex_sanity_check,
3,4,auroc,1.0,6.0,tf_target_c1_degree_preserving_seed0,sex_sanity_check,
3,5,accuracy,0.6666666666666666,6.0,tf_target_c1_degree_preserving_seed0,sex_sanity_check,
3,5,auroc,0.625,6.0,tf_target_c1_degree_preserving_seed0,sex_sanity_check,
4,0,accuracy,0.6666666666666666,6.0,tf_target_c1_degree_preserving_seed0,sex_sanity_check,
4,0,auroc,1.0,6.0,tf_target_c1_degree_preserving_seed0,sex_sanity_check,
4,1,accuracy,0.6666666666666666,6.0,tf_target_c1_degree_preserving_seed0,sex_sanity_check,
4,1,auroc,0.875,6.0,tf_target_c1_degree_preserving_seed0,sex_sanity_check,
4,2,accuracy,0.6666666666666666,6.0,tf_target_c1_degree_preserving_seed0,sex_sanity_check,
4,2,auroc,0.7777777777777778,6.0,tf_target_c1_degree_preserving_seed0,sex_sanity_check,
4,3,accuracy,0.16666666666666666,6.0,tf_target_c1_degree_preserving_seed0,sex_sanity_check,
4,3,auroc,0.11111111111111112,6.0,tf_target_c1_degree_preserving_seed0,sex_sanity_check,
4,4,accuracy,0.8333333333333334,6.0,tf_target_c1_degree_preserving_seed0,sex_sanity_check,
4,4,auroc,1.0,6.0,tf_target_c1_degree_preserving_seed0,sex_sanity_check,
4,5,accuracy,0.8333333333333334,6.0,tf_target_c1_degree_preserving_seed0,sex_sanity_check,
4,5,auroc,,6.0,tf_target_c1_degree_preserving_seed0,sex_sanity_check,
0,0,r2,-1.961867963495711,,tf_target_c1_degree_preserving_seed0,lib_size_leakage,
0,1,r2,-0.13419225740602614,,tf_target_c1_degree_preserving_seed0,lib_size_leakage,
0,2,r2,-0.6501236871396947,,tf_target_c1_degree_preserving_seed0,lib_size_leakage,
0,3,r2,-0.9832258665043239,,tf_target_c1_degree_preserving_seed0,lib_size_leakage,
0,4,r2,-2.345388483205577,,tf_target_c1_degree_preserving_seed0,lib_size_leakage,
0,5,r2,-0.35734009537450406,,tf_target_c1_degree_preserving_seed0,lib_size_leakage,
1,0,r2,-0.11944235964128747,,tf_target_c1_degree_preserving_seed0,lib_size_leakage,
1,1,r2,-1.2866112005099328,,tf_target_c1_degree_preserving_seed0,lib_size_leakage,
1,2,r2,-6.482895643659384,,tf_target_c1_degree_preserving_seed0,lib_size_leakage,
1,3,r2,-0.5707295115456226,,tf_target_c1_degree_preserving_seed0,lib_size_leakage,
1,4,r2,-1.200985537696857,,tf_target_c1_degree_preserving_seed0,lib_size_leakage,
1,5,r2,-0.5288067711483213,,tf_target_c1_degree_preserving_seed0,lib_size_leakage,
2,0,r2,-1.148925478759895,,tf_target_c1_degree_preserving_seed0,lib_size_leakage,
2,1,r2,-2.096655219043967,,tf_target_c1_degree_preserving_seed0,lib_size_leakage,
2,2,r2,-0.7031511117753975,,tf_target_c1_degree_preserving_seed0,lib_size_leakage,
2,3,r2,0.11596013086839396,,tf_target_c1_degree_preserving_seed0,lib_size_leakage,
2,4,r2,-3.6275666764153858,,tf_target_c1_degree_preserving_seed0,lib_size_leakage,
2,5,r2,-0.856296515007438,,tf_target_c1_degree_preserving_seed0,lib_size_leakage,
3,0,r2,-3.2289915665528746,,tf_target_c1_degree_preserving_seed0,lib_size_leakage,
3,1,r2,-0.9966487296251643,,tf_target_c1_degree_preserving_seed0,lib_size_leakage,
3,2,r2,-0.4356209578594634,,tf_target_c1_degree_preserving_seed0,lib_size_leakage,
3,3,r2,-0.4258691028115442,,tf_target_c1_degree_preserving_seed0,lib_size_leakage,
3,4,r2,0.03416120280735546,,tf_target_c1_degree_preserving_seed0,lib_size_leakage,
3,5,r2,-0.7138153932467943,,tf_target_c1_degree_preserving_seed0,lib_size_leakage,
4,0,r2,-0.7060591886393965,,tf_target_c1_degree_preserving_seed0,lib_size_leakage,
4,1,r2,-5.5116895860786235,,tf_target_c1_degree_preserving_seed0,lib_size_leakage,
4,2,r2,-0.32555773134169064,,tf_target_c1_degree_preserving_seed0,lib_size_leakage,
4,3,r2,-1.01945859694789,,tf_target_c1_degree_preserving_seed0,lib_size_leakage,
4,4,r2,-0.9088909072806386,,tf_target_c1_degree_preserving_seed0,lib_size_leakage,
4,5,r2,-0.09512767647776199,,tf_target_c1_degree_preserving_seed0,lib_size_leakage,
0,0,accuracy,0.37662337662337664,,tf_target_c1_degree_preserving_seed0,celltype_sanity_check,77.0
0,1,accuracy,0.3246753246753247,,tf_target_c1_degree_preserving_seed0,celltype_sanity_check,77.0
0,2,accuracy,0.35064935064935066,,tf_target_c1_degree_preserving_seed0,celltype_sanity_check,77.0
0,3,accuracy,0.33766233766233766,,tf_target_c1_degree_preserving_seed0,celltype_sanity_check,77.0
0,4,accuracy,0.45454545454545453,,tf_target_c1_degree_preserving_seed0,celltype_sanity_check,77.0
0,5,accuracy,0.35526315789473684,,tf_target_c1_degree_preserving_seed0,celltype_sanity_check,76.0
1,0,accuracy,0.36363636363636365,,tf_target_c1_degree_preserving_seed0,celltype_sanity_check,77.0
1,1,accuracy,0.35064935064935066,,tf_target_c1_degree_preserving_seed0,celltype_sanity_check,77.0
1,2,accuracy,0.3116883116883117,,tf_target_c1_degree_preserving_seed0,celltype_sanity_check,77.0
1,3,accuracy,0.44155844155844154,,tf_target_c1_degree_preserving_seed0,celltype_sanity_check,77.0
1,4,accuracy,0.4155844155844156,,tf_target_c1_degree_preserving_seed0,celltype_sanity_check,77.0
1,5,accuracy,0.35526315789473684,,tf_target_c1_degree_preserving_seed0,celltype_sanity_check,76.0
2,0,accuracy,0.37662337662337664,,tf_target_c1_degree_preserving_seed0,celltype_sanity_check,77.0
2,1,accuracy,0.36363636363636365,,tf_target_c1_degree_preserving_seed0,celltype_sanity_check,77.0
2,2,accuracy,0.2987012987012987,,tf_target_c1_degree_preserving_seed0,celltype_sanity_check,77.0
2,3,accuracy,0.38961038961038963,,tf_target_c1_degree_preserving_seed0,celltype_sanity_check,77.0
2,4,accuracy,0.42857142857142855,,tf_target_c1_degree_preserving_seed0,celltype_sanity_check,77.0
2,5,accuracy,0.40789473684210525,,tf_target_c1_degree_preserving_seed0,celltype_sanity_check,76.0
3,0,accuracy,0.38961038961038963,,tf_target_c1_degree_preserving_seed0,celltype_sanity_check,77.0
3,1,accuracy,0.4155844155844156,,tf_target_c1_degree_preserving_seed0,celltype_sanity_check,77.0
3,2,accuracy,0.3116883116883117,,tf_target_c1_degree_preserving_seed0,celltype_sanity_check,77.0
3,3,accuracy,0.4155844155844156,,tf_target_c1_degree_preserving_seed0,celltype_sanity_check,77.0
3,4,accuracy,0.39473684210526316,,tf_target_c1_degree_preserving_seed0,celltype_sanity_check,76.0
3,5,accuracy,0.2987012987012987,,tf_target_c1_degree_preserving_seed0,celltype_sanity_check,77.0
4,0,accuracy,0.38961038961038963,,tf_target_c1_degree_preserving_seed0,celltype_sanity_check,77.0
4,1,accuracy,0.45454545454545453,,tf_target_c1_degree_preserving_seed0,celltype_sanity_check,77.0
4,2,accuracy,0.37662337662337664,,tf_target_c1_degree_preserving_seed0,celltype_sanity_check,77.0
4,3,accuracy,0.4155844155844156,,tf_target_c1_degree_preserving_seed0,celltype_sanity_check,77.0
4,4,accuracy,0.3116883116883117,,tf_target_c1_degree_preserving_seed0,celltype_sanity_check,77.0
4,5,accuracy,0.25,,tf_target_c1_degree_preserving_seed0,celltype_sanity_check,76.0
0,0,accuracy,0.8333333333333334,6.0,tf_target_c2_fully_random_seed0,disease_status,
0,0,auroc,0.888888888888889,6.0,tf_target_c2_fully_random_seed0,disease_status,
0,1,accuracy,0.5,6.0,tf_target_c2_fully_random_seed0,disease_status,
0,1,auroc,0.4444444444444445,6.0,tf_target_c2_fully_random_seed0,disease_status,
0,2,accuracy,0.3333333333333333,6.0,tf_target_c2_fully_random_seed0,disease_status,
0,2,auroc,0.3333333333333333,6.0,tf_target_c2_fully_random_seed0,disease_status,
0,3,accuracy,0.3333333333333333,6.0,tf_target_c2_fully_random_seed0,disease_status,
0,3,auroc,0.22222222222222224,6.0,tf_target_c2_fully_random_seed0,disease_status,
0,4,accuracy,0.5,6.0,tf_target_c2_fully_random_seed0,disease_status,
0,4,auroc,0.6666666666666667,6.0,tf_target_c2_fully_random_seed0,disease_status,
0,5,accuracy,0.6666666666666666,6.0,tf_target_c2_fully_random_seed0,disease_status,
0,5,auroc,0.7777777777777779,6.0,tf_target_c2_fully_random_seed0,disease_status,
1,0,accuracy,0.5,6.0,tf_target_c2_fully_random_seed0,disease_status,
1,0,auroc,0.4444444444444445,6.0,tf_target_c2_fully_random_seed0,disease_status,
1,1,accuracy,0.16666666666666666,6.0,tf_target_c2_fully_random_seed0,disease_status,
1,1,auroc,0.0,6.0,tf_target_c2_fully_random_seed0,disease_status,
1,2,accuracy,0.5,6.0,tf_target_c2_fully_random_seed0,disease_status,
1,2,auroc,0.5555555555555556,6.0,tf_target_c2_fully_random_seed0,disease_status,
1,3,accuracy,0.3333333333333333,6.0,tf_target_c2_fully_random_seed0,disease_status,
1,3,auroc,0.4444444444444444,6.0,tf_target_c2_fully_random_seed0,disease_status,
1,4,accuracy,0.8333333333333334,6.0,tf_target_c2_fully_random_seed0,disease_status,
1,4,auroc,0.888888888888889,6.0,tf_target_c2_fully_random_seed0,disease_status,
1,5,accuracy,0.3333333333333333,6.0,tf_target_c2_fully_random_seed0,disease_status,
1,5,auroc,0.3333333333333333,6.0,tf_target_c2_fully_random_seed0,disease_status,
2,0,accuracy,0.5,6.0,tf_target_c2_fully_random_seed0,disease_status,
2,0,auroc,0.22222222222222224,6.0,tf_target_c2_fully_random_seed0,disease_status,
2,1,accuracy,0.5,6.0,tf_target_c2_fully_random_seed0,disease_status,
2,1,auroc,0.6666666666666667,6.0,tf_target_c2_fully_random_seed0,disease_status,
2,2,accuracy,0.5,6.0,tf_target_c2_fully_random_seed0,disease_status,
2,2,auroc,0.5555555555555556,6.0,tf_target_c2_fully_random_seed0,disease_status,
2,3,accuracy,0.6666666666666666,6.0,tf_target_c2_fully_random_seed0,disease_status,
2,3,auroc,0.6666666666666667,6.0,tf_target_c2_fully_random_seed0,disease_status,
2,4,accuracy,0.3333333333333333,6.0,tf_target_c2_fully_random_seed0,disease_status,
2,4,auroc,0.22222222222222224,6.0,tf_target_c2_fully_random_seed0,disease_status,
2,5,accuracy,0.6666666666666666,6.0,tf_target_c2_fully_random_seed0,disease_status,
2,5,auroc,0.888888888888889,6.0,tf_target_c2_fully_random_seed0,disease_status,
3,0,accuracy,0.3333333333333333,6.0,tf_target_c2_fully_random_seed0,disease_status,
3,0,auroc,0.22222222222222224,6.0,tf_target_c2_fully_random_seed0,disease_status,
3,1,accuracy,1.0,6.0,tf_target_c2_fully_random_seed0,disease_status,
3,1,auroc,1.0,6.0,tf_target_c2_fully_random_seed0,disease_status,
3,2,accuracy,0.5,6.0,tf_target_c2_fully_random_seed0,disease_status,
3,2,auroc,0.22222222222222224,6.0,tf_target_c2_fully_random_seed0,disease_status,
3,3,accuracy,0.6666666666666666,6.0,tf_target_c2_fully_random_seed0,disease_status,
3,3,auroc,0.7777777777777778,6.0,tf_target_c2_fully_random_seed0,disease_status,
3,4,accuracy,0.5,6.0,tf_target_c2_fully_random_seed0,disease_status,
3,4,auroc,0.5555555555555556,6.0,tf_target_c2_fully_random_seed0,disease_status,
3,5,accuracy,0.16666666666666666,6.0,tf_target_c2_fully_random_seed0,disease_status,
3,5,auroc,0.11111111111111112,6.0,tf_target_c2_fully_random_seed0,disease_status,
4,0,accuracy,0.3333333333333333,6.0,tf_target_c2_fully_random_seed0,disease_status,
4,0,auroc,0.4444444444444445,6.0,tf_target_c2_fully_random_seed0,disease_status,
4,1,accuracy,0.6666666666666666,6.0,tf_target_c2_fully_random_seed0,disease_status,
4,1,auroc,0.6666666666666667,6.0,tf_target_c2_fully_random_seed0,disease_status,
4,2,accuracy,0.6666666666666666,6.0,tf_target_c2_fully_random_seed0,disease_status,
4,2,auroc,0.7777777777777779,6.0,tf_target_c2_fully_random_seed0,disease_status,
4,3,accuracy,0.5,6.0,tf_target_c2_fully_random_seed0,disease_status,
4,3,auroc,0.4444444444444444,6.0,tf_target_c2_fully_random_seed0,disease_status,
4,4,accuracy,0.5,6.0,tf_target_c2_fully_random_seed0,disease_status,
4,4,auroc,0.4444444444444444,6.0,tf_target_c2_fully_random_seed0,disease_status,
4,5,accuracy,0.3333333333333333,6.0,tf_target_c2_fully_random_seed0,disease_status,
4,5,auroc,0.33333333333333337,6.0,tf_target_c2_fully_random_seed0,disease_status,
0,0,accuracy,0.8333333333333334,6.0,tf_target_c2_fully_random_seed0,sex_sanity_check,
0,0,auroc,0.8,6.0,tf_target_c2_fully_random_seed0,sex_sanity_check,
0,1,accuracy,0.16666666666666666,6.0,tf_target_c2_fully_random_seed0,sex_sanity_check,
0,1,auroc,0.375,6.0,tf_target_c2_fully_random_seed0,sex_sanity_check,
0,2,accuracy,0.6666666666666666,6.0,tf_target_c2_fully_random_seed0,sex_sanity_check,
0,2,auroc,0.75,6.0,tf_target_c2_fully_random_seed0,sex_sanity_check,
0,3,accuracy,0.8333333333333334,6.0,tf_target_c2_fully_random_seed0,sex_sanity_check,
0,3,auroc,0.4,6.0,tf_target_c2_fully_random_seed0,sex_sanity_check,
0,4,accuracy,0.3333333333333333,6.0,tf_target_c2_fully_random_seed0,sex_sanity_check,
0,4,auroc,0.5555555555555556,6.0,tf_target_c2_fully_random_seed0,sex_sanity_check,
0,5,accuracy,0.5,6.0,tf_target_c2_fully_random_seed0,sex_sanity_check,
0,5,auroc,0.888888888888889,6.0,tf_target_c2_fully_random_seed0,sex_sanity_check,
1,0,accuracy,0.5,6.0,tf_target_c2_fully_random_seed0,sex_sanity_check,
1,0,auroc,0.25,6.0,tf_target_c2_fully_random_seed0,sex_sanity_check,
1,1,accuracy,0.5,6.0,tf_target_c2_fully_random_seed0,sex_sanity_check,
1,1,auroc,1.0,6.0,tf_target_c2_fully_random_seed0,sex_sanity_check,
1,2,accuracy,0.5,6.0,tf_target_c2_fully_random_seed0,sex_sanity_check,
1,2,auroc,0.22222222222222224,6.0,tf_target_c2_fully_random_seed0,sex_sanity_check,
1,3,accuracy,0.6666666666666666,6.0,tf_target_c2_fully_random_seed0,sex_sanity_check,
1,3,auroc,0.75,6.0,tf_target_c2_fully_random_seed0,sex_sanity_check,
1,4,accuracy,0.6666666666666666,6.0,tf_target_c2_fully_random_seed0,sex_sanity_check,
1,4,auroc,1.0,6.0,tf_target_c2_fully_random_seed0,sex_sanity_check,
1,5,accuracy,0.6666666666666666,6.0,tf_target_c2_fully_random_seed0,sex_sanity_check,
1,5,auroc,0.875,6.0,tf_target_c2_fully_random_seed0,sex_sanity_check,
2,0,accuracy,0.6666666666666666,6.0,tf_target_c2_fully_random_seed0,sex_sanity_check,
2,0,auroc,0.75,6.0,tf_target_c2_fully_random_seed0,sex_sanity_check,
2,1,accuracy,0.6666666666666666,6.0,tf_target_c2_fully_random_seed0,sex_sanity_check,
2,1,auroc,1.0,6.0,tf_target_c2_fully_random_seed0,sex_sanity_check,
2,2,accuracy,0.5,6.0,tf_target_c2_fully_random_seed0,sex_sanity_check,
2,2,auroc,0.625,6.0,tf_target_c2_fully_random_seed0,sex_sanity_check,
2,3,accuracy,0.5,6.0,tf_target_c2_fully_random_seed0,sex_sanity_check,
2,3,auroc,0.6,6.0,tf_target_c2_fully_random_seed0,sex_sanity_check,
2,4,accuracy,0.3333333333333333,6.0,tf_target_c2_fully_random_seed0,sex_sanity_check,
2,4,auroc,,6.0,tf_target_c2_fully_random_seed0,sex_sanity_check,
2,5,accuracy,0.5,6.0,tf_target_c2_fully_random_seed0,sex_sanity_check,
2,5,auroc,0.5,6.0,tf_target_c2_fully_random_seed0,sex_sanity_check,
3,0,accuracy,0.5,6.0,tf_target_c2_fully_random_seed0,sex_sanity_check,
3,0,auroc,0.7777777777777778,6.0,tf_target_c2_fully_random_seed0,sex_sanity_check,
3,1,accuracy,0.6666666666666666,6.0,tf_target_c2_fully_random_seed0,sex_sanity_check,
3,1,auroc,0.8,6.0,tf_target_c2_fully_random_seed0,sex_sanity_check,
3,2,accuracy,0.5,6.0,tf_target_c2_fully_random_seed0,sex_sanity_check,
3,2,auroc,0.5,6.0,tf_target_c2_fully_random_seed0,sex_sanity_check,
3,3,accuracy,0.3333333333333333,6.0,tf_target_c2_fully_random_seed0,sex_sanity_check,
3,3,auroc,0.11111111111111112,6.0,tf_target_c2_fully_random_seed0,sex_sanity_check,
3,4,accuracy,0.6666666666666666,6.0,tf_target_c2_fully_random_seed0,sex_sanity_check,
3,4,auroc,0.6,6.0,tf_target_c2_fully_random_seed0,sex_sanity_check,
3,5,accuracy,0.8333333333333334,6.0,tf_target_c2_fully_random_seed0,sex_sanity_check,
3,5,auroc,0.625,6.0,tf_target_c2_fully_random_seed0,sex_sanity_check,
4,0,accuracy,0.6666666666666666,6.0,tf_target_c2_fully_random_seed0,sex_sanity_check,
4,0,auroc,1.0,6.0,tf_target_c2_fully_random_seed0,sex_sanity_check,
4,1,accuracy,0.16666666666666666,6.0,tf_target_c2_fully_random_seed0,sex_sanity_check,
4,1,auroc,0.25,6.0,tf_target_c2_fully_random_seed0,sex_sanity_check,
4,2,accuracy,0.6666666666666666,6.0,tf_target_c2_fully_random_seed0,sex_sanity_check,
4,2,auroc,0.5555555555555556,6.0,tf_target_c2_fully_random_seed0,sex_sanity_check,
4,3,accuracy,0.3333333333333333,6.0,tf_target_c2_fully_random_seed0,sex_sanity_check,
4,3,auroc,0.0,6.0,tf_target_c2_fully_random_seed0,sex_sanity_check,
4,4,accuracy,0.8333333333333334,6.0,tf_target_c2_fully_random_seed0,sex_sanity_check,
4,4,auroc,0.6,6.0,tf_target_c2_fully_random_seed0,sex_sanity_check,
4,5,accuracy,0.8333333333333334,6.0,tf_target_c2_fully_random_seed0,sex_sanity_check,
4,5,auroc,,6.0,tf_target_c2_fully_random_seed0,sex_sanity_check,
0,0,r2,-2.9832054408324113,,tf_target_c2_fully_random_seed0,lib_size_leakage,
0,1,r2,-0.4091814560423106,,tf_target_c2_fully_random_seed0,lib_size_leakage,
0,2,r2,-2.201986401498011,,tf_target_c2_fully_random_seed0,lib_size_leakage,
0,3,r2,-1.2202771759282451,,tf_target_c2_fully_random_seed0,lib_size_leakage,
0,4,r2,-3.843268739877569,,tf_target_c2_fully_random_seed0,lib_size_leakage,
0,5,r2,-1.5863193967168696,,tf_target_c2_fully_random_seed0,lib_size_leakage,
1,0,r2,-0.5244464827970503,,tf_target_c2_fully_random_seed0,lib_size_leakage,
1,1,r2,-3.6049267326945396,,tf_target_c2_fully_random_seed0,lib_size_leakage,
1,2,r2,-13.225278158701979,,tf_target_c2_fully_random_seed0,lib_size_leakage,
1,3,r2,-1.5946399347233413,,tf_target_c2_fully_random_seed0,lib_size_leakage,
1,4,r2,-1.641127690723256,,tf_target_c2_fully_random_seed0,lib_size_leakage,
1,5,r2,-1.1290848515859904,,tf_target_c2_fully_random_seed0,lib_size_leakage,
2,0,r2,-3.08625075966036,,tf_target_c2_fully_random_seed0,lib_size_leakage,
2,1,r2,-4.5319768966175475,,tf_target_c2_fully_random_seed0,lib_size_leakage,
2,2,r2,-0.6341258922708901,,tf_target_c2_fully_random_seed0,lib_size_leakage,
2,3,r2,-0.8476021050617863,,tf_target_c2_fully_random_seed0,lib_size_leakage,
2,4,r2,-3.308043788660375,,tf_target_c2_fully_random_seed0,lib_size_leakage,
2,5,r2,-1.5542981543960366,,tf_target_c2_fully_random_seed0,lib_size_leakage,
3,0,r2,-10.313445239523496,,tf_target_c2_fully_random_seed0,lib_size_leakage,
3,1,r2,-1.5210216398761869,,tf_target_c2_fully_random_seed0,lib_size_leakage,
3,2,r2,-2.209534586854567,,tf_target_c2_fully_random_seed0,lib_size_leakage,
3,3,r2,-0.8844234733405658,,tf_target_c2_fully_random_seed0,lib_size_leakage,
3,4,r2,-1.1513075398764605,,tf_target_c2_fully_random_seed0,lib_size_leakage,
3,5,r2,-1.3098184266707307,,tf_target_c2_fully_random_seed0,lib_size_leakage,
4,0,r2,-2.421678842511554,,tf_target_c2_fully_random_seed0,lib_size_leakage,
4,1,r2,-8.8910515473608,,tf_target_c2_fully_random_seed0,lib_size_leakage,
4,2,r2,-0.8147111526889161,,tf_target_c2_fully_random_seed0,lib_size_leakage,
4,3,r2,-1.6845676746215434,,tf_target_c2_fully_random_seed0,lib_size_leakage,
4,4,r2,-0.9927367495011361,,tf_target_c2_fully_random_seed0,lib_size_leakage,
4,5,r2,-0.8230772499866668,,tf_target_c2_fully_random_seed0,lib_size_leakage,
0,0,accuracy,0.2857142857142857,,tf_target_c2_fully_random_seed0,celltype_sanity_check,77.0
0,1,accuracy,0.3116883116883117,,tf_target_c2_fully_random_seed0,celltype_sanity_check,77.0
0,2,accuracy,0.37662337662337664,,tf_target_c2_fully_random_seed0,celltype_sanity_check,77.0
0,3,accuracy,0.35064935064935066,,tf_target_c2_fully_random_seed0,celltype_sanity_check,77.0
0,4,accuracy,0.2597402597402597,,tf_target_c2_fully_random_seed0,celltype_sanity_check,77.0
0,5,accuracy,0.27631578947368424,,tf_target_c2_fully_random_seed0,celltype_sanity_check,76.0
1,0,accuracy,0.2597402597402597,,tf_target_c2_fully_random_seed0,celltype_sanity_check,77.0
1,1,accuracy,0.3116883116883117,,tf_target_c2_fully_random_seed0,celltype_sanity_check,77.0
1,2,accuracy,0.2077922077922078,,tf_target_c2_fully_random_seed0,celltype_sanity_check,77.0
1,3,accuracy,0.2987012987012987,,tf_target_c2_fully_random_seed0,celltype_sanity_check,77.0
1,4,accuracy,0.3116883116883117,,tf_target_c2_fully_random_seed0,celltype_sanity_check,77.0
1,5,accuracy,0.34210526315789475,,tf_target_c2_fully_random_seed0,celltype_sanity_check,76.0
2,0,accuracy,0.3116883116883117,,tf_target_c2_fully_random_seed0,celltype_sanity_check,77.0
2,1,accuracy,0.2857142857142857,,tf_target_c2_fully_random_seed0,celltype_sanity_check,77.0
2,2,accuracy,0.2857142857142857,,tf_target_c2_fully_random_seed0,celltype_sanity_check,77.0
2,3,accuracy,0.2857142857142857,,tf_target_c2_fully_random_seed0,celltype_sanity_check,77.0
2,4,accuracy,0.3246753246753247,,tf_target_c2_fully_random_seed0,celltype_sanity_check,77.0
2,5,accuracy,0.23684210526315788,,tf_target_c2_fully_random_seed0,celltype_sanity_check,76.0
3,0,accuracy,0.3246753246753247,,tf_target_c2_fully_random_seed0,celltype_sanity_check,77.0
3,1,accuracy,0.24675324675324675,,tf_target_c2_fully_random_seed0,celltype_sanity_check,77.0
3,2,accuracy,0.2727272727272727,,tf_target_c2_fully_random_seed0,celltype_sanity_check,77.0
3,3,accuracy,0.3116883116883117,,tf_target_c2_fully_random_seed0,celltype_sanity_check,77.0
3,4,accuracy,0.3026315789473684,,tf_target_c2_fully_random_seed0,celltype_sanity_check,76.0
3,5,accuracy,0.2987012987012987,,tf_target_c2_fully_random_seed0,celltype_sanity_check,77.0
4,0,accuracy,0.24675324675324675,,tf_target_c2_fully_random_seed0,celltype_sanity_check,77.0
4,1,accuracy,0.2727272727272727,,tf_target_c2_fully_random_seed0,celltype_sanity_check,77.0
4,2,accuracy,0.2597402597402597,,tf_target_c2_fully_random_seed0,celltype_sanity_check,77.0
4,3,accuracy,0.36363636363636365,,tf_target_c2_fully_random_seed0,celltype_sanity_check,77.0
4,4,accuracy,0.35064935064935066,,tf_target_c2_fully_random_seed0,celltype_sanity_check,77.0
4,5,accuracy,0.18421052631578946,,tf_target_c2_fully_random_seed0,celltype_sanity_check,76.0
0,0,accuracy,0.5,6.0,tf_target_c1_degree_preserving_seed1,disease_status,
0,0,auroc,0.5555555555555556,6.0,tf_target_c1_degree_preserving_seed1,disease_status,
0,1,accuracy,1.0,6.0,tf_target_c1_degree_preserving_seed1,disease_status,
0,1,auroc,1.0,6.0,tf_target_c1_degree_preserving_seed1,disease_status,
0,2,accuracy,0.5,6.0,tf_target_c1_degree_preserving_seed1,disease_status,
0,2,auroc,0.5555555555555556,6.0,tf_target_c1_degree_preserving_seed1,disease_status,
0,3,accuracy,0.5,6.0,tf_target_c1_degree_preserving_seed1,disease_status,
0,3,auroc,0.5555555555555556,6.0,tf_target_c1_degree_preserving_seed1,disease_status,
0,4,accuracy,1.0,6.0,tf_target_c1_degree_preserving_seed1,disease_status,
0,4,auroc,1.0,6.0,tf_target_c1_degree_preserving_seed1,disease_status,
0,5,accuracy,0.8333333333333334,6.0,tf_target_c1_degree_preserving_seed1,disease_status,
0,5,auroc,0.7777777777777779,6.0,tf_target_c1_degree_preserving_seed1,disease_status,
1,0,accuracy,0.5,6.0,tf_target_c1_degree_preserving_seed1,disease_status,
1,0,auroc,0.6666666666666666,6.0,tf_target_c1_degree_preserving_seed1,disease_status,
1,1,accuracy,0.3333333333333333,6.0,tf_target_c1_degree_preserving_seed1,disease_status,
1,1,auroc,0.5555555555555556,6.0,tf_target_c1_degree_preserving_seed1,disease_status,
1,2,accuracy,0.8333333333333334,6.0,tf_target_c1_degree_preserving_seed1,disease_status,
1,2,auroc,0.7777777777777779,6.0,tf_target_c1_degree_preserving_seed1,disease_status,
1,3,accuracy,0.5,6.0,tf_target_c1_degree_preserving_seed1,disease_status,
1,3,auroc,0.5555555555555556,6.0,tf_target_c1_degree_preserving_seed1,disease_status,
1,4,accuracy,0.6666666666666666,6.0,tf_target_c1_degree_preserving_seed1,disease_status,
1,4,auroc,0.5555555555555556,6.0,tf_target_c1_degree_preserving_seed1,disease_status,
1,5,accuracy,0.5,6.0,tf_target_c1_degree_preserving_seed1,disease_status,
1,5,auroc,0.6666666666666667,6.0,tf_target_c1_degree_preserving_seed1,disease_status,
2,0,accuracy,0.8333333333333334,6.0,tf_target_c1_degree_preserving_seed1,disease_status,
2,0,auroc,0.6666666666666667,6.0,tf_target_c1_degree_preserving_seed1,disease_status,
2,1,accuracy,0.6666666666666666,6.0,tf_target_c1_degree_preserving_seed1,disease_status,
2,1,auroc,0.7777777777777779,6.0,tf_target_c1_degree_preserving_seed1,disease_status,
2,2,accuracy,0.5,6.0,tf_target_c1_degree_preserving_seed1,disease_status,
2,2,auroc,0.5555555555555556,6.0,tf_target_c1_degree_preserving_seed1,disease_status,
2,3,accuracy,0.8333333333333334,6.0,tf_target_c1_degree_preserving_seed1,disease_status,
2,3,auroc,0.7777777777777778,6.0,tf_target_c1_degree_preserving_seed1,disease_status,
2,4,accuracy,0.8333333333333334,6.0,tf_target_c1_degree_preserving_seed1,disease_status,
2,4,auroc,0.6666666666666666,6.0,tf_target_c1_degree_preserving_seed1,disease_status,
2,5,accuracy,0.8333333333333334,6.0,tf_target_c1_degree_preserving_seed1,disease_status,
2,5,auroc,0.888888888888889,6.0,tf_target_c1_degree_preserving_seed1,disease_status,
3,0,accuracy,0.5,6.0,tf_target_c1_degree_preserving_seed1,disease_status,
3,0,auroc,0.5555555555555556,6.0,tf_target_c1_degree_preserving_seed1,disease_status,
3,1,accuracy,0.5,6.0,tf_target_c1_degree_preserving_seed1,disease_status,
3,1,auroc,0.4444444444444445,6.0,tf_target_c1_degree_preserving_seed1,disease_status,
3,2,accuracy,0.8333333333333334,6.0,tf_target_c1_degree_preserving_seed1,disease_status,
3,2,auroc,0.6666666666666667,6.0,tf_target_c1_degree_preserving_seed1,disease_status,
3,3,accuracy,0.8333333333333334,6.0,tf_target_c1_degree_preserving_seed1,disease_status,
3,3,auroc,0.7777777777777778,6.0,tf_target_c1_degree_preserving_seed1,disease_status,
3,4,accuracy,0.8333333333333334,6.0,tf_target_c1_degree_preserving_seed1,disease_status,
3,4,auroc,1.0,6.0,tf_target_c1_degree_preserving_seed1,disease_status,
3,5,accuracy,0.3333333333333333,6.0,tf_target_c1_degree_preserving_seed1,disease_status,
3,5,auroc,0.5555555555555556,6.0,tf_target_c1_degree_preserving_seed1,disease_status,
4,0,accuracy,0.6666666666666666,6.0,tf_target_c1_degree_preserving_seed1,disease_status,
4,0,auroc,0.6666666666666667,6.0,tf_target_c1_degree_preserving_seed1,disease_status,
4,1,accuracy,0.5,6.0,tf_target_c1_degree_preserving_seed1,disease_status,
4,1,auroc,0.22222222222222224,6.0,tf_target_c1_degree_preserving_seed1,disease_status,
4,2,accuracy,0.8333333333333334,6.0,tf_target_c1_degree_preserving_seed1,disease_status,
4,2,auroc,1.0,6.0,tf_target_c1_degree_preserving_seed1,disease_status,
4,3,accuracy,0.6666666666666666,6.0,tf_target_c1_degree_preserving_seed1,disease_status,
4,3,auroc,0.888888888888889,6.0,tf_target_c1_degree_preserving_seed1,disease_status,
4,4,accuracy,0.5,6.0,tf_target_c1_degree_preserving_seed1,disease_status,
4,4,auroc,0.6666666666666667,6.0,tf_target_c1_degree_preserving_seed1,disease_status,
4,5,accuracy,0.5,6.0,tf_target_c1_degree_preserving_seed1,disease_status,
4,5,auroc,0.33333333333333337,6.0,tf_target_c1_degree_preserving_seed1,disease_status,
0,0,accuracy,0.6666666666666666,6.0,tf_target_c1_degree_preserving_seed1,sex_sanity_check,
0,0,auroc,0.8,6.0,tf_target_c1_degree_preserving_seed1,sex_sanity_check,
0,1,accuracy,0.5,6.0,tf_target_c1_degree_preserving_seed1,sex_sanity_check,
0,1,auroc,0.25,6.0,tf_target_c1_degree_preserving_seed1,sex_sanity_check,
0,2,accuracy,0.8333333333333334,6.0,tf_target_c1_degree_preserving_seed1,sex_sanity_check,
0,2,auroc,0.875,6.0,tf_target_c1_degree_preserving_seed1,sex_sanity_check,
0,3,accuracy,0.6666666666666666,6.0,tf_target_c1_degree_preserving_seed1,sex_sanity_check,
0,3,auroc,0.2,6.0,tf_target_c1_degree_preserving_seed1,sex_sanity_check,
0,4,accuracy,0.6666666666666666,6.0,tf_target_c1_degree_preserving_seed1,sex_sanity_check,
0,4,auroc,0.7777777777777778,6.0,tf_target_c1_degree_preserving_seed1,sex_sanity_check,
0,5,accuracy,0.6666666666666666,6.0,tf_target_c1_degree_preserving_seed1,sex_sanity_check,
0,5,auroc,1.0,6.0,tf_target_c1_degree_preserving_seed1,sex_sanity_check,
1,0,accuracy,0.5,6.0,tf_target_c1_degree_preserving_seed1,sex_sanity_check,
1,0,auroc,0.625,6.0,tf_target_c1_degree_preserving_seed1,sex_sanity_check,
1,1,accuracy,0.5,6.0,tf_target_c1_degree_preserving_seed1,sex_sanity_check,
1,1,auroc,0.6,6.0,tf_target_c1_degree_preserving_seed1,sex_sanity_check,
1,2,accuracy,0.8333333333333334,6.0,tf_target_c1_degree_preserving_seed1,sex_sanity_check,
1,2,auroc,0.7777777777777779,6.0,tf_target_c1_degree_preserving_seed1,sex_sanity_check,
1,3,accuracy,0.8333333333333334,6.0,tf_target_c1_degree_preserving_seed1,sex_sanity_check,
1,3,auroc,1.0,6.0,tf_target_c1_degree_preserving_seed1,sex_sanity_check,
1,4,accuracy,0.8333333333333334,6.0,tf_target_c1_degree_preserving_seed1,sex_sanity_check,
1,4,auroc,1.0,6.0,tf_target_c1_degree_preserving_seed1,sex_sanity_check,
1,5,accuracy,0.6666666666666666,6.0,tf_target_c1_degree_preserving_seed1,sex_sanity_check,
1,5,auroc,0.625,6.0,tf_target_c1_degree_preserving_seed1,sex_sanity_check,
2,0,accuracy,1.0,6.0,tf_target_c1_degree_preserving_seed1,sex_sanity_check,
2,0,auroc,1.0,6.0,tf_target_c1_degree_preserving_seed1,sex_sanity_check,
2,1,accuracy,0.8333333333333334,6.0,tf_target_c1_degree_preserving_seed1,sex_sanity_check,
2,1,auroc,0.888888888888889,6.0,tf_target_c1_degree_preserving_seed1,sex_sanity_check,
2,2,accuracy,0.5,6.0,tf_target_c1_degree_preserving_seed1,sex_sanity_check,
2,2,auroc,0.75,6.0,tf_target_c1_degree_preserving_seed1,sex_sanity_check,
2,3,accuracy,0.6666666666666666,6.0,tf_target_c1_degree_preserving_seed1,sex_sanity_check,
2,3,auroc,0.6,6.0,tf_target_c1_degree_preserving_seed1,sex_sanity_check,
2,4,accuracy,0.16666666666666666,6.0,tf_target_c1_degree_preserving_seed1,sex_sanity_check,
2,4,auroc,,6.0,tf_target_c1_degree_preserving_seed1,sex_sanity_check,
2,5,accuracy,0.5,6.0,tf_target_c1_degree_preserving_seed1,sex_sanity_check,
2,5,auroc,0.75,6.0,tf_target_c1_degree_preserving_seed1,sex_sanity_check,
3,0,accuracy,0.6666666666666666,6.0,tf_target_c1_degree_preserving_seed1,sex_sanity_check,
3,0,auroc,0.7777777777777778,6.0,tf_target_c1_degree_preserving_seed1,sex_sanity_check,
3,1,accuracy,0.8333333333333334,6.0,tf_target_c1_degree_preserving_seed1,sex_sanity_check,
3,1,auroc,0.8,6.0,tf_target_c1_degree_preserving_seed1,sex_sanity_check,
3,2,accuracy,0.6666666666666666,6.0,tf_target_c1_degree_preserving_seed1,sex_sanity_check,
3,2,auroc,0.75,6.0,tf_target_c1_degree_preserving_seed1,sex_sanity_check,
3,3,accuracy,0.5,6.0,tf_target_c1_degree_preserving_seed1,sex_sanity_check,
3,3,auroc,0.7777777777777778,6.0,tf_target_c1_degree_preserving_seed1,sex_sanity_check,
3,4,accuracy,0.6666666666666666,6.0,tf_target_c1_degree_preserving_seed1,sex_sanity_check,
3,4,auroc,0.8,6.0,tf_target_c1_degree_preserving_seed1,sex_sanity_check,
3,5,accuracy,0.6666666666666666,6.0,tf_target_c1_degree_preserving_seed1,sex_sanity_check,
3,5,auroc,0.625,6.0,tf_target_c1_degree_preserving_seed1,sex_sanity_check,
4,0,accuracy,0.8333333333333334,6.0,tf_target_c1_degree_preserving_seed1,sex_sanity_check,
4,0,auroc,1.0,6.0,tf_target_c1_degree_preserving_seed1,sex_sanity_check,
4,1,accuracy,0.5,6.0,tf_target_c1_degree_preserving_seed1,sex_sanity_check,
4,1,auroc,0.625,6.0,tf_target_c1_degree_preserving_seed1,sex_sanity_check,
4,2,accuracy,0.5,6.0,tf_target_c1_degree_preserving_seed1,sex_sanity_check,
4,2,auroc,0.6666666666666666,6.0,tf_target_c1_degree_preserving_seed1,sex_sanity_check,
4,3,accuracy,0.16666666666666666,6.0,tf_target_c1_degree_preserving_seed1,sex_sanity_check,
4,3,auroc,0.11111111111111112,6.0,tf_target_c1_degree_preserving_seed1,sex_sanity_check,
4,4,accuracy,0.8333333333333334,6.0,tf_target_c1_degree_preserving_seed1,sex_sanity_check,
4,4,auroc,1.0,6.0,tf_target_c1_degree_preserving_seed1,sex_sanity_check,
4,5,accuracy,0.8333333333333334,6.0,tf_target_c1_degree_preserving_seed1,sex_sanity_check,
4,5,auroc,,6.0,tf_target_c1_degree_preserving_seed1,sex_sanity_check,
0,0,r2,-1.8163465606840425,,tf_target_c1_degree_preserving_seed1,lib_size_leakage,
0,1,r2,-0.05451810852457428,,tf_target_c1_degree_preserving_seed1,lib_size_leakage,
0,2,r2,-0.5991465208976761,,tf_target_c1_degree_preserving_seed1,lib_size_leakage,
0,3,r2,-0.4923764626234999,,tf_target_c1_degree_preserving_seed1,lib_size_leakage,
0,4,r2,-1.60025727757716,,tf_target_c1_degree_preserving_seed1,lib_size_leakage,
0,5,r2,-0.169145015513829,,tf_target_c1_degree_preserving_seed1,lib_size_leakage,
1,0,r2,-0.11021635643568373,,tf_target_c1_degree_preserving_seed1,lib_size_leakage,
1,1,r2,-0.7299873028458461,,tf_target_c1_degree_preserving_seed1,lib_size_leakage,
1,2,r2,-3.0107351794069332,,tf_target_c1_degree_preserving_seed1,lib_size_leakage,
1,3,r2,-0.3757474665049054,,tf_target_c1_degree_preserving_seed1,lib_size_leakage,
1,4,r2,-1.0953751830386542,,tf_target_c1_degree_preserving_seed1,lib_size_leakage,
1,5,r2,-0.4320390301979231,,tf_target_c1_degree_preserving_seed1,lib_size_leakage,
2,0,r2,-0.48020996208001687,,tf_target_c1_degree_preserving_seed1,lib_size_leakage,
2,1,r2,-1.8165784121284552,,tf_target_c1_degree_preserving_seed1,lib_size_leakage,
2,2,r2,-0.8626604340404807,,tf_target_c1_degree_preserving_seed1,lib_size_leakage,
2,3,r2,0.22116076980795474,,tf_target_c1_degree_preserving_seed1,lib_size_leakage,
2,4,r2,-3.549396728397074,,tf_target_c1_degree_preserving_seed1,lib_size_leakage,
2,5,r2,-0.3311552087146865,,tf_target_c1_degree_preserving_seed1,lib_size_leakage,
3,0,r2,-3.8428582919121093,,tf_target_c1_degree_preserving_seed1,lib_size_leakage,
3,1,r2,-0.9843305259623472,,tf_target_c1_degree_preserving_seed1,lib_size_leakage,
3,2,r2,-0.3630910460288532,,tf_target_c1_degree_preserving_seed1,lib_size_leakage,
3,3,r2,-0.39944195652599634,,tf_target_c1_degree_preserving_seed1,lib_size_leakage,
3,4,r2,-0.1277754616002773,,tf_target_c1_degree_preserving_seed1,lib_size_leakage,
3,5,r2,-0.5149627443368003,,tf_target_c1_degree_preserving_seed1,lib_size_leakage,
4,0,r2,-0.7489613013413117,,tf_target_c1_degree_preserving_seed1,lib_size_leakage,
4,1,r2,-4.951626362667979,,tf_target_c1_degree_preserving_seed1,lib_size_leakage,
4,2,r2,-0.4301911074499032,,tf_target_c1_degree_preserving_seed1,lib_size_leakage,
4,3,r2,-1.3288157225558388,,tf_target_c1_degree_preserving_seed1,lib_size_leakage,
4,4,r2,-0.2685317064678101,,tf_target_c1_degree_preserving_seed1,lib_size_leakage,
4,5,r2,-0.13553768138649924,,tf_target_c1_degree_preserving_seed1,lib_size_leakage,
0,0,accuracy,0.33766233766233766,,tf_target_c1_degree_preserving_seed1,celltype_sanity_check,77.0
0,1,accuracy,0.38961038961038963,,tf_target_c1_degree_preserving_seed1,celltype_sanity_check,77.0
0,2,accuracy,0.2987012987012987,,tf_target_c1_degree_preserving_seed1,celltype_sanity_check,77.0
0,3,accuracy,0.36363636363636365,,tf_target_c1_degree_preserving_seed1,celltype_sanity_check,77.0
0,4,accuracy,0.33766233766233766,,tf_target_c1_degree_preserving_seed1,celltype_sanity_check,77.0
0,5,accuracy,0.3684210526315789,,tf_target_c1_degree_preserving_seed1,celltype_sanity_check,76.0
1,0,accuracy,0.42857142857142855,,tf_target_c1_degree_preserving_seed1,celltype_sanity_check,77.0
1,1,accuracy,0.35064935064935066,,tf_target_c1_degree_preserving_seed1,celltype_sanity_check,77.0
1,2,accuracy,0.3246753246753247,,tf_target_c1_degree_preserving_seed1,celltype_sanity_check,77.0
1,3,accuracy,0.37662337662337664,,tf_target_c1_degree_preserving_seed1,celltype_sanity_check,77.0
1,4,accuracy,0.35064935064935066,,tf_target_c1_degree_preserving_seed1,celltype_sanity_check,77.0
1,5,accuracy,0.3684210526315789,,tf_target_c1_degree_preserving_seed1,celltype_sanity_check,76.0
2,0,accuracy,0.3246753246753247,,tf_target_c1_degree_preserving_seed1,celltype_sanity_check,77.0
2,1,accuracy,0.35064935064935066,,tf_target_c1_degree_preserving_seed1,celltype_sanity_check,77.0
2,2,accuracy,0.35064935064935066,,tf_target_c1_degree_preserving_seed1,celltype_sanity_check,77.0
2,3,accuracy,0.4155844155844156,,tf_target_c1_degree_preserving_seed1,celltype_sanity_check,77.0
2,4,accuracy,0.4025974025974026,,tf_target_c1_degree_preserving_seed1,celltype_sanity_check,77.0
2,5,accuracy,0.3815789473684211,,tf_target_c1_degree_preserving_seed1,celltype_sanity_check,76.0
3,0,accuracy,0.35064935064935066,,tf_target_c1_degree_preserving_seed1,celltype_sanity_check,77.0
3,1,accuracy,0.42857142857142855,,tf_target_c1_degree_preserving_seed1,celltype_sanity_check,77.0
3,2,accuracy,0.2987012987012987,,tf_target_c1_degree_preserving_seed1,celltype_sanity_check,77.0
3,3,accuracy,0.3246753246753247,,tf_target_c1_degree_preserving_seed1,celltype_sanity_check,77.0
3,4,accuracy,0.39473684210526316,,tf_target_c1_degree_preserving_seed1,celltype_sanity_check,76.0
3,5,accuracy,0.36363636363636365,,tf_target_c1_degree_preserving_seed1,celltype_sanity_check,77.0
4,0,accuracy,0.3246753246753247,,tf_target_c1_degree_preserving_seed1,celltype_sanity_check,77.0
4,1,accuracy,0.45454545454545453,,tf_target_c1_degree_preserving_seed1,celltype_sanity_check,77.0
4,2,accuracy,0.35064935064935066,,tf_target_c1_degree_preserving_seed1,celltype_sanity_check,77.0
4,3,accuracy,0.33766233766233766,,tf_target_c1_degree_preserving_seed1,celltype_sanity_check,77.0
4,4,accuracy,0.4025974025974026,,tf_target_c1_degree_preserving_seed1,celltype_sanity_check,77.0
4,5,accuracy,0.3026315789473684,,tf_target_c1_degree_preserving_seed1,celltype_sanity_check,76.0
0,0,accuracy,0.3333333333333333,6.0,tf_target_c2_fully_random_seed1,disease_status,
0,0,auroc,0.6666666666666666,6.0,tf_target_c2_fully_random_seed1,disease_status,
0,1,accuracy,0.5,6.0,tf_target_c2_fully_random_seed1,disease_status,
0,1,auroc,0.5555555555555556,6.0,tf_target_c2_fully_random_seed1,disease_status,
0,2,accuracy,0.5,6.0,tf_target_c2_fully_random_seed1,disease_status,
0,2,auroc,0.4444444444444444,6.0,tf_target_c2_fully_random_seed1,disease_status,
0,3,accuracy,0.16666666666666666,6.0,tf_target_c2_fully_random_seed1,disease_status,
0,3,auroc,0.11111111111111112,6.0,tf_target_c2_fully_random_seed1,disease_status,
0,4,accuracy,0.5,6.0,tf_target_c2_fully_random_seed1,disease_status,
0,4,auroc,0.4444444444444445,6.0,tf_target_c2_fully_random_seed1,disease_status,
0,5,accuracy,0.6666666666666666,6.0,tf_target_c2_fully_random_seed1,disease_status,
0,5,auroc,0.5555555555555556,6.0,tf_target_c2_fully_random_seed1,disease_status,
1,0,accuracy,0.8333333333333334,6.0,tf_target_c2_fully_random_seed1,disease_status,
1,0,auroc,0.6666666666666666,6.0,tf_target_c2_fully_random_seed1,disease_status,
1,1,accuracy,0.16666666666666666,6.0,tf_target_c2_fully_random_seed1,disease_status,
1,1,auroc,0.0,6.0,tf_target_c2_fully_random_seed1,disease_status,
1,2,accuracy,0.3333333333333333,6.0,tf_target_c2_fully_random_seed1,disease_status,
1,2,auroc,0.22222222222222224,6.0,tf_target_c2_fully_random_seed1,disease_status,
1,3,accuracy,0.6666666666666666,6.0,tf_target_c2_fully_random_seed1,disease_status,
1,3,auroc,0.4444444444444444,6.0,tf_target_c2_fully_random_seed1,disease_status,
1,4,accuracy,0.5,6.0,tf_target_c2_fully_random_seed1,disease_status,
1,4,auroc,0.5555555555555556,6.0,tf_target_c2_fully_random_seed1,disease_status,
1,5,accuracy,0.16666666666666666,6.0,tf_target_c2_fully_random_seed1,disease_status,
1,5,auroc,0.3333333333333333,6.0,tf_target_c2_fully_random_seed1,disease_status,
2,0,accuracy,0.16666666666666666,6.0,tf_target_c2_fully_random_seed1,disease_status,
2,0,auroc,0.0,6.0,tf_target_c2_fully_random_seed1,disease_status,
2,1,accuracy,0.6666666666666666,6.0,tf_target_c2_fully_random_seed1,disease_status,
2,1,auroc,0.888888888888889,6.0,tf_target_c2_fully_random_seed1,disease_status,
2,2,accuracy,0.5,6.0,tf_target_c2_fully_random_seed1,disease_status,
2,2,auroc,0.6666666666666666,6.0,tf_target_c2_fully_random_seed1,disease_status,
2,3,accuracy,0.3333333333333333,6.0,tf_target_c2_fully_random_seed1,disease_status,
2,3,auroc,0.33333333333333337,6.0,tf_target_c2_fully_random_seed1,disease_status,
2,4,accuracy,0.8333333333333334,6.0,tf_target_c2_fully_random_seed1,disease_status,
2,4,auroc,1.0,6.0,tf_target_c2_fully_random_seed1,disease_status,
2,5,accuracy,0.3333333333333333,6.0,tf_target_c2_fully_random_seed1,disease_status,
2,5,auroc,0.4444444444444444,6.0,tf_target_c2_fully_random_seed1,disease_status,
3,0,accuracy,0.8333333333333334,6.0,tf_target_c2_fully_random_seed1,disease_status,
3,0,auroc,0.888888888888889,6.0,tf_target_c2_fully_random_seed1,disease_status,
3,1,accuracy,0.5,6.0,tf_target_c2_fully_random_seed1,disease_status,
3,1,auroc,0.4444444444444444,6.0,tf_target_c2_fully_random_seed1,disease_status,
3,2,accuracy,0.16666666666666666,6.0,tf_target_c2_fully_random_seed1,disease_status,
3,2,auroc,0.3333333333333333,6.0,tf_target_c2_fully_random_seed1,disease_status,
3,3,accuracy,0.3333333333333333,6.0,tf_target_c2_fully_random_seed1,disease_status,
3,3,auroc,0.4444444444444445,6.0,tf_target_c2_fully_random_seed1,disease_status,
3,4,accuracy,0.5,6.0,tf_target_c2_fully_random_seed1,disease_status,
3,4,auroc,0.6666666666666667,6.0,tf_target_c2_fully_random_seed1,disease_status,
3,5,accuracy,0.3333333333333333,6.0,tf_target_c2_fully_random_seed1,disease_status,
3,5,auroc,0.0,6.0,tf_target_c2_fully_random_seed1,disease_status,
4,0,accuracy,0.5,6.0,tf_target_c2_fully_random_seed1,disease_status,
4,0,auroc,0.5555555555555556,6.0,tf_target_c2_fully_random_seed1,disease_status,
4,1,accuracy,0.5,6.0,tf_target_c2_fully_random_seed1,disease_status,
4,1,auroc,0.6666666666666667,6.0,tf_target_c2_fully_random_seed1,disease_status,
4,2,accuracy,0.8333333333333334,6.0,tf_target_c2_fully_random_seed1,disease_status,
4,2,auroc,0.6666666666666666,6.0,tf_target_c2_fully_random_seed1,disease_status,
4,3,accuracy,0.16666666666666666,6.0,tf_target_c2_fully_random_seed1,disease_status,
4,3,auroc,0.33333333333333337,6.0,tf_target_c2_fully_random_seed1,disease_status,
4,4,accuracy,0.5,6.0,tf_target_c2_fully_random_seed1,disease_status,
4,4,auroc,0.22222222222222224,6.0,tf_target_c2_fully_random_seed1,disease_status,
4,5,accuracy,0.3333333333333333,6.0,tf_target_c2_fully_random_seed1,disease_status,
4,5,auroc,0.3333333333333333,6.0,tf_target_c2_fully_random_seed1,disease_status,
0,0,accuracy,0.6666666666666666,6.0,tf_target_c2_fully_random_seed1,sex_sanity_check,
0,0,auroc,0.6,6.0,tf_target_c2_fully_random_seed1,sex_sanity_check,
0,1,accuracy,0.5,6.0,tf_target_c2_fully_random_seed1,sex_sanity_check,
0,1,auroc,0.375,6.0,tf_target_c2_fully_random_seed1,sex_sanity_check,
0,2,accuracy,0.8333333333333334,6.0,tf_target_c2_fully_random_seed1,sex_sanity_check,
0,2,auroc,0.875,6.0,tf_target_c2_fully_random_seed1,sex_sanity_check,
0,3,accuracy,0.6666666666666666,6.0,tf_target_c2_fully_random_seed1,sex_sanity_check,
0,3,auroc,0.8,6.0,tf_target_c2_fully_random_seed1,sex_sanity_check,
0,4,accuracy,0.5,6.0,tf_target_c2_fully_random_seed1,sex_sanity_check,
0,4,auroc,0.7777777777777778,6.0,tf_target_c2_fully_random_seed1,sex_sanity_check,
0,5,accuracy,0.5,6.0,tf_target_c2_fully_random_seed1,sex_sanity_check,
0,5,auroc,0.6666666666666667,6.0,tf_target_c2_fully_random_seed1,sex_sanity_check,
1,0,accuracy,0.5,6.0,tf_target_c2_fully_random_seed1,sex_sanity_check,
1,0,auroc,0.625,6.0,tf_target_c2_fully_random_seed1,sex_sanity_check,
1,1,accuracy,0.6666666666666666,6.0,tf_target_c2_fully_random_seed1,sex_sanity_check,
1,1,auroc,1.0,6.0,tf_target_c2_fully_random_seed1,sex_sanity_check,
1,2,accuracy,0.5,6.0,tf_target_c2_fully_random_seed1,sex_sanity_check,
1,2,auroc,0.6666666666666666,6.0,tf_target_c2_fully_random_seed1,sex_sanity_check,
1,3,accuracy,0.6666666666666666,6.0,tf_target_c2_fully_random_seed1,sex_sanity_check,
1,3,auroc,0.75,6.0,tf_target_c2_fully_random_seed1,sex_sanity_check,
1,4,accuracy,0.6666666666666666,6.0,tf_target_c2_fully_random_seed1,sex_sanity_check,
1,4,auroc,0.875,6.0,tf_target_c2_fully_random_seed1,sex_sanity_check,
1,5,accuracy,0.8333333333333334,6.0,tf_target_c2_fully_random_seed1,sex_sanity_check,
1,5,auroc,0.75,6.0,tf_target_c2_fully_random_seed1,sex_sanity_check,
2,0,accuracy,0.8333333333333334,6.0,tf_target_c2_fully_random_seed1,sex_sanity_check,
2,0,auroc,1.0,6.0,tf_target_c2_fully_random_seed1,sex_sanity_check,
2,1,accuracy,0.6666666666666666,6.0,tf_target_c2_fully_random_seed1,sex_sanity_check,
2,1,auroc,0.888888888888889,6.0,tf_target_c2_fully_random_seed1,sex_sanity_check,
2,2,accuracy,0.3333333333333333,6.0,tf_target_c2_fully_random_seed1,sex_sanity_check,
2,2,auroc,0.875,6.0,tf_target_c2_fully_random_seed1,sex_sanity_check,
2,3,accuracy,0.6666666666666666,6.0,tf_target_c2_fully_random_seed1,sex_sanity_check,
2,3,auroc,0.6,6.0,tf_target_c2_fully_random_seed1,sex_sanity_check,
2,4,accuracy,0.16666666666666666,6.0,tf_target_c2_fully_random_seed1,sex_sanity_check,
2,4,auroc,,6.0,tf_target_c2_fully_random_seed1,sex_sanity_check,
2,5,accuracy,0.5,6.0,tf_target_c2_fully_random_seed1,sex_sanity_check,
2,5,auroc,0.625,6.0,tf_target_c2_fully_random_seed1,sex_sanity_check,
3,0,accuracy,0.6666666666666666,6.0,tf_target_c2_fully_random_seed1,sex_sanity_check,
3,0,auroc,0.7777777777777778,6.0,tf_target_c2_fully_random_seed1,sex_sanity_check,
3,1,accuracy,0.6666666666666666,6.0,tf_target_c2_fully_random_seed1,sex_sanity_check,
3,1,auroc,0.8,6.0,tf_target_c2_fully_random_seed1,sex_sanity_check,
3,2,accuracy,0.8333333333333334,6.0,tf_target_c2_fully_random_seed1,sex_sanity_check,
3,2,auroc,0.5,6.0,tf_target_c2_fully_random_seed1,sex_sanity_check,
3,3,accuracy,0.5,6.0,tf_target_c2_fully_random_seed1,sex_sanity_check,
3,3,auroc,0.7777777777777779,6.0,tf_target_c2_fully_random_seed1,sex_sanity_check,
3,4,accuracy,0.5,6.0,tf_target_c2_fully_random_seed1,sex_sanity_check,
3,4,auroc,0.6,6.0,tf_target_c2_fully_random_seed1,sex_sanity_check,
3,5,accuracy,0.6666666666666666,6.0,tf_target_c2_fully_random_seed1,sex_sanity_check,
3,5,auroc,0.75,6.0,tf_target_c2_fully_random_seed1,sex_sanity_check,
4,0,accuracy,0.8333333333333334,6.0,tf_target_c2_fully_random_seed1,sex_sanity_check,
4,0,auroc,1.0,6.0,tf_target_c2_fully_random_seed1,sex_sanity_check,
4,1,accuracy,0.6666666666666666,6.0,tf_target_c2_fully_random_seed1,sex_sanity_check,
4,1,auroc,0.5,6.0,tf_target_c2_fully_random_seed1,sex_sanity_check,
4,2,accuracy,0.5,6.0,tf_target_c2_fully_random_seed1,sex_sanity_check,
4,2,auroc,0.7777777777777779,6.0,tf_target_c2_fully_random_seed1,sex_sanity_check,
4,3,accuracy,0.3333333333333333,6.0,tf_target_c2_fully_random_seed1,sex_sanity_check,
4,3,auroc,0.33333333333333337,6.0,tf_target_c2_fully_random_seed1,sex_sanity_check,
4,4,accuracy,0.8333333333333334,6.0,tf_target_c2_fully_random_seed1,sex_sanity_check,
4,4,auroc,1.0,6.0,tf_target_c2_fully_random_seed1,sex_sanity_check,
4,5,accuracy,0.8333333333333334,6.0,tf_target_c2_fully_random_seed1,sex_sanity_check,
4,5,auroc,,6.0,tf_target_c2_fully_random_seed1,sex_sanity_check,
0,0,r2,-2.1787847480765183,,tf_target_c2_fully_random_seed1,lib_size_leakage,
0,1,r2,-0.46230578509895737,,tf_target_c2_fully_random_seed1,lib_size_leakage,
0,2,r2,-2.610771481240453,,tf_target_c2_fully_random_seed1,lib_size_leakage,
0,3,r2,-0.523943355071957,,tf_target_c2_fully_random_seed1,lib_size_leakage,
0,4,r2,-3.4655610962139587,,tf_target_c2_fully_random_seed1,lib_size_leakage,
0,5,r2,-0.7721892684782863,,tf_target_c2_fully_random_seed1,lib_size_leakage,
1,0,r2,-0.7028602181221035,,tf_target_c2_fully_random_seed1,lib_size_leakage,
1,1,r2,-2.1497468534961817,,tf_target_c2_fully_random_seed1,lib_size_leakage,
1,2,r2,-8.882145380334318,,tf_target_c2_fully_random_seed1,lib_size_leakage,
1,3,r2,-2.3671885209474417,,tf_target_c2_fully_random_seed1,lib_size_leakage,
1,4,r2,-1.2765900891414388,,tf_target_c2_fully_random_seed1,lib_size_leakage,
1,5,r2,-0.9723978790397982,,tf_target_c2_fully_random_seed1,lib_size_leakage,
2,0,r2,-2.2217104695600667,,tf_target_c2_fully_random_seed1,lib_size_leakage,
2,1,r2,-1.6323053784382808,,tf_target_c2_fully_random_seed1,lib_size_leakage,
2,2,r2,-1.5145200802722414,,tf_target_c2_fully_random_seed1,lib_size_leakage,
2,3,r2,-0.3996198407905498,,tf_target_c2_fully_random_seed1,lib_size_leakage,
2,4,r2,-3.3795660270197523,,tf_target_c2_fully_random_seed1,lib_size_leakage,
2,5,r2,-0.9311609025689276,,tf_target_c2_fully_random_seed1,lib_size_leakage,
3,0,r2,-5.748168279342477,,tf_target_c2_fully_random_seed1,lib_size_leakage,
3,1,r2,-0.554429766466636,,tf_target_c2_fully_random_seed1,lib_size_leakage,
3,2,r2,-1.1124558098958466,,tf_target_c2_fully_random_seed1,lib_size_leakage,
3,3,r2,-0.7434276902227772,,tf_target_c2_fully_random_seed1,lib_size_leakage,
3,4,r2,-0.8683847542932259,,tf_target_c2_fully_random_seed1,lib_size_leakage,
3,5,r2,-1.1573922551403255,,tf_target_c2_fully_random_seed1,lib_size_leakage,
4,0,r2,-1.9652656399447275,,tf_target_c2_fully_random_seed1,lib_size_leakage,
4,1,r2,-7.340613528856087,,tf_target_c2_fully_random_seed1,lib_size_leakage,
4,2,r2,-1.5870439510896914,,tf_target_c2_fully_random_seed1,lib_size_leakage,
4,3,r2,-2.641759903090616,,tf_target_c2_fully_random_seed1,lib_size_leakage,
4,4,r2,-0.8406290300528769,,tf_target_c2_fully_random_seed1,lib_size_leakage,
4,5,r2,-0.5711053933097092,,tf_target_c2_fully_random_seed1,lib_size_leakage,
0,0,accuracy,0.2857142857142857,,tf_target_c2_fully_random_seed1,celltype_sanity_check,77.0
0,1,accuracy,0.2857142857142857,,tf_target_c2_fully_random_seed1,celltype_sanity_check,77.0
0,2,accuracy,0.3246753246753247,,tf_target_c2_fully_random_seed1,celltype_sanity_check,77.0
0,3,accuracy,0.33766233766233766,,tf_target_c2_fully_random_seed1,celltype_sanity_check,77.0
0,4,accuracy,0.2597402597402597,,tf_target_c2_fully_random_seed1,celltype_sanity_check,77.0
0,5,accuracy,0.2631578947368421,,tf_target_c2_fully_random_seed1,celltype_sanity_check,76.0
1,0,accuracy,0.33766233766233766,,tf_target_c2_fully_random_seed1,celltype_sanity_check,77.0
1,1,accuracy,0.3116883116883117,,tf_target_c2_fully_random_seed1,celltype_sanity_check,77.0
1,2,accuracy,0.16883116883116883,,tf_target_c2_fully_random_seed1,celltype_sanity_check,77.0
1,3,accuracy,0.2727272727272727,,tf_target_c2_fully_random_seed1,celltype_sanity_check,77.0
1,4,accuracy,0.2727272727272727,,tf_target_c2_fully_random_seed1,celltype_sanity_check,77.0
1,5,accuracy,0.2894736842105263,,tf_target_c2_fully_random_seed1,celltype_sanity_check,76.0
2,0,accuracy,0.2727272727272727,,tf_target_c2_fully_random_seed1,celltype_sanity_check,77.0
2,1,accuracy,0.22077922077922077,,tf_target_c2_fully_random_seed1,celltype_sanity_check,77.0
2,2,accuracy,0.2597402597402597,,tf_target_c2_fully_random_seed1,celltype_sanity_check,77.0
2,3,accuracy,0.2857142857142857,,tf_target_c2_fully_random_seed1,celltype_sanity_check,77.0
2,4,accuracy,0.3116883116883117,,tf_target_c2_fully_random_seed1,celltype_sanity_check,77.0
2,5,accuracy,0.25,,tf_target_c2_fully_random_seed1,celltype_sanity_check,76.0
3,0,accuracy,0.2597402597402597,,tf_target_c2_fully_random_seed1,celltype_sanity_check,77.0
3,1,accuracy,0.2727272727272727,,tf_target_c2_fully_random_seed1,celltype_sanity_check,77.0
3,2,accuracy,0.2597402597402597,,tf_target_c2_fully_random_seed1,celltype_sanity_check,77.0
3,3,accuracy,0.2857142857142857,,tf_target_c2_fully_random_seed1,celltype_sanity_check,77.0
3,4,accuracy,0.2236842105263158,,tf_target_c2_fully_random_seed1,celltype_sanity_check,76.0
3,5,accuracy,0.2597402597402597,,tf_target_c2_fully_random_seed1,celltype_sanity_check,77.0
4,0,accuracy,0.2077922077922078,,tf_target_c2_fully_random_seed1,celltype_sanity_check,77.0
4,1,accuracy,0.36363636363636365,,tf_target_c2_fully_random_seed1,celltype_sanity_check,77.0
4,2,accuracy,0.2077922077922078,,tf_target_c2_fully_random_seed1,celltype_sanity_check,77.0
4,3,accuracy,0.4025974025974026,,tf_target_c2_fully_random_seed1,celltype_sanity_check,77.0
4,4,accuracy,0.33766233766233766,,tf_target_c2_fully_random_seed1,celltype_sanity_check,77.0
4,5,accuracy,0.2894736842105263,,tf_target_c2_fully_random_seed1,celltype_sanity_check,76.0
0,0,accuracy,0.16666666666666666,6.0,tf_target_c1_degree_preserving_seed2,disease_status,
0,0,auroc,0.33333333333333337,6.0,tf_target_c1_degree_preserving_seed2,disease_status,
0,1,accuracy,0.6666666666666666,6.0,tf_target_c1_degree_preserving_seed2,disease_status,
0,1,auroc,0.7777777777777778,6.0,tf_target_c1_degree_preserving_seed2,disease_status,
0,2,accuracy,0.3333333333333333,6.0,tf_target_c1_degree_preserving_seed2,disease_status,
0,2,auroc,0.3333333333333333,6.0,tf_target_c1_degree_preserving_seed2,disease_status,
0,3,accuracy,0.3333333333333333,6.0,tf_target_c1_degree_preserving_seed2,disease_status,
0,3,auroc,0.11111111111111112,6.0,tf_target_c1_degree_preserving_seed2,disease_status,
0,4,accuracy,0.5,6.0,tf_target_c1_degree_preserving_seed2,disease_status,
0,4,auroc,0.7777777777777778,6.0,tf_target_c1_degree_preserving_seed2,disease_status,
0,5,accuracy,0.8333333333333334,6.0,tf_target_c1_degree_preserving_seed2,disease_status,
0,5,auroc,0.6666666666666667,6.0,tf_target_c1_degree_preserving_seed2,disease_status,
1,0,accuracy,0.3333333333333333,6.0,tf_target_c1_degree_preserving_seed2,disease_status,
1,0,auroc,0.6666666666666667,6.0,tf_target_c1_degree_preserving_seed2,disease_status,
1,1,accuracy,0.3333333333333333,6.0,tf_target_c1_degree_preserving_seed2,disease_status,
1,1,auroc,0.4444444444444445,6.0,tf_target_c1_degree_preserving_seed2,disease_status,
1,2,accuracy,0.5,6.0,tf_target_c1_degree_preserving_seed2,disease_status,
1,2,auroc,0.22222222222222224,6.0,tf_target_c1_degree_preserving_seed2,disease_status,
1,3,accuracy,0.5,6.0,tf_target_c1_degree_preserving_seed2,disease_status,
1,3,auroc,0.6666666666666666,6.0,tf_target_c1_degree_preserving_seed2,disease_status,
1,4,accuracy,0.3333333333333333,6.0,tf_target_c1_degree_preserving_seed2,disease_status,
1,4,auroc,0.22222222222222224,6.0,tf_target_c1_degree_preserving_seed2,disease_status,
1,5,accuracy,0.5,6.0,tf_target_c1_degree_preserving_seed2,disease_status,
1,5,auroc,0.11111111111111112,6.0,tf_target_c1_degree_preserving_seed2,disease_status,
2,0,accuracy,0.3333333333333333,6.0,tf_target_c1_degree_preserving_seed2,disease_status,
2,0,auroc,0.11111111111111112,6.0,tf_target_c1_degree_preserving_seed2,disease_status,
2,1,accuracy,0.3333333333333333,6.0,tf_target_c1_degree_preserving_seed2,disease_status,
2,1,auroc,0.22222222222222224,6.0,tf_target_c1_degree_preserving_seed2,disease_status,
2,2,accuracy,0.6666666666666666,6.0,tf_target_c1_degree_preserving_seed2,disease_status,
2,2,auroc,0.5555555555555556,6.0,tf_target_c1_degree_preserving_seed2,disease_status,
2,3,accuracy,1.0,6.0,tf_target_c1_degree_preserving_seed2,disease_status,
2,3,auroc,1.0,6.0,tf_target_c1_degree_preserving_seed2,disease_status,
2,4,accuracy,0.5,6.0,tf_target_c1_degree_preserving_seed2,disease_status,
2,4,auroc,0.7777777777777779,6.0,tf_target_c1_degree_preserving_seed2,disease_status,
2,5,accuracy,0.5,6.0,tf_target_c1_degree_preserving_seed2,disease_status,
2,5,auroc,0.5555555555555556,6.0,tf_target_c1_degree_preserving_seed2,disease_status,
3,0,accuracy,0.16666666666666666,6.0,tf_target_c1_degree_preserving_seed2,disease_status,
3,0,auroc,0.22222222222222224,6.0,tf_target_c1_degree_preserving_seed2,disease_status,
3,1,accuracy,0.6666666666666666,6.0,tf_target_c1_degree_preserving_seed2,disease_status,
3,1,auroc,0.6666666666666667,6.0,tf_target_c1_degree_preserving_seed2,disease_status,
3,2,accuracy,0.3333333333333333,6.0,tf_target_c1_degree_preserving_seed2,disease_status,
3,2,auroc,0.4444444444444445,6.0,tf_target_c1_degree_preserving_seed2,disease_status,
3,3,accuracy,0.6666666666666666,6.0,tf_target_c1_degree_preserving_seed2,disease_status,
3,3,auroc,0.888888888888889,6.0,tf_target_c1_degree_preserving_seed2,disease_status,
3,4,accuracy,0.6666666666666666,6.0,tf_target_c1_degree_preserving_seed2,disease_status,
3,4,auroc,0.7777777777777779,6.0,tf_target_c1_degree_preserving_seed2,disease_status,
3,5,accuracy,0.3333333333333333,6.0,tf_target_c1_degree_preserving_seed2,disease_status,
3,5,auroc,0.11111111111111112,6.0,tf_target_c1_degree_preserving_seed2,disease_status,
4,0,accuracy,0.6666666666666666,6.0,tf_target_c1_degree_preserving_seed2,disease_status,
4,0,auroc,0.4444444444444445,6.0,tf_target_c1_degree_preserving_seed2,disease_status,
4,1,accuracy,0.6666666666666666,6.0,tf_target_c1_degree_preserving_seed2,disease_status,
4,1,auroc,0.5555555555555556,6.0,tf_target_c1_degree_preserving_seed2,disease_status,
4,2,accuracy,0.3333333333333333,6.0,tf_target_c1_degree_preserving_seed2,disease_status,
4,2,auroc,0.33333333333333337,6.0,tf_target_c1_degree_preserving_seed2,disease_status,
4,3,accuracy,0.6666666666666666,6.0,tf_target_c1_degree_preserving_seed2,disease_status,
4,3,auroc,0.6666666666666667,6.0,tf_target_c1_degree_preserving_seed2,disease_status,
4,4,accuracy,0.16666666666666666,6.0,tf_target_c1_degree_preserving_seed2,disease_status,
4,4,auroc,0.22222222222222224,6.0,tf_target_c1_degree_preserving_seed2,disease_status,
4,5,accuracy,0.5,6.0,tf_target_c1_degree_preserving_seed2,disease_status,
4,5,auroc,0.33333333333333337,6.0,tf_target_c1_degree_preserving_seed2,disease_status,
0,0,accuracy,0.3333333333333333,6.0,tf_target_c1_degree_preserving_seed2,sex_sanity_check,
0,0,auroc,0.4,6.0,tf_target_c1_degree_preserving_seed2,sex_sanity_check,
0,1,accuracy,0.3333333333333333,6.0,tf_target_c1_degree_preserving_seed2,sex_sanity_check,
0,1,auroc,0.5,6.0,tf_target_c1_degree_preserving_seed2,sex_sanity_check,
0,2,accuracy,0.8333333333333334,6.0,tf_target_c1_degree_preserving_seed2,sex_sanity_check,
0,2,auroc,1.0,6.0,tf_target_c1_degree_preserving_seed2,sex_sanity_check,
0,3,accuracy,0.6666666666666666,6.0,tf_target_c1_degree_preserving_seed2,sex_sanity_check,
0,3,auroc,0.6,6.0,tf_target_c1_degree_preserving_seed2,sex_sanity_check,
0,4,accuracy,0.6666666666666666,6.0,tf_target_c1_degree_preserving_seed2,sex_sanity_check,
0,4,auroc,0.7777777777777778,6.0,tf_target_c1_degree_preserving_seed2,sex_sanity_check,
0,5,accuracy,0.5,6.0,tf_target_c1_degree_preserving_seed2,sex_sanity_check,
0,5,auroc,0.7777777777777779,6.0,tf_target_c1_degree_preserving_seed2,sex_sanity_check,
1,0,accuracy,0.5,6.0,tf_target_c1_degree_preserving_seed2,sex_sanity_check,
1,0,auroc,0.625,6.0,tf_target_c1_degree_preserving_seed2,sex_sanity_check,
1,1,accuracy,0.6666666666666666,6.0,tf_target_c1_degree_preserving_seed2,sex_sanity_check,
1,1,auroc,1.0,6.0,tf_target_c1_degree_preserving_seed2,sex_sanity_check,
1,2,accuracy,0.6666666666666666,6.0,tf_target_c1_degree_preserving_seed2,sex_sanity_check,
1,2,auroc,0.5555555555555556,6.0,tf_target_c1_degree_preserving_seed2,sex_sanity_check,
1,3,accuracy,1.0,6.0,tf_target_c1_degree_preserving_seed2,sex_sanity_check,
1,3,auroc,1.0,6.0,tf_target_c1_degree_preserving_seed2,sex_sanity_check,
1,4,accuracy,0.6666666666666666,6.0,tf_target_c1_degree_preserving_seed2,sex_sanity_check,
1,4,auroc,1.0,6.0,tf_target_c1_degree_preserving_seed2,sex_sanity_check,
1,5,accuracy,0.6666666666666666,6.0,tf_target_c1_degree_preserving_seed2,sex_sanity_check,
1,5,auroc,0.75,6.0,tf_target_c1_degree_preserving_seed2,sex_sanity_check,
2,0,accuracy,0.6666666666666666,6.0,tf_target_c1_degree_preserving_seed2,sex_sanity_check,
2,0,auroc,1.0,6.0,tf_target_c1_degree_preserving_seed2,sex_sanity_check,
2,1,accuracy,0.6666666666666666,6.0,tf_target_c1_degree_preserving_seed2,sex_sanity_check,
2,1,auroc,0.7777777777777778,6.0,tf_target_c1_degree_preserving_seed2,sex_sanity_check,
2,2,accuracy,0.6666666666666666,6.0,tf_target_c1_degree_preserving_seed2,sex_sanity_check,
2,2,auroc,0.75,6.0,tf_target_c1_degree_preserving_seed2,sex_sanity_check,
2,3,accuracy,0.8333333333333334,6.0,tf_target_c1_degree_preserving_seed2,sex_sanity_check,
2,3,auroc,0.8,6.0,tf_target_c1_degree_preserving_seed2,sex_sanity_check,
2,4,accuracy,0.16666666666666666,6.0,tf_target_c1_degree_preserving_seed2,sex_sanity_check,
2,4,auroc,,6.0,tf_target_c1_degree_preserving_seed2,sex_sanity_check,
2,5,accuracy,0.5,6.0,tf_target_c1_degree_preserving_seed2,sex_sanity_check,
2,5,auroc,0.625,6.0,tf_target_c1_degree_preserving_seed2,sex_sanity_check,
3,0,accuracy,0.5,6.0,tf_target_c1_degree_preserving_seed2,sex_sanity_check,
3,0,auroc,0.7777777777777778,6.0,tf_target_c1_degree_preserving_seed2,sex_sanity_check,
3,1,accuracy,0.6666666666666666,6.0,tf_target_c1_degree_preserving_seed2,sex_sanity_check,
3,1,auroc,0.8,6.0,tf_target_c1_degree_preserving_seed2,sex_sanity_check,
3,2,accuracy,0.5,6.0,tf_target_c1_degree_preserving_seed2,sex_sanity_check,
3,2,auroc,0.75,6.0,tf_target_c1_degree_preserving_seed2,sex_sanity_check,
3,3,accuracy,0.3333333333333333,6.0,tf_target_c1_degree_preserving_seed2,sex_sanity_check,
3,3,auroc,0.4444444444444445,6.0,tf_target_c1_degree_preserving_seed2,sex_sanity_check,
3,4,accuracy,0.8333333333333334,6.0,tf_target_c1_degree_preserving_seed2,sex_sanity_check,
3,4,auroc,1.0,6.0,tf_target_c1_degree_preserving_seed2,sex_sanity_check,
3,5,accuracy,0.5,6.0,tf_target_c1_degree_preserving_seed2,sex_sanity_check,
3,5,auroc,0.75,6.0,tf_target_c1_degree_preserving_seed2,sex_sanity_check,
4,0,accuracy,0.6666666666666666,6.0,tf_target_c1_degree_preserving_seed2,sex_sanity_check,
4,0,auroc,1.0,6.0,tf_target_c1_degree_preserving_seed2,sex_sanity_check,
4,1,accuracy,0.3333333333333333,6.0,tf_target_c1_degree_preserving_seed2,sex_sanity_check,
4,1,auroc,0.625,6.0,tf_target_c1_degree_preserving_seed2,sex_sanity_check,
4,2,accuracy,0.6666666666666666,6.0,tf_target_c1_degree_preserving_seed2,sex_sanity_check,
4,2,auroc,0.6666666666666666,6.0,tf_target_c1_degree_preserving_seed2,sex_sanity_check,
4,3,accuracy,0.16666666666666666,6.0,tf_target_c1_degree_preserving_seed2,sex_sanity_check,
4,3,auroc,0.0,6.0,tf_target_c1_degree_preserving_seed2,sex_sanity_check,
4,4,accuracy,0.8333333333333334,6.0,tf_target_c1_degree_preserving_seed2,sex_sanity_check,
4,4,auroc,0.8,6.0,tf_target_c1_degree_preserving_seed2,sex_sanity_check,
4,5,accuracy,0.8333333333333334,6.0,tf_target_c1_degree_preserving_seed2,sex_sanity_check,
4,5,auroc,,6.0,tf_target_c1_degree_preserving_seed2,sex_sanity_check,
0,0,r2,-1.7007357309507638,,tf_target_c1_degree_preserving_seed2,lib_size_leakage,
0,1,r2,0.041266702456983606,,tf_target_c1_degree_preserving_seed2,lib_size_leakage,
0,2,r2,-0.8944703558639289,,tf_target_c1_degree_preserving_seed2,lib_size_leakage,
0,3,r2,-0.03331513624293092,,tf_target_c1_degree_preserving_seed2,lib_size_leakage,
0,4,r2,-2.1933298572092115,,tf_target_c1_degree_preserving_seed2,lib_size_leakage,
0,5,r2,-0.23256801308412256,,tf_target_c1_degree_preserving_seed2,lib_size_leakage,
1,0,r2,-0.023733049447385746,,tf_target_c1_degree_preserving_seed2,lib_size_leakage,
1,1,r2,-0.7039342164931,,tf_target_c1_degree_preserving_seed2,lib_size_leakage,
1,2,r2,-5.241389535557442,,tf_target_c1_degree_preserving_seed2,lib_size_leakage,
1,3,r2,-1.014140860167799,,tf_target_c1_degree_preserving_seed2,lib_size_leakage,
1,4,r2,-0.5757321720126385,,tf_target_c1_degree_preserving_seed2,lib_size_leakage,
1,5,r2,-0.17402224131097555,,tf_target_c1_degree_preserving_seed2,lib_size_leakage,
2,0,r2,-1.0193622689365829,,tf_target_c1_degree_preserving_seed2,lib_size_leakage,
2,1,r2,-2.097706163162033,,tf_target_c1_degree_preserving_seed2,lib_size_leakage,
2,2,r2,-0.38356150929986077,,tf_target_c1_degree_preserving_seed2,lib_size_leakage,
2,3,r2,0.07184167165670796,,tf_target_c1_degree_preserving_seed2,lib_size_leakage,
2,4,r2,-1.7021481703350845,,tf_target_c1_degree_preserving_seed2,lib_size_leakage,
2,5,r2,-0.3959267053498696,,tf_target_c1_degree_preserving_seed2,lib_size_leakage,
3,0,r2,-4.438912694300928,,tf_target_c1_degree_preserving_seed2,lib_size_leakage,
3,1,r2,-0.6166647265495004,,tf_target_c1_degree_preserving_seed2,lib_size_leakage,
3,2,r2,-0.4503399904017926,,tf_target_c1_degree_preserving_seed2,lib_size_leakage,
3,3,r2,-0.4372942225163514,,tf_target_c1_degree_preserving_seed2,lib_size_leakage,
3,4,r2,-0.04988405062477197,,tf_target_c1_degree_preserving_seed2,lib_size_leakage,
3,5,r2,-0.27686624257376824,,tf_target_c1_degree_preserving_seed2,lib_size_leakage,
4,0,r2,-0.6109231941821056,,tf_target_c1_degree_preserving_seed2,lib_size_leakage,
4,1,r2,-5.289609666797732,,tf_target_c1_degree_preserving_seed2,lib_size_leakage,
4,2,r2,-1.0883640189366783,,tf_target_c1_degree_preserving_seed2,lib_size_leakage,
4,3,r2,-1.1969750054489392,,tf_target_c1_degree_preserving_seed2,lib_size_leakage,
4,4,r2,-0.18953382098945526,,tf_target_c1_degree_preserving_seed2,lib_size_leakage,
4,5,r2,-0.09970843242594585,,tf_target_c1_degree_preserving_seed2,lib_size_leakage,
0,0,accuracy,0.3246753246753247,,tf_target_c1_degree_preserving_seed2,celltype_sanity_check,77.0
0,1,accuracy,0.35064935064935066,,tf_target_c1_degree_preserving_seed2,celltype_sanity_check,77.0
0,2,accuracy,0.37662337662337664,,tf_target_c1_degree_preserving_seed2,celltype_sanity_check,77.0
0,3,accuracy,0.38961038961038963,,tf_target_c1_degree_preserving_seed2,celltype_sanity_check,77.0
0,4,accuracy,0.3116883116883117,,tf_target_c1_degree_preserving_seed2,celltype_sanity_check,77.0
0,5,accuracy,0.3684210526315789,,tf_target_c1_degree_preserving_seed2,celltype_sanity_check,76.0
1,0,accuracy,0.2987012987012987,,tf_target_c1_degree_preserving_seed2,celltype_sanity_check,77.0
1,1,accuracy,0.2987012987012987,,tf_target_c1_degree_preserving_seed2,celltype_sanity_check,77.0
1,2,accuracy,0.35064935064935066,,tf_target_c1_degree_preserving_seed2,celltype_sanity_check,77.0
1,3,accuracy,0.37662337662337664,,tf_target_c1_degree_preserving_seed2,celltype_sanity_check,77.0
1,4,accuracy,0.4025974025974026,,tf_target_c1_degree_preserving_seed2,celltype_sanity_check,77.0
1,5,accuracy,0.3684210526315789,,tf_target_c1_degree_preserving_seed2,celltype_sanity_check,76.0
2,0,accuracy,0.4155844155844156,,tf_target_c1_degree_preserving_seed2,celltype_sanity_check,77.0
2,1,accuracy,0.2597402597402597,,tf_target_c1_degree_preserving_seed2,celltype_sanity_check,77.0
2,2,accuracy,0.2987012987012987,,tf_target_c1_degree_preserving_seed2,celltype_sanity_check,77.0
2,3,accuracy,0.36363636363636365,,tf_target_c1_degree_preserving_seed2,celltype_sanity_check,77.0
2,4,accuracy,0.37662337662337664,,tf_target_c1_degree_preserving_seed2,celltype_sanity_check,77.0
2,5,accuracy,0.3684210526315789,,tf_target_c1_degree_preserving_seed2,celltype_sanity_check,76.0
3,0,accuracy,0.4155844155844156,,tf_target_c1_degree_preserving_seed2,celltype_sanity_check,77.0
3,1,accuracy,0.38961038961038963,,tf_target_c1_degree_preserving_seed2,celltype_sanity_check,77.0
3,2,accuracy,0.33766233766233766,,tf_target_c1_degree_preserving_seed2,celltype_sanity_check,77.0
3,3,accuracy,0.2727272727272727,,tf_target_c1_degree_preserving_seed2,celltype_sanity_check,77.0
3,4,accuracy,0.42105263157894735,,tf_target_c1_degree_preserving_seed2,celltype_sanity_check,76.0
3,5,accuracy,0.2727272727272727,,tf_target_c1_degree_preserving_seed2,celltype_sanity_check,77.0
4,0,accuracy,0.36363636363636365,,tf_target_c1_degree_preserving_seed2,celltype_sanity_check,77.0
4,1,accuracy,0.35064935064935066,,tf_target_c1_degree_preserving_seed2,celltype_sanity_check,77.0
4,2,accuracy,0.36363636363636365,,tf_target_c1_degree_preserving_seed2,celltype_sanity_check,77.0
4,3,accuracy,0.4025974025974026,,tf_target_c1_degree_preserving_seed2,celltype_sanity_check,77.0
4,4,accuracy,0.2987012987012987,,tf_target_c1_degree_preserving_seed2,celltype_sanity_check,77.0
4,5,accuracy,0.2894736842105263,,tf_target_c1_degree_preserving_seed2,celltype_sanity_check,76.0
0,0,accuracy,0.3333333333333333,6.0,tf_target_c2_fully_random_seed2,disease_status,
0,0,auroc,0.33333333333333337,6.0,tf_target_c2_fully_random_seed2,disease_status,
0,1,accuracy,0.5,6.0,tf_target_c2_fully_random_seed2,disease_status,
0,1,auroc,0.5555555555555556,6.0,tf_target_c2_fully_random_seed2,disease_status,
0,2,accuracy,0.3333333333333333,6.0,tf_target_c2_fully_random_seed2,disease_status,
0,2,auroc,0.11111111111111112,6.0,tf_target_c2_fully_random_seed2,disease_status,
0,3,accuracy,0.5,6.0,tf_target_c2_fully_random_seed2,disease_status,
0,3,auroc,0.4444444444444445,6.0,tf_target_c2_fully_random_seed2,disease_status,
0,4,accuracy,0.16666666666666666,6.0,tf_target_c2_fully_random_seed2,disease_status,
0,4,auroc,0.0,6.0,tf_target_c2_fully_random_seed2,disease_status,
0,5,accuracy,0.8333333333333334,6.0,tf_target_c2_fully_random_seed2,disease_status,
0,5,auroc,1.0,6.0,tf_target_c2_fully_random_seed2,disease_status,
1,0,accuracy,0.16666666666666666,6.0,tf_target_c2_fully_random_seed2,disease_status,
1,0,auroc,0.11111111111111112,6.0,tf_target_c2_fully_random_seed2,disease_status,
1,1,accuracy,0.3333333333333333,6.0,tf_target_c2_fully_random_seed2,disease_status,
1,1,auroc,0.11111111111111112,6.0,tf_target_c2_fully_random_seed2,disease_status,
1,2,accuracy,0.6666666666666666,6.0,tf_target_c2_fully_random_seed2,disease_status,
1,2,auroc,0.6666666666666666,6.0,tf_target_c2_fully_random_seed2,disease_status,
1,3,accuracy,0.16666666666666666,6.0,tf_target_c2_fully_random_seed2,disease_status,
1,3,auroc,0.0,6.0,tf_target_c2_fully_random_seed2,disease_status,
1,4,accuracy,0.5,6.0,tf_target_c2_fully_random_seed2,disease_status,
1,4,auroc,0.6666666666666666,6.0,tf_target_c2_fully_random_seed2,disease_status,
1,5,accuracy,0.3333333333333333,6.0,tf_target_c2_fully_random_seed2,disease_status,
1,5,auroc,0.22222222222222224,6.0,tf_target_c2_fully_random_seed2,disease_status,
2,0,accuracy,0.3333333333333333,6.0,tf_target_c2_fully_random_seed2,disease_status,
2,0,auroc,0.0,6.0,tf_target_c2_fully_random_seed2,disease_status,
2,1,accuracy,0.3333333333333333,6.0,tf_target_c2_fully_random_seed2,disease_status,
2,1,auroc,0.6666666666666667,6.0,tf_target_c2_fully_random_seed2,disease_status,
2,2,accuracy,0.5,6.0,tf_target_c2_fully_random_seed2,disease_status,
2,2,auroc,0.4444444444444445,6.0,tf_target_c2_fully_random_seed2,disease_status,
2,3,accuracy,0.3333333333333333,6.0,tf_target_c2_fully_random_seed2,disease_status,
2,3,auroc,0.22222222222222224,6.0,tf_target_c2_fully_random_seed2,disease_status,
2,4,accuracy,0.3333333333333333,6.0,tf_target_c2_fully_random_seed2,disease_status,
2,4,auroc,0.5555555555555556,6.0,tf_target_c2_fully_random_seed2,disease_status,
2,5,accuracy,0.6666666666666666,6.0,tf_target_c2_fully_random_seed2,disease_status,
2,5,auroc,0.6666666666666667,6.0,tf_target_c2_fully_random_seed2,disease_status,
3,0,accuracy,0.3333333333333333,6.0,tf_target_c2_fully_random_seed2,disease_status,
3,0,auroc,0.22222222222222224,6.0,tf_target_c2_fully_random_seed2,disease_status,
3,1,accuracy,0.3333333333333333,6.0,tf_target_c2_fully_random_seed2,disease_status,
3,1,auroc,0.11111111111111112,6.0,tf_target_c2_fully_random_seed2,disease_status,
3,2,accuracy,0.5,6.0,tf_target_c2_fully_random_seed2,disease_status,
3,2,auroc,0.11111111111111112,6.0,tf_target_c2_fully_random_seed2,disease_status,
3,3,accuracy,0.3333333333333333,6.0,tf_target_c2_fully_random_seed2,disease_status,
3,3,auroc,0.33333333333333337,6.0,tf_target_c2_fully_random_seed2,disease_status,
3,4,accuracy,0.5,6.0,tf_target_c2_fully_random_seed2,disease_status,
3,4,auroc,0.6666666666666667,6.0,tf_target_c2_fully_random_seed2,disease_status,
3,5,accuracy,0.0,6.0,tf_target_c2_fully_random_seed2,disease_status,
3,5,auroc,0.0,6.0,tf_target_c2_fully_random_seed2,disease_status,
4,0,accuracy,0.3333333333333333,6.0,tf_target_c2_fully_random_seed2,disease_status,
4,0,auroc,0.22222222222222224,6.0,tf_target_c2_fully_random_seed2,disease_status,
4,1,accuracy,0.3333333333333333,6.0,tf_target_c2_fully_random_seed2,disease_status,
4,1,auroc,0.22222222222222224,6.0,tf_target_c2_fully_random_seed2,disease_status,
4,2,accuracy,0.16666666666666666,6.0,tf_target_c2_fully_random_seed2,disease_status,
4,2,auroc,0.11111111111111112,6.0,tf_target_c2_fully_random_seed2,disease_status,
4,3,accuracy,0.6666666666666666,6.0,tf_target_c2_fully_random_seed2,disease_status,
4,3,auroc,0.5555555555555556,6.0,tf_target_c2_fully_random_seed2,disease_status,
4,4,accuracy,0.6666666666666666,6.0,tf_target_c2_fully_random_seed2,disease_status,
4,4,auroc,0.5555555555555556,6.0,tf_target_c2_fully_random_seed2,disease_status,
4,5,accuracy,0.3333333333333333,6.0,tf_target_c2_fully_random_seed2,disease_status,
4,5,auroc,0.4444444444444444,6.0,tf_target_c2_fully_random_seed2,disease_status,
0,0,accuracy,0.6666666666666666,6.0,tf_target_c2_fully_random_seed2,sex_sanity_check,
0,0,auroc,0.4,6.0,tf_target_c2_fully_random_seed2,sex_sanity_check,
0,1,accuracy,0.3333333333333333,6.0,tf_target_c2_fully_random_seed2,sex_sanity_check,
0,1,auroc,0.5,6.0,tf_target_c2_fully_random_seed2,sex_sanity_check,
0,2,accuracy,0.6666666666666666,6.0,tf_target_c2_fully_random_seed2,sex_sanity_check,
0,2,auroc,0.75,6.0,tf_target_c2_fully_random_seed2,sex_sanity_check,
0,3,accuracy,0.8333333333333334,6.0,tf_target_c2_fully_random_seed2,sex_sanity_check,
0,3,auroc,0.8,6.0,tf_target_c2_fully_random_seed2,sex_sanity_check,
0,4,accuracy,0.6666666666666666,6.0,tf_target_c2_fully_random_seed2,sex_sanity_check,
0,4,auroc,0.7777777777777778,6.0,tf_target_c2_fully_random_seed2,sex_sanity_check,
0,5,accuracy,0.5,6.0,tf_target_c2_fully_random_seed2,sex_sanity_check,
0,5,auroc,0.7777777777777778,6.0,tf_target_c2_fully_random_seed2,sex_sanity_check,
1,0,accuracy,0.6666666666666666,6.0,tf_target_c2_fully_random_seed2,sex_sanity_check,
1,0,auroc,0.625,6.0,tf_target_c2_fully_random_seed2,sex_sanity_check,
1,1,accuracy,0.3333333333333333,6.0,tf_target_c2_fully_random_seed2,sex_sanity_check,
1,1,auroc,0.4,6.0,tf_target_c2_fully_random_seed2,sex_sanity_check,
1,2,accuracy,0.5,6.0,tf_target_c2_fully_random_seed2,sex_sanity_check,
1,2,auroc,0.4444444444444445,6.0,tf_target_c2_fully_random_seed2,sex_sanity_check,
1,3,accuracy,0.8333333333333334,6.0,tf_target_c2_fully_random_seed2,sex_sanity_check,
1,3,auroc,0.75,6.0,tf_target_c2_fully_random_seed2,sex_sanity_check,
1,4,accuracy,0.6666666666666666,6.0,tf_target_c2_fully_random_seed2,sex_sanity_check,
1,4,auroc,1.0,6.0,tf_target_c2_fully_random_seed2,sex_sanity_check,
1,5,accuracy,0.6666666666666666,6.0,tf_target_c2_fully_random_seed2,sex_sanity_check,
1,5,auroc,0.625,6.0,tf_target_c2_fully_random_seed2,sex_sanity_check,
2,0,accuracy,0.6666666666666666,6.0,tf_target_c2_fully_random_seed2,sex_sanity_check,
2,0,auroc,1.0,6.0,tf_target_c2_fully_random_seed2,sex_sanity_check,
2,1,accuracy,0.6666666666666666,6.0,tf_target_c2_fully_random_seed2,sex_sanity_check,
2,1,auroc,0.7777777777777778,6.0,tf_target_c2_fully_random_seed2,sex_sanity_check,
2,2,accuracy,0.5,6.0,tf_target_c2_fully_random_seed2,sex_sanity_check,
2,2,auroc,0.875,6.0,tf_target_c2_fully_random_seed2,sex_sanity_check,
2,3,accuracy,0.8333333333333334,6.0,tf_target_c2_fully_random_seed2,sex_sanity_check,
2,3,auroc,0.8,6.0,tf_target_c2_fully_random_seed2,sex_sanity_check,
2,4,accuracy,0.16666666666666666,6.0,tf_target_c2_fully_random_seed2,sex_sanity_check,
2,4,auroc,,6.0,tf_target_c2_fully_random_seed2,sex_sanity_check,
2,5,accuracy,0.5,6.0,tf_target_c2_fully_random_seed2,sex_sanity_check,
2,5,auroc,0.75,6.0,tf_target_c2_fully_random_seed2,sex_sanity_check,
3,0,accuracy,0.5,6.0,tf_target_c2_fully_random_seed2,sex_sanity_check,
3,0,auroc,0.6666666666666666,6.0,tf_target_c2_fully_random_seed2,sex_sanity_check,
3,1,accuracy,0.6666666666666666,6.0,tf_target_c2_fully_random_seed2,sex_sanity_check,
3,1,auroc,0.8,6.0,tf_target_c2_fully_random_seed2,sex_sanity_check,
3,2,accuracy,0.8333333333333334,6.0,tf_target_c2_fully_random_seed2,sex_sanity_check,
3,2,auroc,0.875,6.0,tf_target_c2_fully_random_seed2,sex_sanity_check,
3,3,accuracy,0.3333333333333333,6.0,tf_target_c2_fully_random_seed2,sex_sanity_check,
3,3,auroc,0.5555555555555556,6.0,tf_target_c2_fully_random_seed2,sex_sanity_check,
3,4,accuracy,0.8333333333333334,6.0,tf_target_c2_fully_random_seed2,sex_sanity_check,
3,4,auroc,1.0,6.0,tf_target_c2_fully_random_seed2,sex_sanity_check,
3,5,accuracy,0.8333333333333334,6.0,tf_target_c2_fully_random_seed2,sex_sanity_check,
3,5,auroc,0.75,6.0,tf_target_c2_fully_random_seed2,sex_sanity_check,
4,0,accuracy,0.5,6.0,tf_target_c2_fully_random_seed2,sex_sanity_check,
4,0,auroc,1.0,6.0,tf_target_c2_fully_random_seed2,sex_sanity_check,
4,1,accuracy,0.5,6.0,tf_target_c2_fully_random_seed2,sex_sanity_check,
4,1,auroc,0.625,6.0,tf_target_c2_fully_random_seed2,sex_sanity_check,
4,2,accuracy,0.6666666666666666,6.0,tf_target_c2_fully_random_seed2,sex_sanity_check,
4,2,auroc,0.7777777777777778,6.0,tf_target_c2_fully_random_seed2,sex_sanity_check,
4,3,accuracy,0.16666666666666666,6.0,tf_target_c2_fully_random_seed2,sex_sanity_check,
4,3,auroc,0.11111111111111112,6.0,tf_target_c2_fully_random_seed2,sex_sanity_check,
4,4,accuracy,0.5,6.0,tf_target_c2_fully_random_seed2,sex_sanity_check,
4,4,auroc,0.6,6.0,tf_target_c2_fully_random_seed2,sex_sanity_check,
4,5,accuracy,0.8333333333333334,6.0,tf_target_c2_fully_random_seed2,sex_sanity_check,
4,5,auroc,,6.0,tf_target_c2_fully_random_seed2,sex_sanity_check,
0,0,r2,-2.0133697223697005,,tf_target_c2_fully_random_seed2,lib_size_leakage,
0,1,r2,-0.10519728891660995,,tf_target_c2_fully_random_seed2,lib_size_leakage,
0,2,r2,-1.3037402193392928,,tf_target_c2_fully_random_seed2,lib_size_leakage,
0,3,r2,-1.1455097947419266,,tf_target_c2_fully_random_seed2,lib_size_leakage,
0,4,r2,-3.9502895417749953,,tf_target_c2_fully_random_seed2,lib_size_leakage,
0,5,r2,-0.5930303129188266,,tf_target_c2_fully_random_seed2,lib_size_leakage,
1,0,r2,-0.6931371081519739,,tf_target_c2_fully_random_seed2,lib_size_leakage,
1,1,r2,-0.9070411479323071,,tf_target_c2_fully_random_seed2,lib_size_leakage,
1,2,r2,-6.739772388511528,,tf_target_c2_fully_random_seed2,lib_size_leakage,
1,3,r2,-1.1929096737289093,,tf_target_c2_fully_random_seed2,lib_size_leakage,
1,4,r2,-0.38654182435527207,,tf_target_c2_fully_random_seed2,lib_size_leakage,
1,5,r2,-0.7733248504214947,,tf_target_c2_fully_random_seed2,lib_size_leakage,
2,0,r2,-0.7889635878088335,,tf_target_c2_fully_random_seed2,lib_size_leakage,
2,1,r2,-1.989571132386803,,tf_target_c2_fully_random_seed2,lib_size_leakage,
2,2,r2,-0.5351033751886194,,tf_target_c2_fully_random_seed2,lib_size_leakage,
2,3,r2,-0.1402620593211148,,tf_target_c2_fully_random_seed2,lib_size_leakage,
2,4,r2,-2.9372740252170124,,tf_target_c2_fully_random_seed2,lib_size_leakage,
2,5,r2,-0.7048202208560084,,tf_target_c2_fully_random_seed2,lib_size_leakage,
3,0,r2,-4.170486343386313,,tf_target_c2_fully_random_seed2,lib_size_leakage,
3,1,r2,-0.48955079054172446,,tf_target_c2_fully_random_seed2,lib_size_leakage,
3,2,r2,-1.0922454699044324,,tf_target_c2_fully_random_seed2,lib_size_leakage,
3,3,r2,-0.8538555708228162,,tf_target_c2_fully_random_seed2,lib_size_leakage,
3,4,r2,-0.19534192107442938,,tf_target_c2_fully_random_seed2,lib_size_leakage,
3,5,r2,-0.760004650657522,,tf_target_c2_fully_random_seed2,lib_size_leakage,
4,0,r2,-1.050625014164897,,tf_target_c2_fully_random_seed2,lib_size_leakage,
4,1,r2,-6.532311890040618,,tf_target_c2_fully_random_seed2,lib_size_leakage,
4,2,r2,-1.1034559505439563,,tf_target_c2_fully_random_seed2,lib_size_leakage,
4,3,r2,-0.606386773746526,,tf_target_c2_fully_random_seed2,lib_size_leakage,
4,4,r2,-1.041113364668289,,tf_target_c2_fully_random_seed2,lib_size_leakage,
4,5,r2,-0.14822579706291616,,tf_target_c2_fully_random_seed2,lib_size_leakage,
0,0,accuracy,0.2857142857142857,,tf_target_c2_fully_random_seed2,celltype_sanity_check,77.0
0,1,accuracy,0.24675324675324675,,tf_target_c2_fully_random_seed2,celltype_sanity_check,77.0
0,2,accuracy,0.3116883116883117,,tf_target_c2_fully_random_seed2,celltype_sanity_check,77.0
0,3,accuracy,0.2857142857142857,,tf_target_c2_fully_random_seed2,celltype_sanity_check,77.0
0,4,accuracy,0.3116883116883117,,tf_target_c2_fully_random_seed2,celltype_sanity_check,77.0
0,5,accuracy,0.2236842105263158,,tf_target_c2_fully_random_seed2,celltype_sanity_check,76.0
1,0,accuracy,0.2597402597402597,,tf_target_c2_fully_random_seed2,celltype_sanity_check,77.0
1,1,accuracy,0.2597402597402597,,tf_target_c2_fully_random_seed2,celltype_sanity_check,77.0
1,2,accuracy,0.19480519480519481,,tf_target_c2_fully_random_seed2,celltype_sanity_check,77.0
1,3,accuracy,0.19480519480519481,,tf_target_c2_fully_random_seed2,celltype_sanity_check,77.0
1,4,accuracy,0.2727272727272727,,tf_target_c2_fully_random_seed2,celltype_sanity_check,77.0
1,5,accuracy,0.35526315789473684,,tf_target_c2_fully_random_seed2,celltype_sanity_check,76.0
2,0,accuracy,0.33766233766233766,,tf_target_c2_fully_random_seed2,celltype_sanity_check,77.0
2,1,accuracy,0.19480519480519481,,tf_target_c2_fully_random_seed2,celltype_sanity_check,77.0
2,2,accuracy,0.2727272727272727,,tf_target_c2_fully_random_seed2,celltype_sanity_check,77.0
2,3,accuracy,0.2857142857142857,,tf_target_c2_fully_random_seed2,celltype_sanity_check,77.0
2,4,accuracy,0.23376623376623376,,tf_target_c2_fully_random_seed2,celltype_sanity_check,77.0
2,5,accuracy,0.2631578947368421,,tf_target_c2_fully_random_seed2,celltype_sanity_check,76.0
3,0,accuracy,0.2857142857142857,,tf_target_c2_fully_random_seed2,celltype_sanity_check,77.0
3,1,accuracy,0.2597402597402597,,tf_target_c2_fully_random_seed2,celltype_sanity_check,77.0
3,2,accuracy,0.2597402597402597,,tf_target_c2_fully_random_seed2,celltype_sanity_check,77.0
3,3,accuracy,0.24675324675324675,,tf_target_c2_fully_random_seed2,celltype_sanity_check,77.0
3,4,accuracy,0.3157894736842105,,tf_target_c2_fully_random_seed2,celltype_sanity_check,76.0
3,5,accuracy,0.3116883116883117,,tf_target_c2_fully_random_seed2,celltype_sanity_check,77.0
4,0,accuracy,0.24675324675324675,,tf_target_c2_fully_random_seed2,celltype_sanity_check,77.0
4,1,accuracy,0.18181818181818182,,tf_target_c2_fully_random_seed2,celltype_sanity_check,77.0
4,2,accuracy,0.22077922077922077,,tf_target_c2_fully_random_seed2,celltype_sanity_check,77.0
4,3,accuracy,0.38961038961038963,,tf_target_c2_fully_random_seed2,celltype_sanity_check,77.0
4,4,accuracy,0.3116883116883117,,tf_target_c2_fully_random_seed2,celltype_sanity_check,77.0
4,5,accuracy,0.25,,tf_target_c2_fully_random_seed2,celltype_sanity_check,76.0
0,0,accuracy,0.8333333333333334,6.0,tf_target_c1_degree_preserving_seed3,disease_status,
0,0,auroc,0.7777777777777779,6.0,tf_target_c1_degree_preserving_seed3,disease_status,
0,1,accuracy,0.5,6.0,tf_target_c1_degree_preserving_seed3,disease_status,
0,1,auroc,0.4444444444444444,6.0,tf_target_c1_degree_preserving_seed3,disease_status,
0,2,accuracy,0.3333333333333333,6.0,tf_target_c1_degree_preserving_seed3,disease_status,
0,2,auroc,0.3333333333333333,6.0,tf_target_c1_degree_preserving_seed3,disease_status,
0,3,accuracy,0.16666666666666666,6.0,tf_target_c1_degree_preserving_seed3,disease_status,
0,3,auroc,0.0,6.0,tf_target_c1_degree_preserving_seed3,disease_status,
0,4,accuracy,0.3333333333333333,6.0,tf_target_c1_degree_preserving_seed3,disease_status,
0,4,auroc,0.22222222222222224,6.0,tf_target_c1_degree_preserving_seed3,disease_status,
0,5,accuracy,0.5,6.0,tf_target_c1_degree_preserving_seed3,disease_status,
0,5,auroc,0.4444444444444444,6.0,tf_target_c1_degree_preserving_seed3,disease_status,
1,0,accuracy,0.16666666666666666,6.0,tf_target_c1_degree_preserving_seed3,disease_status,
1,0,auroc,0.0,6.0,tf_target_c1_degree_preserving_seed3,disease_status,
1,1,accuracy,0.3333333333333333,6.0,tf_target_c1_degree_preserving_seed3,disease_status,
1,1,auroc,0.33333333333333337,6.0,tf_target_c1_degree_preserving_seed3,disease_status,
1,2,accuracy,0.16666666666666666,6.0,tf_target_c1_degree_preserving_seed3,disease_status,
1,2,auroc,0.22222222222222224,6.0,tf_target_c1_degree_preserving_seed3,disease_status,
1,3,accuracy,0.5,6.0,tf_target_c1_degree_preserving_seed3,disease_status,
1,3,auroc,0.4444444444444444,6.0,tf_target_c1_degree_preserving_seed3,disease_status,
1,4,accuracy,0.6666666666666666,6.0,tf_target_c1_degree_preserving_seed3,disease_status,
1,4,auroc,0.7777777777777779,6.0,tf_target_c1_degree_preserving_seed3,disease_status,
1,5,accuracy,0.16666666666666666,6.0,tf_target_c1_degree_preserving_seed3,disease_status,
1,5,auroc,0.3333333333333333,6.0,tf_target_c1_degree_preserving_seed3,disease_status,
2,0,accuracy,0.16666666666666666,6.0,tf_target_c1_degree_preserving_seed3,disease_status,
2,0,auroc,0.0,6.0,tf_target_c1_degree_preserving_seed3,disease_status,
2,1,accuracy,0.3333333333333333,6.0,tf_target_c1_degree_preserving_seed3,disease_status,
2,1,auroc,0.3333333333333333,6.0,tf_target_c1_degree_preserving_seed3,disease_status,
2,2,accuracy,0.6666666666666666,6.0,tf_target_c1_degree_preserving_seed3,disease_status,
2,2,auroc,0.4444444444444445,6.0,tf_target_c1_degree_preserving_seed3,disease_status,
2,3,accuracy,0.5,6.0,tf_target_c1_degree_preserving_seed3,disease_status,
2,3,auroc,0.5555555555555556,6.0,tf_target_c1_degree_preserving_seed3,disease_status,
2,4,accuracy,0.5,6.0,tf_target_c1_degree_preserving_seed3,disease_status,
2,4,auroc,0.6666666666666667,6.0,tf_target_c1_degree_preserving_seed3,disease_status,
2,5,accuracy,0.3333333333333333,6.0,tf_target_c1_degree_preserving_seed3,disease_status,
2,5,auroc,0.3333333333333333,6.0,tf_target_c1_degree_preserving_seed3,disease_status,
3,0,accuracy,0.3333333333333333,6.0,tf_target_c1_degree_preserving_seed3,disease_status,
3,0,auroc,0.22222222222222224,6.0,tf_target_c1_degree_preserving_seed3,disease_status,
3,1,accuracy,0.3333333333333333,6.0,tf_target_c1_degree_preserving_seed3,disease_status,
3,1,auroc,0.0,6.0,tf_target_c1_degree_preserving_seed3,disease_status,
3,2,accuracy,0.16666666666666666,6.0,tf_target_c1_degree_preserving_seed3,disease_status,
3,2,auroc,0.0,6.0,tf_target_c1_degree_preserving_seed3,disease_status,
3,3,accuracy,0.5,6.0,tf_target_c1_degree_preserving_seed3,disease_status,
3,3,auroc,0.4444444444444445,6.0,tf_target_c1_degree_preserving_seed3,disease_status,
3,4,accuracy,0.6666666666666666,6.0,tf_target_c1_degree_preserving_seed3,disease_status,
3,4,auroc,0.6666666666666667,6.0,tf_target_c1_degree_preserving_seed3,disease_status,
3,5,accuracy,0.16666666666666666,6.0,tf_target_c1_degree_preserving_seed3,disease_status,
3,5,auroc,0.11111111111111112,6.0,tf_target_c1_degree_preserving_seed3,disease_status,
4,0,accuracy,0.3333333333333333,6.0,tf_target_c1_degree_preserving_seed3,disease_status,
4,0,auroc,0.4444444444444444,6.0,tf_target_c1_degree_preserving_seed3,disease_status,
4,1,accuracy,0.0,6.0,tf_target_c1_degree_preserving_seed3,disease_status,
4,1,auroc,0.0,6.0,tf_target_c1_degree_preserving_seed3,disease_status,
4,2,accuracy,0.5,6.0,tf_target_c1_degree_preserving_seed3,disease_status,
4,2,auroc,0.5555555555555556,6.0,tf_target_c1_degree_preserving_seed3,disease_status,
4,3,accuracy,0.16666666666666666,6.0,tf_target_c1_degree_preserving_seed3,disease_status,
4,3,auroc,0.11111111111111112,6.0,tf_target_c1_degree_preserving_seed3,disease_status,
4,4,accuracy,0.16666666666666666,6.0,tf_target_c1_degree_preserving_seed3,disease_status,
4,4,auroc,0.3333333333333333,6.0,tf_target_c1_degree_preserving_seed3,disease_status,
4,5,accuracy,0.3333333333333333,6.0,tf_target_c1_degree_preserving_seed3,disease_status,
4,5,auroc,0.11111111111111112,6.0,tf_target_c1_degree_preserving_seed3,disease_status,
0,0,accuracy,0.8333333333333334,6.0,tf_target_c1_degree_preserving_seed3,sex_sanity_check,
0,0,auroc,0.8,6.0,tf_target_c1_degree_preserving_seed3,sex_sanity_check,
0,1,accuracy,0.3333333333333333,6.0,tf_target_c1_degree_preserving_seed3,sex_sanity_check,
0,1,auroc,0.25,6.0,tf_target_c1_degree_preserving_seed3,sex_sanity_check,
0,2,accuracy,0.6666666666666666,6.0,tf_target_c1_degree_preserving_seed3,sex_sanity_check,
0,2,auroc,0.875,6.0,tf_target_c1_degree_preserving_seed3,sex_sanity_check,
0,3,accuracy,0.6666666666666666,6.0,tf_target_c1_degree_preserving_seed3,sex_sanity_check,
0,3,auroc,0.8,6.0,tf_target_c1_degree_preserving_seed3,sex_sanity_check,
0,4,accuracy,1.0,6.0,tf_target_c1_degree_preserving_seed3,sex_sanity_check,
0,4,auroc,1.0,6.0,tf_target_c1_degree_preserving_seed3,sex_sanity_check,
0,5,accuracy,0.5,6.0,tf_target_c1_degree_preserving_seed3,sex_sanity_check,
0,5,auroc,0.5555555555555556,6.0,tf_target_c1_degree_preserving_seed3,sex_sanity_check,
1,0,accuracy,0.5,6.0,tf_target_c1_degree_preserving_seed3,sex_sanity_check,
1,0,auroc,0.5,6.0,tf_target_c1_degree_preserving_seed3,sex_sanity_check,
1,1,accuracy,0.5,6.0,tf_target_c1_degree_preserving_seed3,sex_sanity_check,
1,1,auroc,0.6,6.0,tf_target_c1_degree_preserving_seed3,sex_sanity_check,
1,2,accuracy,0.5,6.0,tf_target_c1_degree_preserving_seed3,sex_sanity_check,
1,2,auroc,0.4444444444444445,6.0,tf_target_c1_degree_preserving_seed3,sex_sanity_check,
1,3,accuracy,0.8333333333333334,6.0,tf_target_c1_degree_preserving_seed3,sex_sanity_check,
1,3,auroc,1.0,6.0,tf_target_c1_degree_preserving_seed3,sex_sanity_check,
1,4,accuracy,0.6666666666666666,6.0,tf_target_c1_degree_preserving_seed3,sex_sanity_check,
1,4,auroc,1.0,6.0,tf_target_c1_degree_preserving_seed3,sex_sanity_check,
1,5,accuracy,0.5,6.0,tf_target_c1_degree_preserving_seed3,sex_sanity_check,
1,5,auroc,0.5,6.0,tf_target_c1_degree_preserving_seed3,sex_sanity_check,
2,0,accuracy,0.8333333333333334,6.0,tf_target_c1_degree_preserving_seed3,sex_sanity_check,
2,0,auroc,1.0,6.0,tf_target_c1_degree_preserving_seed3,sex_sanity_check,
2,1,accuracy,1.0,6.0,tf_target_c1_degree_preserving_seed3,sex_sanity_check,
2,1,auroc,1.0,6.0,tf_target_c1_degree_preserving_seed3,sex_sanity_check,
2,2,accuracy,0.6666666666666666,6.0,tf_target_c1_degree_preserving_seed3,sex_sanity_check,
2,2,auroc,0.75,6.0,tf_target_c1_degree_preserving_seed3,sex_sanity_check,
2,3,accuracy,0.6666666666666666,6.0,tf_target_c1_degree_preserving_seed3,sex_sanity_check,
2,3,auroc,0.6,6.0,tf_target_c1_degree_preserving_seed3,sex_sanity_check,
2,4,accuracy,0.16666666666666666,6.0,tf_target_c1_degree_preserving_seed3,sex_sanity_check,
2,4,auroc,,6.0,tf_target_c1_degree_preserving_seed3,sex_sanity_check,
2,5,accuracy,0.6666666666666666,6.0,tf_target_c1_degree_preserving_seed3,sex_sanity_check,
2,5,auroc,0.25,6.0,tf_target_c1_degree_preserving_seed3,sex_sanity_check,
3,0,accuracy,0.3333333333333333,6.0,tf_target_c1_degree_preserving_seed3,sex_sanity_check,
3,0,auroc,0.6666666666666666,6.0,tf_target_c1_degree_preserving_seed3,sex_sanity_check,
3,1,accuracy,0.5,6.0,tf_target_c1_degree_preserving_seed3,sex_sanity_check,
3,1,auroc,0.6,6.0,tf_target_c1_degree_preserving_seed3,sex_sanity_check,
3,2,accuracy,0.8333333333333334,6.0,tf_target_c1_degree_preserving_seed3,sex_sanity_check,
3,2,auroc,0.5,6.0,tf_target_c1_degree_preserving_seed3,sex_sanity_check,
3,3,accuracy,0.5,6.0,tf_target_c1_degree_preserving_seed3,sex_sanity_check,
3,3,auroc,0.7777777777777778,6.0,tf_target_c1_degree_preserving_seed3,sex_sanity_check,
3,4,accuracy,0.6666666666666666,6.0,tf_target_c1_degree_preserving_seed3,sex_sanity_check,
3,4,auroc,1.0,6.0,tf_target_c1_degree_preserving_seed3,sex_sanity_check,
3,5,accuracy,0.6666666666666666,6.0,tf_target_c1_degree_preserving_seed3,sex_sanity_check,
3,5,auroc,0.5,6.0,tf_target_c1_degree_preserving_seed3,sex_sanity_check,
4,0,accuracy,0.5,6.0,tf_target_c1_degree_preserving_seed3,sex_sanity_check,
4,0,auroc,1.0,6.0,tf_target_c1_degree_preserving_seed3,sex_sanity_check,
4,1,accuracy,0.5,6.0,tf_target_c1_degree_preserving_seed3,sex_sanity_check,
4,1,auroc,0.625,6.0,tf_target_c1_degree_preserving_seed3,sex_sanity_check,
4,2,accuracy,0.5,6.0,tf_target_c1_degree_preserving_seed3,sex_sanity_check,
4,2,auroc,0.6666666666666666,6.0,tf_target_c1_degree_preserving_seed3,sex_sanity_check,
4,3,accuracy,0.3333333333333333,6.0,tf_target_c1_degree_preserving_seed3,sex_sanity_check,
4,3,auroc,0.0,6.0,tf_target_c1_degree_preserving_seed3,sex_sanity_check,
4,4,accuracy,0.8333333333333334,6.0,tf_target_c1_degree_preserving_seed3,sex_sanity_check,
4,4,auroc,0.8,6.0,tf_target_c1_degree_preserving_seed3,sex_sanity_check,
4,5,accuracy,0.8333333333333334,6.0,tf_target_c1_degree_preserving_seed3,sex_sanity_check,
4,5,auroc,,6.0,tf_target_c1_degree_preserving_seed3,sex_sanity_check,
0,0,r2,-1.802591349750053,,tf_target_c1_degree_preserving_seed3,lib_size_leakage,
0,1,r2,-0.2807603938860834,,tf_target_c1_degree_preserving_seed3,lib_size_leakage,
0,2,r2,-0.33528509169151643,,tf_target_c1_degree_preserving_seed3,lib_size_leakage,
0,3,r2,-0.9175175289838846,,tf_target_c1_degree_preserving_seed3,lib_size_leakage,
0,4,r2,-2.291425602246148,,tf_target_c1_degree_preserving_seed3,lib_size_leakage,
0,5,r2,-0.37160525063117933,,tf_target_c1_degree_preserving_seed3,lib_size_leakage,
1,0,r2,-0.3608237368921827,,tf_target_c1_degree_preserving_seed3,lib_size_leakage,
1,1,r2,-1.1589099797789242,,tf_target_c1_degree_preserving_seed3,lib_size_leakage,
1,2,r2,-5.343263443012638,,tf_target_c1_degree_preserving_seed3,lib_size_leakage,
1,3,r2,-1.1213120407154555,,tf_target_c1_degree_preserving_seed3,lib_size_leakage,
1,4,r2,-0.4806296642375809,,tf_target_c1_degree_preserving_seed3,lib_size_leakage,
1,5,r2,-0.5359427160357337,,tf_target_c1_degree_preserving_seed3,lib_size_leakage,
2,0,r2,-1.1383368926161817,,tf_target_c1_degree_preserving_seed3,lib_size_leakage,
2,1,r2,-2.0209279919748395,,tf_target_c1_degree_preserving_seed3,lib_size_leakage,
2,2,r2,-0.5353743010114349,,tf_target_c1_degree_preserving_seed3,lib_size_leakage,
2,3,r2,0.19823484384702927,,tf_target_c1_degree_preserving_seed3,lib_size_leakage,
2,4,r2,-2.96495720669572,,tf_target_c1_degree_preserving_seed3,lib_size_leakage,
2,5,r2,-1.2565567382495462,,tf_target_c1_degree_preserving_seed3,lib_size_leakage,
3,0,r2,-4.567599495566037,,tf_target_c1_degree_preserving_seed3,lib_size_leakage,
3,1,r2,-0.9405547747333027,,tf_target_c1_degree_preserving_seed3,lib_size_leakage,
3,2,r2,-0.34670418554732696,,tf_target_c1_degree_preserving_seed3,lib_size_leakage,
3,3,r2,-0.4770204031798002,,tf_target_c1_degree_preserving_seed3,lib_size_leakage,
3,4,r2,-0.47989264863898917,,tf_target_c1_degree_preserving_seed3,lib_size_leakage,
3,5,r2,-0.5595607558444842,,tf_target_c1_degree_preserving_seed3,lib_size_leakage,
4,0,r2,-0.7316849537014511,,tf_target_c1_degree_preserving_seed3,lib_size_leakage,
4,1,r2,-5.115407215330626,,tf_target_c1_degree_preserving_seed3,lib_size_leakage,
4,2,r2,-0.5365898747520783,,tf_target_c1_degree_preserving_seed3,lib_size_leakage,
4,3,r2,-1.9944674899319703,,tf_target_c1_degree_preserving_seed3,lib_size_leakage,
4,4,r2,-0.7036490134751363,,tf_target_c1_degree_preserving_seed3,lib_size_leakage,
4,5,r2,-0.26400425944645933,,tf_target_c1_degree_preserving_seed3,lib_size_leakage,
0,0,accuracy,0.2597402597402597,,tf_target_c1_degree_preserving_seed3,celltype_sanity_check,77.0
0,1,accuracy,0.36363636363636365,,tf_target_c1_degree_preserving_seed3,celltype_sanity_check,77.0
0,2,accuracy,0.37662337662337664,,tf_target_c1_degree_preserving_seed3,celltype_sanity_check,77.0
0,3,accuracy,0.38961038961038963,,tf_target_c1_degree_preserving_seed3,celltype_sanity_check,77.0
0,4,accuracy,0.2987012987012987,,tf_target_c1_degree_preserving_seed3,celltype_sanity_check,77.0
0,5,accuracy,0.3815789473684211,,tf_target_c1_degree_preserving_seed3,celltype_sanity_check,76.0
1,0,accuracy,0.35064935064935066,,tf_target_c1_degree_preserving_seed3,celltype_sanity_check,77.0
1,1,accuracy,0.3116883116883117,,tf_target_c1_degree_preserving_seed3,celltype_sanity_check,77.0
1,2,accuracy,0.2727272727272727,,tf_target_c1_degree_preserving_seed3,celltype_sanity_check,77.0
1,3,accuracy,0.35064935064935066,,tf_target_c1_degree_preserving_seed3,celltype_sanity_check,77.0
1,4,accuracy,0.36363636363636365,,tf_target_c1_degree_preserving_seed3,celltype_sanity_check,77.0
1,5,accuracy,0.35526315789473684,,tf_target_c1_degree_preserving_seed3,celltype_sanity_check,76.0
2,0,accuracy,0.35064935064935066,,tf_target_c1_degree_preserving_seed3,celltype_sanity_check,77.0
2,1,accuracy,0.2987012987012987,,tf_target_c1_degree_preserving_seed3,celltype_sanity_check,77.0
2,2,accuracy,0.24675324675324675,,tf_target_c1_degree_preserving_seed3,celltype_sanity_check,77.0
2,3,accuracy,0.35064935064935066,,tf_target_c1_degree_preserving_seed3,celltype_sanity_check,77.0
2,4,accuracy,0.3246753246753247,,tf_target_c1_degree_preserving_seed3,celltype_sanity_check,77.0
2,5,accuracy,0.3684210526315789,,tf_target_c1_degree_preserving_seed3,celltype_sanity_check,76.0
3,0,accuracy,0.36363636363636365,,tf_target_c1_degree_preserving_seed3,celltype_sanity_check,77.0
3,1,accuracy,0.37662337662337664,,tf_target_c1_degree_preserving_seed3,celltype_sanity_check,77.0
3,2,accuracy,0.2987012987012987,,tf_target_c1_degree_preserving_seed3,celltype_sanity_check,77.0
3,3,accuracy,0.35064935064935066,,tf_target_c1_degree_preserving_seed3,celltype_sanity_check,77.0
3,4,accuracy,0.3684210526315789,,tf_target_c1_degree_preserving_seed3,celltype_sanity_check,76.0
3,5,accuracy,0.3116883116883117,,tf_target_c1_degree_preserving_seed3,celltype_sanity_check,77.0
4,0,accuracy,0.33766233766233766,,tf_target_c1_degree_preserving_seed3,celltype_sanity_check,77.0
4,1,accuracy,0.4155844155844156,,tf_target_c1_degree_preserving_seed3,celltype_sanity_check,77.0
4,2,accuracy,0.33766233766233766,,tf_target_c1_degree_preserving_seed3,celltype_sanity_check,77.0
4,3,accuracy,0.38961038961038963,,tf_target_c1_degree_preserving_seed3,celltype_sanity_check,77.0
4,4,accuracy,0.3246753246753247,,tf_target_c1_degree_preserving_seed3,celltype_sanity_check,77.0
4,5,accuracy,0.3026315789473684,,tf_target_c1_degree_preserving_seed3,celltype_sanity_check,76.0
0,0,accuracy,0.6666666666666666,6.0,tf_target_c2_fully_random_seed3,disease_status,
0,0,auroc,0.5555555555555556,6.0,tf_target_c2_fully_random_seed3,disease_status,
0,1,accuracy,0.8333333333333334,6.0,tf_target_c2_fully_random_seed3,disease_status,
0,1,auroc,0.7777777777777778,6.0,tf_target_c2_fully_random_seed3,disease_status,
0,2,accuracy,0.5,6.0,tf_target_c2_fully_random_seed3,disease_status,
0,2,auroc,0.3333333333333333,6.0,tf_target_c2_fully_random_seed3,disease_status,
0,3,accuracy,0.3333333333333333,6.0,tf_target_c2_fully_random_seed3,disease_status,
0,3,auroc,0.22222222222222224,6.0,tf_target_c2_fully_random_seed3,disease_status,
0,4,accuracy,0.8333333333333334,6.0,tf_target_c2_fully_random_seed3,disease_status,
0,4,auroc,0.6666666666666666,6.0,tf_target_c2_fully_random_seed3,disease_status,
0,5,accuracy,0.6666666666666666,6.0,tf_target_c2_fully_random_seed3,disease_status,
0,5,auroc,0.6666666666666667,6.0,tf_target_c2_fully_random_seed3,disease_status,
1,0,accuracy,0.5,6.0,tf_target_c2_fully_random_seed3,disease_status,
1,0,auroc,0.5555555555555556,6.0,tf_target_c2_fully_random_seed3,disease_status,
1,1,accuracy,0.8333333333333334,6.0,tf_target_c2_fully_random_seed3,disease_status,
1,1,auroc,0.6666666666666666,6.0,tf_target_c2_fully_random_seed3,disease_status,
1,2,accuracy,0.8333333333333334,6.0,tf_target_c2_fully_random_seed3,disease_status,
1,2,auroc,0.888888888888889,6.0,tf_target_c2_fully_random_seed3,disease_status,
1,3,accuracy,0.6666666666666666,6.0,tf_target_c2_fully_random_seed3,disease_status,
1,3,auroc,0.6666666666666666,6.0,tf_target_c2_fully_random_seed3,disease_status,
1,4,accuracy,1.0,6.0,tf_target_c2_fully_random_seed3,disease_status,
1,4,auroc,1.0,6.0,tf_target_c2_fully_random_seed3,disease_status,
1,5,accuracy,0.3333333333333333,6.0,tf_target_c2_fully_random_seed3,disease_status,
1,5,auroc,0.22222222222222224,6.0,tf_target_c2_fully_random_seed3,disease_status,
2,0,accuracy,0.5,6.0,tf_target_c2_fully_random_seed3,disease_status,
2,0,auroc,0.11111111111111112,6.0,tf_target_c2_fully_random_seed3,disease_status,
2,1,accuracy,0.8333333333333334,6.0,tf_target_c2_fully_random_seed3,disease_status,
2,1,auroc,1.0,6.0,tf_target_c2_fully_random_seed3,disease_status,
2,2,accuracy,0.3333333333333333,6.0,tf_target_c2_fully_random_seed3,disease_status,
2,2,auroc,0.22222222222222224,6.0,tf_target_c2_fully_random_seed3,disease_status,
2,3,accuracy,0.6666666666666666,6.0,tf_target_c2_fully_random_seed3,disease_status,
2,3,auroc,0.6666666666666666,6.0,tf_target_c2_fully_random_seed3,disease_status,
2,4,accuracy,0.5,6.0,tf_target_c2_fully_random_seed3,disease_status,
2,4,auroc,0.5555555555555556,6.0,tf_target_c2_fully_random_seed3,disease_status,
2,5,accuracy,0.6666666666666666,6.0,tf_target_c2_fully_random_seed3,disease_status,
2,5,auroc,0.6666666666666667,6.0,tf_target_c2_fully_random_seed3,disease_status,
3,0,accuracy,0.5,6.0,tf_target_c2_fully_random_seed3,disease_status,
3,0,auroc,0.5555555555555556,6.0,tf_target_c2_fully_random_seed3,disease_status,
3,1,accuracy,0.5,6.0,tf_target_c2_fully_random_seed3,disease_status,
3,1,auroc,0.7777777777777779,6.0,tf_target_c2_fully_random_seed3,disease_status,
3,2,accuracy,0.5,6.0,tf_target_c2_fully_random_seed3,disease_status,
3,2,auroc,0.5555555555555556,6.0,tf_target_c2_fully_random_seed3,disease_status,
3,3,accuracy,0.8333333333333334,6.0,tf_target_c2_fully_random_seed3,disease_status,
3,3,auroc,0.7777777777777779,6.0,tf_target_c2_fully_random_seed3,disease_status,
3,4,accuracy,0.8333333333333334,6.0,tf_target_c2_fully_random_seed3,disease_status,
3,4,auroc,0.6666666666666666,6.0,tf_target_c2_fully_random_seed3,disease_status,
3,5,accuracy,0.16666666666666666,6.0,tf_target_c2_fully_random_seed3,disease_status,
3,5,auroc,0.11111111111111112,6.0,tf_target_c2_fully_random_seed3,disease_status,
4,0,accuracy,0.6666666666666666,6.0,tf_target_c2_fully_random_seed3,disease_status,
4,0,auroc,0.7777777777777778,6.0,tf_target_c2_fully_random_seed3,disease_status,
4,1,accuracy,0.5,6.0,tf_target_c2_fully_random_seed3,disease_status,
4,1,auroc,0.4444444444444444,6.0,tf_target_c2_fully_random_seed3,disease_status,
4,2,accuracy,0.6666666666666666,6.0,tf_target_c2_fully_random_seed3,disease_status,
4,2,auroc,1.0,6.0,tf_target_c2_fully_random_seed3,disease_status,
4,3,accuracy,0.5,6.0,tf_target_c2_fully_random_seed3,disease_status,
4,3,auroc,0.6666666666666667,6.0,tf_target_c2_fully_random_seed3,disease_status,
4,4,accuracy,0.5,6.0,tf_target_c2_fully_random_seed3,disease_status,
4,4,auroc,0.4444444444444445,6.0,tf_target_c2_fully_random_seed3,disease_status,
4,5,accuracy,0.3333333333333333,6.0,tf_target_c2_fully_random_seed3,disease_status,
4,5,auroc,0.33333333333333337,6.0,tf_target_c2_fully_random_seed3,disease_status,
0,0,accuracy,0.8333333333333334,6.0,tf_target_c2_fully_random_seed3,sex_sanity_check,
0,0,auroc,1.0,6.0,tf_target_c2_fully_random_seed3,sex_sanity_check,
0,1,accuracy,0.5,6.0,tf_target_c2_fully_random_seed3,sex_sanity_check,
0,1,auroc,0.25,6.0,tf_target_c2_fully_random_seed3,sex_sanity_check,
0,2,accuracy,0.5,6.0,tf_target_c2_fully_random_seed3,sex_sanity_check,
0,2,auroc,0.75,6.0,tf_target_c2_fully_random_seed3,sex_sanity_check,
0,3,accuracy,0.8333333333333334,6.0,tf_target_c2_fully_random_seed3,sex_sanity_check,
0,3,auroc,0.8,6.0,tf_target_c2_fully_random_seed3,sex_sanity_check,
0,4,accuracy,0.6666666666666666,6.0,tf_target_c2_fully_random_seed3,sex_sanity_check,
0,4,auroc,1.0,6.0,tf_target_c2_fully_random_seed3,sex_sanity_check,
0,5,accuracy,0.5,6.0,tf_target_c2_fully_random_seed3,sex_sanity_check,
0,5,auroc,1.0,6.0,tf_target_c2_fully_random_seed3,sex_sanity_check,
1,0,accuracy,0.5,6.0,tf_target_c2_fully_random_seed3,sex_sanity_check,
1,0,auroc,0.625,6.0,tf_target_c2_fully_random_seed3,sex_sanity_check,
1,1,accuracy,0.8333333333333334,6.0,tf_target_c2_fully_random_seed3,sex_sanity_check,
1,1,auroc,1.0,6.0,tf_target_c2_fully_random_seed3,sex_sanity_check,
1,2,accuracy,0.3333333333333333,6.0,tf_target_c2_fully_random_seed3,sex_sanity_check,
1,2,auroc,0.4444444444444445,6.0,tf_target_c2_fully_random_seed3,sex_sanity_check,
1,3,accuracy,0.6666666666666666,6.0,tf_target_c2_fully_random_seed3,sex_sanity_check,
1,3,auroc,1.0,6.0,tf_target_c2_fully_random_seed3,sex_sanity_check,
1,4,accuracy,0.8333333333333334,6.0,tf_target_c2_fully_random_seed3,sex_sanity_check,
1,4,auroc,0.875,6.0,tf_target_c2_fully_random_seed3,sex_sanity_check,
1,5,accuracy,0.8333333333333334,6.0,tf_target_c2_fully_random_seed3,sex_sanity_check,
1,5,auroc,0.875,6.0,tf_target_c2_fully_random_seed3,sex_sanity_check,
2,0,accuracy,0.6666666666666666,6.0,tf_target_c2_fully_random_seed3,sex_sanity_check,
2,0,auroc,1.0,6.0,tf_target_c2_fully_random_seed3,sex_sanity_check,
2,1,accuracy,0.6666666666666666,6.0,tf_target_c2_fully_random_seed3,sex_sanity_check,
2,1,auroc,1.0,6.0,tf_target_c2_fully_random_seed3,sex_sanity_check,
2,2,accuracy,0.5,6.0,tf_target_c2_fully_random_seed3,sex_sanity_check,
2,2,auroc,1.0,6.0,tf_target_c2_fully_random_seed3,sex_sanity_check,
2,3,accuracy,0.8333333333333334,6.0,tf_target_c2_fully_random_seed3,sex_sanity_check,
2,3,auroc,0.8,6.0,tf_target_c2_fully_random_seed3,sex_sanity_check,
2,4,accuracy,0.6666666666666666,6.0,tf_target_c2_fully_random_seed3,sex_sanity_check,
2,4,auroc,,6.0,tf_target_c2_fully_random_seed3,sex_sanity_check,
2,5,accuracy,0.6666666666666666,6.0,tf_target_c2_fully_random_seed3,sex_sanity_check,
2,5,auroc,0.75,6.0,tf_target_c2_fully_random_seed3,sex_sanity_check,
3,0,accuracy,0.6666666666666666,6.0,tf_target_c2_fully_random_seed3,sex_sanity_check,
3,0,auroc,0.7777777777777778,6.0,tf_target_c2_fully_random_seed3,sex_sanity_check,
3,1,accuracy,0.8333333333333334,6.0,tf_target_c2_fully_random_seed3,sex_sanity_check,
3,1,auroc,0.8,6.0,tf_target_c2_fully_random_seed3,sex_sanity_check,
3,2,accuracy,0.5,6.0,tf_target_c2_fully_random_seed3,sex_sanity_check,
3,2,auroc,0.75,6.0,tf_target_c2_fully_random_seed3,sex_sanity_check,
3,3,accuracy,0.5,6.0,tf_target_c2_fully_random_seed3,sex_sanity_check,
3,3,auroc,0.888888888888889,6.0,tf_target_c2_fully_random_seed3,sex_sanity_check,
3,4,accuracy,0.8333333333333334,6.0,tf_target_c2_fully_random_seed3,sex_sanity_check,
3,4,auroc,0.8,6.0,tf_target_c2_fully_random_seed3,sex_sanity_check,
3,5,accuracy,0.8333333333333334,6.0,tf_target_c2_fully_random_seed3,sex_sanity_check,
3,5,auroc,0.75,6.0,tf_target_c2_fully_random_seed3,sex_sanity_check,
4,0,accuracy,0.8333333333333334,6.0,tf_target_c2_fully_random_seed3,sex_sanity_check,
4,0,auroc,1.0,6.0,tf_target_c2_fully_random_seed3,sex_sanity_check,
4,1,accuracy,0.5,6.0,tf_target_c2_fully_random_seed3,sex_sanity_check,
4,1,auroc,0.75,6.0,tf_target_c2_fully_random_seed3,sex_sanity_check,
4,2,accuracy,0.5,6.0,tf_target_c2_fully_random_seed3,sex_sanity_check,
4,2,auroc,0.888888888888889,6.0,tf_target_c2_fully_random_seed3,sex_sanity_check,
4,3,accuracy,0.3333333333333333,6.0,tf_target_c2_fully_random_seed3,sex_sanity_check,
4,3,auroc,0.11111111111111112,6.0,tf_target_c2_fully_random_seed3,sex_sanity_check,
4,4,accuracy,0.8333333333333334,6.0,tf_target_c2_fully_random_seed3,sex_sanity_check,
4,4,auroc,0.6,6.0,tf_target_c2_fully_random_seed3,sex_sanity_check,
4,5,accuracy,0.8333333333333334,6.0,tf_target_c2_fully_random_seed3,sex_sanity_check,
4,5,auroc,,6.0,tf_target_c2_fully_random_seed3,sex_sanity_check,
0,0,r2,-2.4123691064253228,,tf_target_c2_fully_random_seed3,lib_size_leakage,
0,1,r2,-0.2626207907380831,,tf_target_c2_fully_random_seed3,lib_size_leakage,
0,2,r2,-1.732794331011056,,tf_target_c2_fully_random_seed3,lib_size_leakage,
0,3,r2,-1.1826699600409727,,tf_target_c2_fully_random_seed3,lib_size_leakage,
0,4,r2,-3.06325137987547,,tf_target_c2_fully_random_seed3,lib_size_leakage,
0,5,r2,-0.004461014041235556,,tf_target_c2_fully_random_seed3,lib_size_leakage,
1,0,r2,-0.5944354133504324,,tf_target_c2_fully_random_seed3,lib_size_leakage,
1,1,r2,-0.9028278305548352,,tf_target_c2_fully_random_seed3,lib_size_leakage,
1,2,r2,-8.159102067302245,,tf_target_c2_fully_random_seed3,lib_size_leakage,
1,3,r2,-1.0103875746778277,,tf_target_c2_fully_random_seed3,lib_size_leakage,
1,4,r2,-1.4081410959666103,,tf_target_c2_fully_random_seed3,lib_size_leakage,
1,5,r2,-0.11894271808012724,,tf_target_c2_fully_random_seed3,lib_size_leakage,
2,0,r2,-1.8352947611189738,,tf_target_c2_fully_random_seed3,lib_size_leakage,
2,1,r2,-2.491594018768011,,tf_target_c2_fully_random_seed3,lib_size_leakage,
2,2,r2,-0.8678396489818856,,tf_target_c2_fully_random_seed3,lib_size_leakage,
2,3,r2,-0.13860880945927812,,tf_target_c2_fully_random_seed3,lib_size_leakage,
2,4,r2,-2.3342079722711238,,tf_target_c2_fully_random_seed3,lib_size_leakage,
2,5,r2,-0.75612466031564,,tf_target_c2_fully_random_seed3,lib_size_leakage,
3,0,r2,-5.318146057590025,,tf_target_c2_fully_random_seed3,lib_size_leakage,
3,1,r2,-0.8967652689790406,,tf_target_c2_fully_random_seed3,lib_size_leakage,
3,2,r2,-0.8926071335116954,,tf_target_c2_fully_random_seed3,lib_size_leakage,
3,3,r2,-0.5064865872444919,,tf_target_c2_fully_random_seed3,lib_size_leakage,
3,4,r2,-0.3906933269934165,,tf_target_c2_fully_random_seed3,lib_size_leakage,
3,5,r2,-0.8056238853962194,,tf_target_c2_fully_random_seed3,lib_size_leakage,
4,0,r2,-1.117434779271162,,tf_target_c2_fully_random_seed3,lib_size_leakage,
4,1,r2,-5.548832517916411,,tf_target_c2_fully_random_seed3,lib_size_leakage,
4,2,r2,-0.5764601401936811,,tf_target_c2_fully_random_seed3,lib_size_leakage,
4,3,r2,-1.407208876273926,,tf_target_c2_fully_random_seed3,lib_size_leakage,
4,4,r2,-1.126233328032094,,tf_target_c2_fully_random_seed3,lib_size_leakage,
4,5,r2,-0.09415434582132565,,tf_target_c2_fully_random_seed3,lib_size_leakage,
0,0,accuracy,0.2987012987012987,,tf_target_c2_fully_random_seed3,celltype_sanity_check,77.0
0,1,accuracy,0.2987012987012987,,tf_target_c2_fully_random_seed3,celltype_sanity_check,77.0
0,2,accuracy,0.33766233766233766,,tf_target_c2_fully_random_seed3,celltype_sanity_check,77.0
0,3,accuracy,0.36363636363636365,,tf_target_c2_fully_random_seed3,celltype_sanity_check,77.0
0,4,accuracy,0.2727272727272727,,tf_target_c2_fully_random_seed3,celltype_sanity_check,77.0
0,5,accuracy,0.2631578947368421,,tf_target_c2_fully_random_seed3,celltype_sanity_check,76.0
1,0,accuracy,0.3116883116883117,,tf_target_c2_fully_random_seed3,celltype_sanity_check,77.0
1,1,accuracy,0.2597402597402597,,tf_target_c2_fully_random_seed3,celltype_sanity_check,77.0
1,2,accuracy,0.23376623376623376,,tf_target_c2_fully_random_seed3,celltype_sanity_check,77.0
1,3,accuracy,0.2727272727272727,,tf_target_c2_fully_random_seed3,celltype_sanity_check,77.0
1,4,accuracy,0.2597402597402597,,tf_target_c2_fully_random_seed3,celltype_sanity_check,77.0
1,5,accuracy,0.32894736842105265,,tf_target_c2_fully_random_seed3,celltype_sanity_check,76.0
2,0,accuracy,0.24675324675324675,,tf_target_c2_fully_random_seed3,celltype_sanity_check,77.0
2,1,accuracy,0.18181818181818182,,tf_target_c2_fully_random_seed3,celltype_sanity_check,77.0
2,2,accuracy,0.2857142857142857,,tf_target_c2_fully_random_seed3,celltype_sanity_check,77.0
2,3,accuracy,0.22077922077922077,,tf_target_c2_fully_random_seed3,celltype_sanity_check,77.0
2,4,accuracy,0.36363636363636365,,tf_target_c2_fully_random_seed3,celltype_sanity_check,77.0
2,5,accuracy,0.21052631578947367,,tf_target_c2_fully_random_seed3,celltype_sanity_check,76.0
3,0,accuracy,0.2987012987012987,,tf_target_c2_fully_random_seed3,celltype_sanity_check,77.0
3,1,accuracy,0.2987012987012987,,tf_target_c2_fully_random_seed3,celltype_sanity_check,77.0
3,2,accuracy,0.23376623376623376,,tf_target_c2_fully_random_seed3,celltype_sanity_check,77.0
3,3,accuracy,0.2857142857142857,,tf_target_c2_fully_random_seed3,celltype_sanity_check,77.0
3,4,accuracy,0.25,,tf_target_c2_fully_random_seed3,celltype_sanity_check,76.0
3,5,accuracy,0.3246753246753247,,tf_target_c2_fully_random_seed3,celltype_sanity_check,77.0
4,0,accuracy,0.18181818181818182,,tf_target_c2_fully_random_seed3,celltype_sanity_check,77.0
4,1,accuracy,0.23376623376623376,,tf_target_c2_fully_random_seed3,celltype_sanity_check,77.0
4,2,accuracy,0.24675324675324675,,tf_target_c2_fully_random_seed3,celltype_sanity_check,77.0
4,3,accuracy,0.36363636363636365,,tf_target_c2_fully_random_seed3,celltype_sanity_check,77.0
4,4,accuracy,0.3116883116883117,,tf_target_c2_fully_random_seed3,celltype_sanity_check,77.0
4,5,accuracy,0.23684210526315788,,tf_target_c2_fully_random_seed3,celltype_sanity_check,76.0
0,0,accuracy,0.5,6.0,tf_target_c1_degree_preserving_seed4,disease_status,
0,0,auroc,0.5555555555555556,6.0,tf_target_c1_degree_preserving_seed4,disease_status,
0,1,accuracy,0.5,6.0,tf_target_c1_degree_preserving_seed4,disease_status,
0,1,auroc,0.6666666666666667,6.0,tf_target_c1_degree_preserving_seed4,disease_status,
0,2,accuracy,0.6666666666666666,6.0,tf_target_c1_degree_preserving_seed4,disease_status,
0,2,auroc,0.5555555555555556,6.0,tf_target_c1_degree_preserving_seed4,disease_status,
0,3,accuracy,0.5,6.0,tf_target_c1_degree_preserving_seed4,disease_status,
0,3,auroc,0.33333333333333337,6.0,tf_target_c1_degree_preserving_seed4,disease_status,
0,4,accuracy,0.3333333333333333,6.0,tf_target_c1_degree_preserving_seed4,disease_status,
0,4,auroc,0.0,6.0,tf_target_c1_degree_preserving_seed4,disease_status,
0,5,accuracy,0.8333333333333334,6.0,tf_target_c1_degree_preserving_seed4,disease_status,
0,5,auroc,0.7777777777777779,6.0,tf_target_c1_degree_preserving_seed4,disease_status,
1,0,accuracy,0.6666666666666666,6.0,tf_target_c1_degree_preserving_seed4,disease_status,
1,0,auroc,0.6666666666666667,6.0,tf_target_c1_degree_preserving_seed4,disease_status,
1,1,accuracy,0.16666666666666666,6.0,tf_target_c1_degree_preserving_seed4,disease_status,
1,1,auroc,0.0,6.0,tf_target_c1_degree_preserving_seed4,disease_status,
1,2,accuracy,0.3333333333333333,6.0,tf_target_c1_degree_preserving_seed4,disease_status,
1,2,auroc,0.4444444444444444,6.0,tf_target_c1_degree_preserving_seed4,disease_status,
1,3,accuracy,1.0,6.0,tf_target_c1_degree_preserving_seed4,disease_status,
1,3,auroc,1.0,6.0,tf_target_c1_degree_preserving_seed4,disease_status,
1,4,accuracy,0.8333333333333334,6.0,tf_target_c1_degree_preserving_seed4,disease_status,
1,4,auroc,0.888888888888889,6.0,tf_target_c1_degree_preserving_seed4,disease_status,
1,5,accuracy,0.5,6.0,tf_target_c1_degree_preserving_seed4,disease_status,
1,5,auroc,0.6666666666666666,6.0,tf_target_c1_degree_preserving_seed4,disease_status,
2,0,accuracy,0.16666666666666666,6.0,tf_target_c1_degree_preserving_seed4,disease_status,
2,0,auroc,0.33333333333333337,6.0,tf_target_c1_degree_preserving_seed4,disease_status,
2,1,accuracy,0.5,6.0,tf_target_c1_degree_preserving_seed4,disease_status,
2,1,auroc,0.4444444444444444,6.0,tf_target_c1_degree_preserving_seed4,disease_status,
2,2,accuracy,0.5,6.0,tf_target_c1_degree_preserving_seed4,disease_status,
2,2,auroc,0.6666666666666666,6.0,tf_target_c1_degree_preserving_seed4,disease_status,
2,3,accuracy,0.8333333333333334,6.0,tf_target_c1_degree_preserving_seed4,disease_status,
2,3,auroc,0.7777777777777779,6.0,tf_target_c1_degree_preserving_seed4,disease_status,
2,4,accuracy,0.5,6.0,tf_target_c1_degree_preserving_seed4,disease_status,
2,4,auroc,0.7777777777777778,6.0,tf_target_c1_degree_preserving_seed4,disease_status,
2,5,accuracy,0.6666666666666666,6.0,tf_target_c1_degree_preserving_seed4,disease_status,
2,5,auroc,0.7777777777777779,6.0,tf_target_c1_degree_preserving_seed4,disease_status,
3,0,accuracy,0.3333333333333333,6.0,tf_target_c1_degree_preserving_seed4,disease_status,
3,0,auroc,0.4444444444444444,6.0,tf_target_c1_degree_preserving_seed4,disease_status,
3,1,accuracy,0.5,6.0,tf_target_c1_degree_preserving_seed4,disease_status,
3,1,auroc,0.5555555555555556,6.0,tf_target_c1_degree_preserving_seed4,disease_status,
3,2,accuracy,0.5,6.0,tf_target_c1_degree_preserving_seed4,disease_status,
3,2,auroc,0.5555555555555556,6.0,tf_target_c1_degree_preserving_seed4,disease_status,
3,3,accuracy,0.5,6.0,tf_target_c1_degree_preserving_seed4,disease_status,
3,3,auroc,0.5555555555555556,6.0,tf_target_c1_degree_preserving_seed4,disease_status,
3,4,accuracy,0.6666666666666666,6.0,tf_target_c1_degree_preserving_seed4,disease_status,
3,4,auroc,0.7777777777777778,6.0,tf_target_c1_degree_preserving_seed4,disease_status,
3,5,accuracy,0.16666666666666666,6.0,tf_target_c1_degree_preserving_seed4,disease_status,
3,5,auroc,0.11111111111111112,6.0,tf_target_c1_degree_preserving_seed4,disease_status,
4,0,accuracy,0.6666666666666666,6.0,tf_target_c1_degree_preserving_seed4,disease_status,
4,0,auroc,0.6666666666666667,6.0,tf_target_c1_degree_preserving_seed4,disease_status,
4,1,accuracy,0.6666666666666666,6.0,tf_target_c1_degree_preserving_seed4,disease_status,
4,1,auroc,0.5555555555555556,6.0,tf_target_c1_degree_preserving_seed4,disease_status,
4,2,accuracy,0.5,6.0,tf_target_c1_degree_preserving_seed4,disease_status,
4,2,auroc,0.5555555555555556,6.0,tf_target_c1_degree_preserving_seed4,disease_status,
4,3,accuracy,0.6666666666666666,6.0,tf_target_c1_degree_preserving_seed4,disease_status,
4,3,auroc,0.888888888888889,6.0,tf_target_c1_degree_preserving_seed4,disease_status,
4,4,accuracy,0.3333333333333333,6.0,tf_target_c1_degree_preserving_seed4,disease_status,
4,4,auroc,0.33333333333333337,6.0,tf_target_c1_degree_preserving_seed4,disease_status,
4,5,accuracy,0.5,6.0,tf_target_c1_degree_preserving_seed4,disease_status,
4,5,auroc,0.33333333333333337,6.0,tf_target_c1_degree_preserving_seed4,disease_status,
0,0,accuracy,0.8333333333333334,6.0,tf_target_c1_degree_preserving_seed4,sex_sanity_check,
0,0,auroc,1.0,6.0,tf_target_c1_degree_preserving_seed4,sex_sanity_check,
0,1,accuracy,0.3333333333333333,6.0,tf_target_c1_degree_preserving_seed4,sex_sanity_check,
0,1,auroc,0.5,6.0,tf_target_c1_degree_preserving_seed4,sex_sanity_check,
0,2,accuracy,0.8333333333333334,6.0,tf_target_c1_degree_preserving_seed4,sex_sanity_check,
0,2,auroc,1.0,6.0,tf_target_c1_degree_preserving_seed4,sex_sanity_check,
0,3,accuracy,0.8333333333333334,6.0,tf_target_c1_degree_preserving_seed4,sex_sanity_check,
0,3,auroc,0.6,6.0,tf_target_c1_degree_preserving_seed4,sex_sanity_check,
0,4,accuracy,0.6666666666666666,6.0,tf_target_c1_degree_preserving_seed4,sex_sanity_check,
0,4,auroc,0.5555555555555556,6.0,tf_target_c1_degree_preserving_seed4,sex_sanity_check,
0,5,accuracy,0.5,6.0,tf_target_c1_degree_preserving_seed4,sex_sanity_check,
0,5,auroc,0.888888888888889,6.0,tf_target_c1_degree_preserving_seed4,sex_sanity_check,
1,0,accuracy,0.6666666666666666,6.0,tf_target_c1_degree_preserving_seed4,sex_sanity_check,
1,0,auroc,0.75,6.0,tf_target_c1_degree_preserving_seed4,sex_sanity_check,
1,1,accuracy,0.6666666666666666,6.0,tf_target_c1_degree_preserving_seed4,sex_sanity_check,
1,1,auroc,1.0,6.0,tf_target_c1_degree_preserving_seed4,sex_sanity_check,
1,2,accuracy,0.5,6.0,tf_target_c1_degree_preserving_seed4,sex_sanity_check,
1,2,auroc,0.4444444444444445,6.0,tf_target_c1_degree_preserving_seed4,sex_sanity_check,
1,3,accuracy,0.6666666666666666,6.0,tf_target_c1_degree_preserving_seed4,sex_sanity_check,
1,3,auroc,0.875,6.0,tf_target_c1_degree_preserving_seed4,sex_sanity_check,
1,4,accuracy,0.8333333333333334,6.0,tf_target_c1_degree_preserving_seed4,sex_sanity_check,
1,4,auroc,1.0,6.0,tf_target_c1_degree_preserving_seed4,sex_sanity_check,
1,5,accuracy,0.6666666666666666,6.0,tf_target_c1_degree_preserving_seed4,sex_sanity_check,
1,5,auroc,0.875,6.0,tf_target_c1_degree_preserving_seed4,sex_sanity_check,
2,0,accuracy,1.0,6.0,tf_target_c1_degree_preserving_seed4,sex_sanity_check,
2,0,auroc,1.0,6.0,tf_target_c1_degree_preserving_seed4,sex_sanity_check,
2,1,accuracy,0.6666666666666666,6.0,tf_target_c1_degree_preserving_seed4,sex_sanity_check,
2,1,auroc,0.888888888888889,6.0,tf_target_c1_degree_preserving_seed4,sex_sanity_check,
2,2,accuracy,0.6666666666666666,6.0,tf_target_c1_degree_preserving_seed4,sex_sanity_check,
2,2,auroc,0.875,6.0,tf_target_c1_degree_preserving_seed4,sex_sanity_check,
2,3,accuracy,1.0,6.0,tf_target_c1_degree_preserving_seed4,sex_sanity_check,
2,3,auroc,1.0,6.0,tf_target_c1_degree_preserving_seed4,sex_sanity_check,
2,4,accuracy,0.3333333333333333,6.0,tf_target_c1_degree_preserving_seed4,sex_sanity_check,
2,4,auroc,,6.0,tf_target_c1_degree_preserving_seed4,sex_sanity_check,
2,5,accuracy,0.5,6.0,tf_target_c1_degree_preserving_seed4,sex_sanity_check,
2,5,auroc,0.5,6.0,tf_target_c1_degree_preserving_seed4,sex_sanity_check,
3,0,accuracy,0.8333333333333334,6.0,tf_target_c1_degree_preserving_seed4,sex_sanity_check,
3,0,auroc,0.888888888888889,6.0,tf_target_c1_degree_preserving_seed4,sex_sanity_check,
3,1,accuracy,0.8333333333333334,6.0,tf_target_c1_degree_preserving_seed4,sex_sanity_check,
3,1,auroc,0.6,6.0,tf_target_c1_degree_preserving_seed4,sex_sanity_check,
3,2,accuracy,0.8333333333333334,6.0,tf_target_c1_degree_preserving_seed4,sex_sanity_check,
3,2,auroc,0.875,6.0,tf_target_c1_degree_preserving_seed4,sex_sanity_check,
3,3,accuracy,0.5,6.0,tf_target_c1_degree_preserving_seed4,sex_sanity_check,
3,3,auroc,0.5555555555555556,6.0,tf_target_c1_degree_preserving_seed4,sex_sanity_check,
3,4,accuracy,0.6666666666666666,6.0,tf_target_c1_degree_preserving_seed4,sex_sanity_check,
3,4,auroc,0.8,6.0,tf_target_c1_degree_preserving_seed4,sex_sanity_check,
3,5,accuracy,0.6666666666666666,6.0,tf_target_c1_degree_preserving_seed4,sex_sanity_check,
3,5,auroc,0.625,6.0,tf_target_c1_degree_preserving_seed4,sex_sanity_check,
4,0,accuracy,0.5,6.0,tf_target_c1_degree_preserving_seed4,sex_sanity_check,
4,0,auroc,1.0,6.0,tf_target_c1_degree_preserving_seed4,sex_sanity_check,
4,1,accuracy,0.5,6.0,tf_target_c1_degree_preserving_seed4,sex_sanity_check,
4,1,auroc,0.625,6.0,tf_target_c1_degree_preserving_seed4,sex_sanity_check,
4,2,accuracy,0.6666666666666666,6.0,tf_target_c1_degree_preserving_seed4,sex_sanity_check,
4,2,auroc,1.0,6.0,tf_target_c1_degree_preserving_seed4,sex_sanity_check,
4,3,accuracy,0.16666666666666666,6.0,tf_target_c1_degree_preserving_seed4,sex_sanity_check,
4,3,auroc,0.11111111111111112,6.0,tf_target_c1_degree_preserving_seed4,sex_sanity_check,
4,4,accuracy,1.0,6.0,tf_target_c1_degree_preserving_seed4,sex_sanity_check,
4,4,auroc,1.0,6.0,tf_target_c1_degree_preserving_seed4,sex_sanity_check,
4,5,accuracy,0.8333333333333334,6.0,tf_target_c1_degree_preserving_seed4,sex_sanity_check,
4,5,auroc,,6.0,tf_target_c1_degree_preserving_seed4,sex_sanity_check,
0,0,r2,-0.9465211767474397,,tf_target_c1_degree_preserving_seed4,lib_size_leakage,
0,1,r2,0.30134459185465123,,tf_target_c1_degree_preserving_seed4,lib_size_leakage,
0,2,r2,-0.6018340513747713,,tf_target_c1_degree_preserving_seed4,lib_size_leakage,
0,3,r2,-0.47171002180259514,,tf_target_c1_degree_preserving_seed4,lib_size_leakage,
0,4,r2,-2.0976392587368085,,tf_target_c1_degree_preserving_seed4,lib_size_leakage,
0,5,r2,-0.3669427964272396,,tf_target_c1_degree_preserving_seed4,lib_size_leakage,
1,0,r2,0.0618028489769995,,tf_target_c1_degree_preserving_seed4,lib_size_leakage,
1,1,r2,-0.4851848765406832,,tf_target_c1_degree_preserving_seed4,lib_size_leakage,
1,2,r2,-3.828493474688303,,tf_target_c1_degree_preserving_seed4,lib_size_leakage,
1,3,r2,-0.6780731015611883,,tf_target_c1_degree_preserving_seed4,lib_size_leakage,
1,4,r2,-0.27505938768109894,,tf_target_c1_degree_preserving_seed4,lib_size_leakage,
1,5,r2,-0.15697836954421418,,tf_target_c1_degree_preserving_seed4,lib_size_leakage,
2,0,r2,-0.8666174537568991,,tf_target_c1_degree_preserving_seed4,lib_size_leakage,
2,1,r2,-2.0250544886143445,,tf_target_c1_degree_preserving_seed4,lib_size_leakage,
2,2,r2,-0.31226340383912476,,tf_target_c1_degree_preserving_seed4,lib_size_leakage,
2,3,r2,0.10361042416495714,,tf_target_c1_degree_preserving_seed4,lib_size_leakage,
2,4,r2,-1.4384341143867307,,tf_target_c1_degree_preserving_seed4,lib_size_leakage,
2,5,r2,-0.3601359505775976,,tf_target_c1_degree_preserving_seed4,lib_size_leakage,
3,0,r2,-2.0395299743008186,,tf_target_c1_degree_preserving_seed4,lib_size_leakage,
3,1,r2,-0.27734570396177816,,tf_target_c1_degree_preserving_seed4,lib_size_leakage,
3,2,r2,-0.4053911244218029,,tf_target_c1_degree_preserving_seed4,lib_size_leakage,
3,3,r2,-0.1450580942835844,,tf_target_c1_degree_preserving_seed4,lib_size_leakage,
3,4,r2,0.18271473093506452,,tf_target_c1_degree_preserving_seed4,lib_size_leakage,
3,5,r2,-0.1794562225615326,,tf_target_c1_degree_preserving_seed4,lib_size_leakage,
4,0,r2,-0.8791365989919033,,tf_target_c1_degree_preserving_seed4,lib_size_leakage,
4,1,r2,-3.018693510519891,,tf_target_c1_degree_preserving_seed4,lib_size_leakage,
4,2,r2,-0.19056062161623033,,tf_target_c1_degree_preserving_seed4,lib_size_leakage,
4,3,r2,-0.2559920311783901,,tf_target_c1_degree_preserving_seed4,lib_size_leakage,
4,4,r2,-0.3465413158579347,,tf_target_c1_degree_preserving_seed4,lib_size_leakage,
4,5,r2,0.13554183990831148,,tf_target_c1_degree_preserving_seed4,lib_size_leakage,
0,0,accuracy,0.36363636363636365,,tf_target_c1_degree_preserving_seed4,celltype_sanity_check,77.0
0,1,accuracy,0.2987012987012987,,tf_target_c1_degree_preserving_seed4,celltype_sanity_check,77.0
0,2,accuracy,0.3116883116883117,,tf_target_c1_degree_preserving_seed4,celltype_sanity_check,77.0
0,3,accuracy,0.36363636363636365,,tf_target_c1_degree_preserving_seed4,celltype_sanity_check,77.0
0,4,accuracy,0.35064935064935066,,tf_target_c1_degree_preserving_seed4,celltype_sanity_check,77.0
0,5,accuracy,0.3815789473684211,,tf_target_c1_degree_preserving_seed4,celltype_sanity_check,76.0
1,0,accuracy,0.2727272727272727,,tf_target_c1_degree_preserving_seed4,celltype_sanity_check,77.0
1,1,accuracy,0.42857142857142855,,tf_target_c1_degree_preserving_seed4,celltype_sanity_check,77.0
1,2,accuracy,0.3246753246753247,,tf_target_c1_degree_preserving_seed4,celltype_sanity_check,77.0
1,3,accuracy,0.35064935064935066,,tf_target_c1_degree_preserving_seed4,celltype_sanity_check,77.0
1,4,accuracy,0.38961038961038963,,tf_target_c1_degree_preserving_seed4,celltype_sanity_check,77.0
1,5,accuracy,0.3026315789473684,,tf_target_c1_degree_preserving_seed4,celltype_sanity_check,76.0
2,0,accuracy,0.33766233766233766,,tf_target_c1_degree_preserving_seed4,celltype_sanity_check,77.0
2,1,accuracy,0.35064935064935066,,tf_target_c1_degree_preserving_seed4,celltype_sanity_check,77.0
2,2,accuracy,0.33766233766233766,,tf_target_c1_degree_preserving_seed4,celltype_sanity_check,77.0
2,3,accuracy,0.42857142857142855,,tf_target_c1_degree_preserving_seed4,celltype_sanity_check,77.0
2,4,accuracy,0.37662337662337664,,tf_target_c1_degree_preserving_seed4,celltype_sanity_check,77.0
2,5,accuracy,0.3815789473684211,,tf_target_c1_degree_preserving_seed4,celltype_sanity_check,76.0
3,0,accuracy,0.35064935064935066,,tf_target_c1_degree_preserving_seed4,celltype_sanity_check,77.0
3,1,accuracy,0.37662337662337664,,tf_target_c1_degree_preserving_seed4,celltype_sanity_check,77.0
3,2,accuracy,0.2727272727272727,,tf_target_c1_degree_preserving_seed4,celltype_sanity_check,77.0
3,3,accuracy,0.37662337662337664,,tf_target_c1_degree_preserving_seed4,celltype_sanity_check,77.0
3,4,accuracy,0.4342105263157895,,tf_target_c1_degree_preserving_seed4,celltype_sanity_check,76.0
3,5,accuracy,0.35064935064935066,,tf_target_c1_degree_preserving_seed4,celltype_sanity_check,77.0
4,0,accuracy,0.33766233766233766,,tf_target_c1_degree_preserving_seed4,celltype_sanity_check,77.0
4,1,accuracy,0.35064935064935066,,tf_target_c1_degree_preserving_seed4,celltype_sanity_check,77.0
4,2,accuracy,0.35064935064935066,,tf_target_c1_degree_preserving_seed4,celltype_sanity_check,77.0
4,3,accuracy,0.45454545454545453,,tf_target_c1_degree_preserving_seed4,celltype_sanity_check,77.0
4,4,accuracy,0.37662337662337664,,tf_target_c1_degree_preserving_seed4,celltype_sanity_check,77.0
4,5,accuracy,0.2631578947368421,,tf_target_c1_degree_preserving_seed4,celltype_sanity_check,76.0
0,0,accuracy,0.3333333333333333,6.0,tf_target_c2_fully_random_seed4,disease_status,
0,0,auroc,0.22222222222222224,6.0,tf_target_c2_fully_random_seed4,disease_status,
0,1,accuracy,0.5,6.0,tf_target_c2_fully_random_seed4,disease_status,
0,1,auroc,0.5555555555555556,6.0,tf_target_c2_fully_random_seed4,disease_status,
0,2,accuracy,0.3333333333333333,6.0,tf_target_c2_fully_random_seed4,disease_status,
0,2,auroc,0.22222222222222224,6.0,tf_target_c2_fully_random_seed4,disease_status,
0,3,accuracy,0.5,6.0,tf_target_c2_fully_random_seed4,disease_status,
0,3,auroc,0.5555555555555556,6.0,tf_target_c2_fully_random_seed4,disease_status,
0,4,accuracy,0.3333333333333333,6.0,tf_target_c2_fully_random_seed4,disease_status,
0,4,auroc,0.11111111111111112,6.0,tf_target_c2_fully_random_seed4,disease_status,
0,5,accuracy,0.5,6.0,tf_target_c2_fully_random_seed4,disease_status,
0,5,auroc,0.6666666666666667,6.0,tf_target_c2_fully_random_seed4,disease_status,
1,0,accuracy,0.5,6.0,tf_target_c2_fully_random_seed4,disease_status,
1,0,auroc,0.7777777777777779,6.0,tf_target_c2_fully_random_seed4,disease_status,
1,1,accuracy,0.16666666666666666,6.0,tf_target_c2_fully_random_seed4,disease_status,
1,1,auroc,0.22222222222222224,6.0,tf_target_c2_fully_random_seed4,disease_status,
1,2,accuracy,0.16666666666666666,6.0,tf_target_c2_fully_random_seed4,disease_status,
1,2,auroc,0.11111111111111112,6.0,tf_target_c2_fully_random_seed4,disease_status,
1,3,accuracy,0.5,6.0,tf_target_c2_fully_random_seed4,disease_status,
1,3,auroc,0.4444444444444444,6.0,tf_target_c2_fully_random_seed4,disease_status,
1,4,accuracy,0.16666666666666666,6.0,tf_target_c2_fully_random_seed4,disease_status,
1,4,auroc,0.22222222222222224,6.0,tf_target_c2_fully_random_seed4,disease_status,
1,5,accuracy,0.16666666666666666,6.0,tf_target_c2_fully_random_seed4,disease_status,
1,5,auroc,0.22222222222222224,6.0,tf_target_c2_fully_random_seed4,disease_status,
2,0,accuracy,0.16666666666666666,6.0,tf_target_c2_fully_random_seed4,disease_status,
2,0,auroc,0.0,6.0,tf_target_c2_fully_random_seed4,disease_status,
2,1,accuracy,0.6666666666666666,6.0,tf_target_c2_fully_random_seed4,disease_status,
2,1,auroc,0.4444444444444445,6.0,tf_target_c2_fully_random_seed4,disease_status,
2,2,accuracy,0.5,6.0,tf_target_c2_fully_random_seed4,disease_status,
2,2,auroc,0.6666666666666667,6.0,tf_target_c2_fully_random_seed4,disease_status,
2,3,accuracy,0.5,6.0,tf_target_c2_fully_random_seed4,disease_status,
2,3,auroc,0.7777777777777779,6.0,tf_target_c2_fully_random_seed4,disease_status,
2,4,accuracy,0.6666666666666666,6.0,tf_target_c2_fully_random_seed4,disease_status,
2,4,auroc,0.5555555555555556,6.0,tf_target_c2_fully_random_seed4,disease_status,
2,5,accuracy,0.3333333333333333,6.0,tf_target_c2_fully_random_seed4,disease_status,
2,5,auroc,0.22222222222222224,6.0,tf_target_c2_fully_random_seed4,disease_status,
3,0,accuracy,0.5,6.0,tf_target_c2_fully_random_seed4,disease_status,
3,0,auroc,0.33333333333333337,6.0,tf_target_c2_fully_random_seed4,disease_status,
3,1,accuracy,0.5,6.0,tf_target_c2_fully_random_seed4,disease_status,
3,1,auroc,0.33333333333333337,6.0,tf_target_c2_fully_random_seed4,disease_status,
3,2,accuracy,0.3333333333333333,6.0,tf_target_c2_fully_random_seed4,disease_status,
3,2,auroc,0.11111111111111112,6.0,tf_target_c2_fully_random_seed4,disease_status,
3,3,accuracy,0.5,6.0,tf_target_c2_fully_random_seed4,disease_status,
3,3,auroc,0.4444444444444445,6.0,tf_target_c2_fully_random_seed4,disease_status,
3,4,accuracy,0.16666666666666666,6.0,tf_target_c2_fully_random_seed4,disease_status,
3,4,auroc,0.11111111111111112,6.0,tf_target_c2_fully_random_seed4,disease_status,
3,5,accuracy,0.16666666666666666,6.0,tf_target_c2_fully_random_seed4,disease_status,
3,5,auroc,0.11111111111111112,6.0,tf_target_c2_fully_random_seed4,disease_status,
4,0,accuracy,0.3333333333333333,6.0,tf_target_c2_fully_random_seed4,disease_status,
4,0,auroc,0.4444444444444445,6.0,tf_target_c2_fully_random_seed4,disease_status,
4,1,accuracy,0.16666666666666666,6.0,tf_target_c2_fully_random_seed4,disease_status,
4,1,auroc,0.3333333333333333,6.0,tf_target_c2_fully_random_seed4,disease_status,
4,2,accuracy,0.5,6.0,tf_target_c2_fully_random_seed4,disease_status,
4,2,auroc,0.6666666666666667,6.0,tf_target_c2_fully_random_seed4,disease_status,
4,3,accuracy,0.5,6.0,tf_target_c2_fully_random_seed4,disease_status,
4,3,auroc,0.3333333333333333,6.0,tf_target_c2_fully_random_seed4,disease_status,
4,4,accuracy,0.3333333333333333,6.0,tf_target_c2_fully_random_seed4,disease_status,
4,4,auroc,0.22222222222222224,6.0,tf_target_c2_fully_random_seed4,disease_status,
4,5,accuracy,0.16666666666666666,6.0,tf_target_c2_fully_random_seed4,disease_status,
4,5,auroc,0.33333333333333337,6.0,tf_target_c2_fully_random_seed4,disease_status,
0,0,accuracy,0.6666666666666666,6.0,tf_target_c2_fully_random_seed4,sex_sanity_check,
0,0,auroc,0.6,6.0,tf_target_c2_fully_random_seed4,sex_sanity_check,
0,1,accuracy,0.3333333333333333,6.0,tf_target_c2_fully_random_seed4,sex_sanity_check,
0,1,auroc,0.125,6.0,tf_target_c2_fully_random_seed4,sex_sanity_check,
0,2,accuracy,1.0,6.0,tf_target_c2_fully_random_seed4,sex_sanity_check,
0,2,auroc,1.0,6.0,tf_target_c2_fully_random_seed4,sex_sanity_check,
0,3,accuracy,0.6666666666666666,6.0,tf_target_c2_fully_random_seed4,sex_sanity_check,
0,3,auroc,0.8,6.0,tf_target_c2_fully_random_seed4,sex_sanity_check,
0,4,accuracy,0.6666666666666666,6.0,tf_target_c2_fully_random_seed4,sex_sanity_check,
0,4,auroc,1.0,6.0,tf_target_c2_fully_random_seed4,sex_sanity_check,
0,5,accuracy,0.5,6.0,tf_target_c2_fully_random_seed4,sex_sanity_check,
0,5,auroc,0.6666666666666666,6.0,tf_target_c2_fully_random_seed4,sex_sanity_check,
1,0,accuracy,0.8333333333333334,6.0,tf_target_c2_fully_random_seed4,sex_sanity_check,
1,0,auroc,0.625,6.0,tf_target_c2_fully_random_seed4,sex_sanity_check,
1,1,accuracy,0.6666666666666666,6.0,tf_target_c2_fully_random_seed4,sex_sanity_check,
1,1,auroc,0.6,6.0,tf_target_c2_fully_random_seed4,sex_sanity_check,
1,2,accuracy,0.6666666666666666,6.0,tf_target_c2_fully_random_seed4,sex_sanity_check,
1,2,auroc,0.7777777777777779,6.0,tf_target_c2_fully_random_seed4,sex_sanity_check,
1,3,accuracy,0.8333333333333334,6.0,tf_target_c2_fully_random_seed4,sex_sanity_check,
1,3,auroc,0.875,6.0,tf_target_c2_fully_random_seed4,sex_sanity_check,
1,4,accuracy,0.8333333333333334,6.0,tf_target_c2_fully_random_seed4,sex_sanity_check,
1,4,auroc,0.875,6.0,tf_target_c2_fully_random_seed4,sex_sanity_check,
1,5,accuracy,0.6666666666666666,6.0,tf_target_c2_fully_random_seed4,sex_sanity_check,
1,5,auroc,0.75,6.0,tf_target_c2_fully_random_seed4,sex_sanity_check,
2,0,accuracy,1.0,6.0,tf_target_c2_fully_random_seed4,sex_sanity_check,
2,0,auroc,1.0,6.0,tf_target_c2_fully_random_seed4,sex_sanity_check,
2,1,accuracy,0.6666666666666666,6.0,tf_target_c2_fully_random_seed4,sex_sanity_check,
2,1,auroc,0.888888888888889,6.0,tf_target_c2_fully_random_seed4,sex_sanity_check,
2,2,accuracy,0.5,6.0,tf_target_c2_fully_random_seed4,sex_sanity_check,
2,2,auroc,0.75,6.0,tf_target_c2_fully_random_seed4,sex_sanity_check,
2,3,accuracy,0.6666666666666666,6.0,tf_target_c2_fully_random_seed4,sex_sanity_check,
2,3,auroc,0.6,6.0,tf_target_c2_fully_random_seed4,sex_sanity_check,
2,4,accuracy,0.16666666666666666,6.0,tf_target_c2_fully_random_seed4,sex_sanity_check,
2,4,auroc,,6.0,tf_target_c2_fully_random_seed4,sex_sanity_check,
2,5,accuracy,0.8333333333333334,6.0,tf_target_c2_fully_random_seed4,sex_sanity_check,
2,5,auroc,0.75,6.0,tf_target_c2_fully_random_seed4,sex_sanity_check,
3,0,accuracy,0.5,6.0,tf_target_c2_fully_random_seed4,sex_sanity_check,
3,0,auroc,0.888888888888889,6.0,tf_target_c2_fully_random_seed4,sex_sanity_check,
3,1,accuracy,0.8333333333333334,6.0,tf_target_c2_fully_random_seed4,sex_sanity_check,
3,1,auroc,1.0,6.0,tf_target_c2_fully_random_seed4,sex_sanity_check,
3,2,accuracy,0.8333333333333334,6.0,tf_target_c2_fully_random_seed4,sex_sanity_check,
3,2,auroc,0.625,6.0,tf_target_c2_fully_random_seed4,sex_sanity_check,
3,3,accuracy,0.6666666666666666,6.0,tf_target_c2_fully_random_seed4,sex_sanity_check,
3,3,auroc,0.7777777777777778,6.0,tf_target_c2_fully_random_seed4,sex_sanity_check,
3,4,accuracy,0.6666666666666666,6.0,tf_target_c2_fully_random_seed4,sex_sanity_check,
3,4,auroc,0.8,6.0,tf_target_c2_fully_random_seed4,sex_sanity_check,
3,5,accuracy,0.6666666666666666,6.0,tf_target_c2_fully_random_seed4,sex_sanity_check,
3,5,auroc,0.75,6.0,tf_target_c2_fully_random_seed4,sex_sanity_check,
4,0,accuracy,0.5,6.0,tf_target_c2_fully_random_seed4,sex_sanity_check,
4,0,auroc,0.888888888888889,6.0,tf_target_c2_fully_random_seed4,sex_sanity_check,
4,1,accuracy,0.8333333333333334,6.0,tf_target_c2_fully_random_seed4,sex_sanity_check,
4,1,auroc,0.875,6.0,tf_target_c2_fully_random_seed4,sex_sanity_check,
4,2,accuracy,0.5,6.0,tf_target_c2_fully_random_seed4,sex_sanity_check,
4,2,auroc,0.7777777777777778,6.0,tf_target_c2_fully_random_seed4,sex_sanity_check,
4,3,accuracy,0.5,6.0,tf_target_c2_fully_random_seed4,sex_sanity_check,
4,3,auroc,0.22222222222222224,6.0,tf_target_c2_fully_random_seed4,sex_sanity_check,
4,4,accuracy,1.0,6.0,tf_target_c2_fully_random_seed4,sex_sanity_check,
4,4,auroc,1.0,6.0,tf_target_c2_fully_random_seed4,sex_sanity_check,
4,5,accuracy,1.0,6.0,tf_target_c2_fully_random_seed4,sex_sanity_check,
4,5,auroc,,6.0,tf_target_c2_fully_random_seed4,sex_sanity_check,
0,0,r2,-0.8730068170478988,,tf_target_c2_fully_random_seed4,lib_size_leakage,
0,1,r2,-0.5157070356535951,,tf_target_c2_fully_random_seed4,lib_size_leakage,
0,2,r2,-1.0761102499791697,,tf_target_c2_fully_random_seed4,lib_size_leakage,
0,3,r2,-0.6768214642595523,,tf_target_c2_fully_random_seed4,lib_size_leakage,
0,4,r2,-4.190021835604113,,tf_target_c2_fully_random_seed4,lib_size_leakage,
0,5,r2,-0.10671931367196019,,tf_target_c2_fully_random_seed4,lib_size_leakage,
1,0,r2,-0.5870641726537462,,tf_target_c2_fully_random_seed4,lib_size_leakage,
1,1,r2,-1.9758537403048302,,tf_target_c2_fully_random_seed4,lib_size_leakage,
1,2,r2,-5.073027489889469,,tf_target_c2_fully_random_seed4,lib_size_leakage,
1,3,r2,-0.6873016322735248,,tf_target_c2_fully_random_seed4,lib_size_leakage,
1,4,r2,-1.2418094650816442,,tf_target_c2_fully_random_seed4,lib_size_leakage,
1,5,r2,-0.01324318391074919,,tf_target_c2_fully_random_seed4,lib_size_leakage,
2,0,r2,-1.408583256876494,,tf_target_c2_fully_random_seed4,lib_size_leakage,
2,1,r2,-1.7364429537828476,,tf_target_c2_fully_random_seed4,lib_size_leakage,
2,2,r2,-0.6943172411345009,,tf_target_c2_fully_random_seed4,lib_size_leakage,
2,3,r2,-0.09737162025436219,,tf_target_c2_fully_random_seed4,lib_size_leakage,
2,4,r2,-2.348064566050759,,tf_target_c2_fully_random_seed4,lib_size_leakage,
2,5,r2,-0.16819950902544,,tf_target_c2_fully_random_seed4,lib_size_leakage,
3,0,r2,-4.414161369800364,,tf_target_c2_fully_random_seed4,lib_size_leakage,
3,1,r2,-0.26934437895820973,,tf_target_c2_fully_random_seed4,lib_size_leakage,
3,2,r2,-0.9346987944265992,,tf_target_c2_fully_random_seed4,lib_size_leakage,
3,3,r2,-0.8539743285003734,,tf_target_c2_fully_random_seed4,lib_size_leakage,
3,4,r2,-0.2859485293660773,,tf_target_c2_fully_random_seed4,lib_size_leakage,
3,5,r2,-0.6780962505006576,,tf_target_c2_fully_random_seed4,lib_size_leakage,
4,0,r2,-1.5063233889501908,,tf_target_c2_fully_random_seed4,lib_size_leakage,
4,1,r2,-5.181596748715122,,tf_target_c2_fully_random_seed4,lib_size_leakage,
4,2,r2,-0.28973155905130876,,tf_target_c2_fully_random_seed4,lib_size_leakage,
4,3,r2,-0.8972388928468218,,tf_target_c2_fully_random_seed4,lib_size_leakage,
4,4,r2,-0.6954730295977387,,tf_target_c2_fully_random_seed4,lib_size_leakage,
4,5,r2,-0.521787803262318,,tf_target_c2_fully_random_seed4,lib_size_leakage,
0,0,accuracy,0.2597402597402597,,tf_target_c2_fully_random_seed4,celltype_sanity_check,77.0
0,1,accuracy,0.16883116883116883,,tf_target_c2_fully_random_seed4,celltype_sanity_check,77.0
0,2,accuracy,0.24675324675324675,,tf_target_c2_fully_random_seed4,celltype_sanity_check,77.0
0,3,accuracy,0.3116883116883117,,tf_target_c2_fully_random_seed4,celltype_sanity_check,77.0
0,4,accuracy,0.2857142857142857,,tf_target_c2_fully_random_seed4,celltype_sanity_check,77.0
0,5,accuracy,0.27631578947368424,,tf_target_c2_fully_random_seed4,celltype_sanity_check,76.0
1,0,accuracy,0.24675324675324675,,tf_target_c2_fully_random_seed4,celltype_sanity_check,77.0
1,1,accuracy,0.3246753246753247,,tf_target_c2_fully_random_seed4,celltype_sanity_check,77.0
1,2,accuracy,0.18181818181818182,,tf_target_c2_fully_random_seed4,celltype_sanity_check,77.0
1,3,accuracy,0.23376623376623376,,tf_target_c2_fully_random_seed4,celltype_sanity_check,77.0
1,4,accuracy,0.2597402597402597,,tf_target_c2_fully_random_seed4,celltype_sanity_check,77.0
1,5,accuracy,0.27631578947368424,,tf_target_c2_fully_random_seed4,celltype_sanity_check,76.0
2,0,accuracy,0.3116883116883117,,tf_target_c2_fully_random_seed4,celltype_sanity_check,77.0
2,1,accuracy,0.23376623376623376,,tf_target_c2_fully_random_seed4,celltype_sanity_check,77.0
2,2,accuracy,0.23376623376623376,,tf_target_c2_fully_random_seed4,celltype_sanity_check,77.0
2,3,accuracy,0.2987012987012987,,tf_target_c2_fully_random_seed4,celltype_sanity_check,77.0
2,4,accuracy,0.3116883116883117,,tf_target_c2_fully_random_seed4,celltype_sanity_check,77.0
2,5,accuracy,0.21052631578947367,,tf_target_c2_fully_random_seed4,celltype_sanity_check,76.0
3,0,accuracy,0.2597402597402597,,tf_target_c2_fully_random_seed4,celltype_sanity_check,77.0
3,1,accuracy,0.23376623376623376,,tf_target_c2_fully_random_seed4,celltype_sanity_check,77.0
3,2,accuracy,0.23376623376623376,,tf_target_c2_fully_random_seed4,celltype_sanity_check,77.0
3,3,accuracy,0.2727272727272727,,tf_target_c2_fully_random_seed4,celltype_sanity_check,77.0
3,4,accuracy,0.23684210526315788,,tf_target_c2_fully_random_seed4,celltype_sanity_check,76.0
3,5,accuracy,0.2857142857142857,,tf_target_c2_fully_random_seed4,celltype_sanity_check,77.0
4,0,accuracy,0.2077922077922078,,tf_target_c2_fully_random_seed4,celltype_sanity_check,77.0
4,1,accuracy,0.24675324675324675,,tf_target_c2_fully_random_seed4,celltype_sanity_check,77.0
4,2,accuracy,0.2077922077922078,,tf_target_c2_fully_random_seed4,celltype_sanity_check,77.0
4,3,accuracy,0.33766233766233766,,tf_target_c2_fully_random_seed4,celltype_sanity_check,77.0
4,4,accuracy,0.3116883116883117,,tf_target_c2_fully_random_seed4,celltype_sanity_check,77.0
4,5,accuracy,0.2894736842105263,,tf_target_c2_fully_random_seed4,celltype_sanity_check,76.0
0,0,accuracy,0.5,6.0,tf_target_c3_sign_flipped,disease_status,
0,0,auroc,0.6666666666666667,6.0,tf_target_c3_sign_flipped,disease_status,
0,1,accuracy,0.6666666666666666,6.0,tf_target_c3_sign_flipped,disease_status,
0,1,auroc,0.5555555555555556,6.0,tf_target_c3_sign_flipped,disease_status,
0,2,accuracy,0.5,6.0,tf_target_c3_sign_flipped,disease_status,
0,2,auroc,0.5555555555555556,6.0,tf_target_c3_sign_flipped,disease_status,
0,3,accuracy,0.6666666666666666,6.0,tf_target_c3_sign_flipped,disease_status,
0,3,auroc,0.33333333333333337,6.0,tf_target_c3_sign_flipped,disease_status,
0,4,accuracy,0.6666666666666666,6.0,tf_target_c3_sign_flipped,disease_status,
0,4,auroc,0.6666666666666667,6.0,tf_target_c3_sign_flipped,disease_status,
0,5,accuracy,0.6666666666666666,6.0,tf_target_c3_sign_flipped,disease_status,
0,5,auroc,0.7777777777777779,6.0,tf_target_c3_sign_flipped,disease_status,
1,0,accuracy,0.6666666666666666,6.0,tf_target_c3_sign_flipped,disease_status,
1,0,auroc,0.5555555555555556,6.0,tf_target_c3_sign_flipped,disease_status,
1,1,accuracy,0.3333333333333333,6.0,tf_target_c3_sign_flipped,disease_status,
1,1,auroc,0.11111111111111112,6.0,tf_target_c3_sign_flipped,disease_status,
1,2,accuracy,0.6666666666666666,6.0,tf_target_c3_sign_flipped,disease_status,
1,2,auroc,0.6666666666666667,6.0,tf_target_c3_sign_flipped,disease_status,
1,3,accuracy,0.6666666666666666,6.0,tf_target_c3_sign_flipped,disease_status,
1,3,auroc,0.888888888888889,6.0,tf_target_c3_sign_flipped,disease_status,
1,4,accuracy,0.3333333333333333,6.0,tf_target_c3_sign_flipped,disease_status,
1,4,auroc,0.33333333333333337,6.0,tf_target_c3_sign_flipped,disease_status,
1,5,accuracy,0.3333333333333333,6.0,tf_target_c3_sign_flipped,disease_status,
1,5,auroc,0.4444444444444444,6.0,tf_target_c3_sign_flipped,disease_status,
2,0,accuracy,0.5,6.0,tf_target_c3_sign_flipped,disease_status,
2,0,auroc,0.22222222222222224,6.0,tf_target_c3_sign_flipped,disease_status,
2,1,accuracy,0.5,6.0,tf_target_c3_sign_flipped,disease_status,
2,1,auroc,0.5555555555555556,6.0,tf_target_c3_sign_flipped,disease_status,
2,2,accuracy,0.5,6.0,tf_target_c3_sign_flipped,disease_status,
2,2,auroc,0.4444444444444444,6.0,tf_target_c3_sign_flipped,disease_status,
2,3,accuracy,0.5,6.0,tf_target_c3_sign_flipped,disease_status,
2,3,auroc,0.6666666666666666,6.0,tf_target_c3_sign_flipped,disease_status,
2,4,accuracy,0.6666666666666666,6.0,tf_target_c3_sign_flipped,disease_status,
2,4,auroc,0.6666666666666667,6.0,tf_target_c3_sign_flipped,disease_status,
2,5,accuracy,0.5,6.0,tf_target_c3_sign_flipped,disease_status,
2,5,auroc,0.6666666666666666,6.0,tf_target_c3_sign_flipped,disease_status,
3,0,accuracy,0.3333333333333333,6.0,tf_target_c3_sign_flipped,disease_status,
3,0,auroc,0.22222222222222224,6.0,tf_target_c3_sign_flipped,disease_status,
3,1,accuracy,0.8333333333333334,6.0,tf_target_c3_sign_flipped,disease_status,
3,1,auroc,0.888888888888889,6.0,tf_target_c3_sign_flipped,disease_status,
3,2,accuracy,0.3333333333333333,6.0,tf_target_c3_sign_flipped,disease_status,
3,2,auroc,0.5555555555555556,6.0,tf_target_c3_sign_flipped,disease_status,
3,3,accuracy,0.5,6.0,tf_target_c3_sign_flipped,disease_status,
3,3,auroc,1.0,6.0,tf_target_c3_sign_flipped,disease_status,
3,4,accuracy,0.5,6.0,tf_target_c3_sign_flipped,disease_status,
3,4,auroc,0.6666666666666667,6.0,tf_target_c3_sign_flipped,disease_status,
3,5,accuracy,0.16666666666666666,6.0,tf_target_c3_sign_flipped,disease_status,
3,5,auroc,0.0,6.0,tf_target_c3_sign_flipped,disease_status,
4,0,accuracy,0.3333333333333333,6.0,tf_target_c3_sign_flipped,disease_status,
4,0,auroc,0.4444444444444445,6.0,tf_target_c3_sign_flipped,disease_status,
4,1,accuracy,0.6666666666666666,6.0,tf_target_c3_sign_flipped,disease_status,
4,1,auroc,0.6666666666666667,6.0,tf_target_c3_sign_flipped,disease_status,
4,2,accuracy,0.6666666666666666,6.0,tf_target_c3_sign_flipped,disease_status,
4,2,auroc,0.7777777777777778,6.0,tf_target_c3_sign_flipped,disease_status,
4,3,accuracy,0.3333333333333333,6.0,tf_target_c3_sign_flipped,disease_status,
4,3,auroc,0.22222222222222224,6.0,tf_target_c3_sign_flipped,disease_status,
4,4,accuracy,0.5,6.0,tf_target_c3_sign_flipped,disease_status,
4,4,auroc,0.33333333333333337,6.0,tf_target_c3_sign_flipped,disease_status,
4,5,accuracy,0.16666666666666666,6.0,tf_target_c3_sign_flipped,disease_status,
4,5,auroc,0.3333333333333333,6.0,tf_target_c3_sign_flipped,disease_status,
0,0,accuracy,0.6666666666666666,6.0,tf_target_c3_sign_flipped,sex_sanity_check,
0,0,auroc,0.6,6.0,tf_target_c3_sign_flipped,sex_sanity_check,
0,1,accuracy,0.3333333333333333,6.0,tf_target_c3_sign_flipped,sex_sanity_check,
0,1,auroc,0.25,6.0,tf_target_c3_sign_flipped,sex_sanity_check,
0,2,accuracy,0.8333333333333334,6.0,tf_target_c3_sign_flipped,sex_sanity_check,
0,2,auroc,0.875,6.0,tf_target_c3_sign_flipped,sex_sanity_check,
0,3,accuracy,0.6666666666666666,6.0,tf_target_c3_sign_flipped,sex_sanity_check,
0,3,auroc,0.4,6.0,tf_target_c3_sign_flipped,sex_sanity_check,
0,4,accuracy,0.5,6.0,tf_target_c3_sign_flipped,sex_sanity_check,
0,4,auroc,0.7777777777777779,6.0,tf_target_c3_sign_flipped,sex_sanity_check,
0,5,accuracy,0.5,6.0,tf_target_c3_sign_flipped,sex_sanity_check,
0,5,auroc,1.0,6.0,tf_target_c3_sign_flipped,sex_sanity_check,
1,0,accuracy,0.5,6.0,tf_target_c3_sign_flipped,sex_sanity_check,
1,0,auroc,0.375,6.0,tf_target_c3_sign_flipped,sex_sanity_check,
1,1,accuracy,0.5,6.0,tf_target_c3_sign_flipped,sex_sanity_check,
1,1,auroc,0.8,6.0,tf_target_c3_sign_flipped,sex_sanity_check,
1,2,accuracy,0.6666666666666666,6.0,tf_target_c3_sign_flipped,sex_sanity_check,
1,2,auroc,0.4444444444444445,6.0,tf_target_c3_sign_flipped,sex_sanity_check,
1,3,accuracy,0.5,6.0,tf_target_c3_sign_flipped,sex_sanity_check,
1,3,auroc,0.75,6.0,tf_target_c3_sign_flipped,sex_sanity_check,
1,4,accuracy,0.8333333333333334,6.0,tf_target_c3_sign_flipped,sex_sanity_check,
1,4,auroc,1.0,6.0,tf_target_c3_sign_flipped,sex_sanity_check,
1,5,accuracy,0.5,6.0,tf_target_c3_sign_flipped,sex_sanity_check,
1,5,auroc,0.75,6.0,tf_target_c3_sign_flipped,sex_sanity_check,
2,0,accuracy,1.0,6.0,tf_target_c3_sign_flipped,sex_sanity_check,
2,0,auroc,1.0,6.0,tf_target_c3_sign_flipped,sex_sanity_check,
2,1,accuracy,0.6666666666666666,6.0,tf_target_c3_sign_flipped,sex_sanity_check,
2,1,auroc,0.7777777777777778,6.0,tf_target_c3_sign_flipped,sex_sanity_check,
2,2,accuracy,0.3333333333333333,6.0,tf_target_c3_sign_flipped,sex_sanity_check,
2,2,auroc,0.875,6.0,tf_target_c3_sign_flipped,sex_sanity_check,
2,3,accuracy,0.8333333333333334,6.0,tf_target_c3_sign_flipped,sex_sanity_check,
2,3,auroc,0.8,6.0,tf_target_c3_sign_flipped,sex_sanity_check,
2,4,accuracy,0.16666666666666666,6.0,tf_target_c3_sign_flipped,sex_sanity_check,
2,4,auroc,,6.0,tf_target_c3_sign_flipped,sex_sanity_check,
2,5,accuracy,0.5,6.0,tf_target_c3_sign_flipped,sex_sanity_check,
2,5,auroc,0.5,6.0,tf_target_c3_sign_flipped,sex_sanity_check,
3,0,accuracy,0.5,6.0,tf_target_c3_sign_flipped,sex_sanity_check,
3,0,auroc,0.6666666666666666,6.0,tf_target_c3_sign_flipped,sex_sanity_check,
3,1,accuracy,0.6666666666666666,6.0,tf_target_c3_sign_flipped,sex_sanity_check,
3,1,auroc,0.6,6.0,tf_target_c3_sign_flipped,sex_sanity_check,
3,2,accuracy,0.6666666666666666,6.0,tf_target_c3_sign_flipped,sex_sanity_check,
3,2,auroc,0.625,6.0,tf_target_c3_sign_flipped,sex_sanity_check,
3,3,accuracy,0.16666666666666666,6.0,tf_target_c3_sign_flipped,sex_sanity_check,
3,3,auroc,0.3333333333333333,6.0,tf_target_c3_sign_flipped,sex_sanity_check,
3,4,accuracy,0.8333333333333334,6.0,tf_target_c3_sign_flipped,sex_sanity_check,
3,4,auroc,1.0,6.0,tf_target_c3_sign_flipped,sex_sanity_check,
3,5,accuracy,0.5,6.0,tf_target_c3_sign_flipped,sex_sanity_check,
3,5,auroc,0.375,6.0,tf_target_c3_sign_flipped,sex_sanity_check,
4,0,accuracy,0.5,6.0,tf_target_c3_sign_flipped,sex_sanity_check,
4,0,auroc,1.0,6.0,tf_target_c3_sign_flipped,sex_sanity_check,
4,1,accuracy,0.3333333333333333,6.0,tf_target_c3_sign_flipped,sex_sanity_check,
4,1,auroc,0.375,6.0,tf_target_c3_sign_flipped,sex_sanity_check,
4,2,accuracy,0.5,6.0,tf_target_c3_sign_flipped,sex_sanity_check,
4,2,auroc,0.6666666666666666,6.0,tf_target_c3_sign_flipped,sex_sanity_check,
4,3,accuracy,0.16666666666666666,6.0,tf_target_c3_sign_flipped,sex_sanity_check,
4,3,auroc,0.0,6.0,tf_target_c3_sign_flipped,sex_sanity_check,
4,4,accuracy,0.6666666666666666,6.0,tf_target_c3_sign_flipped,sex_sanity_check,
4,4,auroc,0.6,6.0,tf_target_c3_sign_flipped,sex_sanity_check,
4,5,accuracy,0.8333333333333334,6.0,tf_target_c3_sign_flipped,sex_sanity_check,
4,5,auroc,,6.0,tf_target_c3_sign_flipped,sex_sanity_check,
0,0,r2,-1.961235725666441,,tf_target_c3_sign_flipped,lib_size_leakage,
0,1,r2,0.3203930883306888,,tf_target_c3_sign_flipped,lib_size_leakage,
0,2,r2,-0.42701221768192865,,tf_target_c3_sign_flipped,lib_size_leakage,
0,3,r2,-0.17064774605095345,,tf_target_c3_sign_flipped,lib_size_leakage,
0,4,r2,-1.3933678681177848,,tf_target_c3_sign_flipped,lib_size_leakage,
0,5,r2,-0.0987813909403672,,tf_target_c3_sign_flipped,lib_size_leakage,
1,0,r2,0.1988366878100032,,tf_target_c3_sign_flipped,lib_size_leakage,
1,1,r2,-0.08171141788629566,,tf_target_c3_sign_flipped,lib_size_leakage,
1,2,r2,-6.068119935476789,,tf_target_c3_sign_flipped,lib_size_leakage,
1,3,r2,-0.09315927151156522,,tf_target_c3_sign_flipped,lib_size_leakage,
1,4,r2,-0.6357005479462716,,tf_target_c3_sign_flipped,lib_size_leakage,
1,5,r2,-0.27476562237575575,,tf_target_c3_sign_flipped,lib_size_leakage,
2,0,r2,-0.40769515304432535,,tf_target_c3_sign_flipped,lib_size_leakage,
2,1,r2,-0.8591431527110851,,tf_target_c3_sign_flipped,lib_size_leakage,
2,2,r2,-0.5594394524033179,,tf_target_c3_sign_flipped,lib_size_leakage,
2,3,r2,0.21407540615567644,,tf_target_c3_sign_flipped,lib_size_leakage,
2,4,r2,-1.3708503132532344,,tf_target_c3_sign_flipped,lib_size_leakage,
2,5,r2,-0.12379147246630295,,tf_target_c3_sign_flipped,lib_size_leakage,
3,0,r2,-1.1466745290986342,,tf_target_c3_sign_flipped,lib_size_leakage,
3,1,r2,-1.0605837622813694,,tf_target_c3_sign_flipped,lib_size_leakage,
3,2,r2,-0.5777086123687787,,tf_target_c3_sign_flipped,lib_size_leakage,
3,3,r2,-0.005976684059016968,,tf_target_c3_sign_flipped,lib_size_leakage,
3,4,r2,0.033598478447508184,,tf_target_c3_sign_flipped,lib_size_leakage,
3,5,r2,-0.059024403712976126,,tf_target_c3_sign_flipped,lib_size_leakage,
4,0,r2,-0.3523508096450443,,tf_target_c3_sign_flipped,lib_size_leakage,
4,1,r2,-3.7969993462353075,,tf_target_c3_sign_flipped,lib_size_leakage,
4,2,r2,-0.6474844706907779,,tf_target_c3_sign_flipped,lib_size_leakage,
4,3,r2,-0.7835861627733525,,tf_target_c3_sign_flipped,lib_size_leakage,
4,4,r2,-0.4722726917996056,,tf_target_c3_sign_flipped,lib_size_leakage,
4,5,r2,0.2559117070397525,,tf_target_c3_sign_flipped,lib_size_leakage,
0,0,accuracy,0.37662337662337664,,tf_target_c3_sign_flipped,celltype_sanity_check,77.0
0,1,accuracy,0.4025974025974026,,tf_target_c3_sign_flipped,celltype_sanity_check,77.0
0,2,accuracy,0.4155844155844156,,tf_target_c3_sign_flipped,celltype_sanity_check,77.0
0,3,accuracy,0.4935064935064935,,tf_target_c3_sign_flipped,celltype_sanity_check,77.0
0,4,accuracy,0.37662337662337664,,tf_target_c3_sign_flipped,celltype_sanity_check,77.0
0,5,accuracy,0.4605263157894737,,tf_target_c3_sign_flipped,celltype_sanity_check,76.0
1,0,accuracy,0.42857142857142855,,tf_target_c3_sign_flipped,celltype_sanity_check,77.0
1,1,accuracy,0.42857142857142855,,tf_target_c3_sign_flipped,celltype_sanity_check,77.0
1,2,accuracy,0.35064935064935066,,tf_target_c3_sign_flipped,celltype_sanity_check,77.0
1,3,accuracy,0.5064935064935064,,tf_target_c3_sign_flipped,celltype_sanity_check,77.0
1,4,accuracy,0.38961038961038963,,tf_target_c3_sign_flipped,celltype_sanity_check,77.0
1,5,accuracy,0.3815789473684211,,tf_target_c3_sign_flipped,celltype_sanity_check,76.0
2,0,accuracy,0.44155844155844154,,tf_target_c3_sign_flipped,celltype_sanity_check,77.0
2,1,accuracy,0.3246753246753247,,tf_target_c3_sign_flipped,celltype_sanity_check,77.0
2,2,accuracy,0.36363636363636365,,tf_target_c3_sign_flipped,celltype_sanity_check,77.0
2,3,accuracy,0.4675324675324675,,tf_target_c3_sign_flipped,celltype_sanity_check,77.0
2,4,accuracy,0.5064935064935064,,tf_target_c3_sign_flipped,celltype_sanity_check,77.0
2,5,accuracy,0.4342105263157895,,tf_target_c3_sign_flipped,celltype_sanity_check,76.0
3,0,accuracy,0.44155844155844154,,tf_target_c3_sign_flipped,celltype_sanity_check,77.0
3,1,accuracy,0.37662337662337664,,tf_target_c3_sign_flipped,celltype_sanity_check,77.0
3,2,accuracy,0.4025974025974026,,tf_target_c3_sign_flipped,celltype_sanity_check,77.0
3,3,accuracy,0.36363636363636365,,tf_target_c3_sign_flipped,celltype_sanity_check,77.0
3,4,accuracy,0.5,,tf_target_c3_sign_flipped,celltype_sanity_check,76.0
3,5,accuracy,0.36363636363636365,,tf_target_c3_sign_flipped,celltype_sanity_check,77.0
4,0,accuracy,0.42857142857142855,,tf_target_c3_sign_flipped,celltype_sanity_check,77.0
4,1,accuracy,0.4155844155844156,,tf_target_c3_sign_flipped,celltype_sanity_check,77.0
4,2,accuracy,0.4025974025974026,,tf_target_c3_sign_flipped,celltype_sanity_check,77.0
4,3,accuracy,0.5844155844155844,,tf_target_c3_sign_flipped,celltype_sanity_check,77.0
4,4,accuracy,0.36363636363636365,,tf_target_c3_sign_flipped,celltype_sanity_check,77.0
4,5,accuracy,0.39473684210526316,,tf_target_c3_sign_flipped,celltype_sanity_check,76.0
0,0,accuracy,0.6666666666666666,6.0,epigenomic_baseline_pca,disease_status,
0,0,auroc,0.5555555555555556,6.0,epigenomic_baseline_pca,disease_status,
0,1,accuracy,0.5,6.0,epigenomic_baseline_pca,disease_status,
0,1,auroc,0.5555555555555556,6.0,epigenomic_baseline_pca,disease_status,
0,2,accuracy,0.5,6.0,epigenomic_baseline_pca,disease_status,
0,2,auroc,0.3333333333333333,6.0,epigenomic_baseline_pca,disease_status,
0,3,accuracy,0.3333333333333333,6.0,epigenomic_baseline_pca,disease_status,
0,3,auroc,0.33333333333333337,6.0,epigenomic_baseline_pca,disease_status,
0,4,accuracy,0.3333333333333333,6.0,epigenomic_baseline_pca,disease_status,
0,4,auroc,0.4444444444444445,6.0,epigenomic_baseline_pca,disease_status,
0,5,accuracy,0.6666666666666666,6.0,epigenomic_baseline_pca,disease_status,
0,5,auroc,0.7777777777777779,6.0,epigenomic_baseline_pca,disease_status,
1,0,accuracy,0.16666666666666666,6.0,epigenomic_baseline_pca,disease_status,
1,0,auroc,0.22222222222222224,6.0,epigenomic_baseline_pca,disease_status,
1,1,accuracy,0.3333333333333333,6.0,epigenomic_baseline_pca,disease_status,
1,1,auroc,0.0,6.0,epigenomic_baseline_pca,disease_status,
1,2,accuracy,0.5,6.0,epigenomic_baseline_pca,disease_status,
1,2,auroc,0.22222222222222224,6.0,epigenomic_baseline_pca,disease_status,
1,3,accuracy,0.8333333333333334,6.0,epigenomic_baseline_pca,disease_status,
1,3,auroc,0.888888888888889,6.0,epigenomic_baseline_pca,disease_status,
1,4,accuracy,0.3333333333333333,6.0,epigenomic_baseline_pca,disease_status,
1,4,auroc,0.33333333333333337,6.0,epigenomic_baseline_pca,disease_status,
1,5,accuracy,0.3333333333333333,6.0,epigenomic_baseline_pca,disease_status,
1,5,auroc,0.4444444444444444,6.0,epigenomic_baseline_pca,disease_status,
2,0,accuracy,0.16666666666666666,6.0,epigenomic_baseline_pca,disease_status,
2,0,auroc,0.0,6.0,epigenomic_baseline_pca,disease_status,
2,1,accuracy,0.5,6.0,epigenomic_baseline_pca,disease_status,
2,1,auroc,0.4444444444444445,6.0,epigenomic_baseline_pca,disease_status,
2,2,accuracy,0.5,6.0,epigenomic_baseline_pca,disease_status,
2,2,auroc,0.6666666666666667,6.0,epigenomic_baseline_pca,disease_status,
2,3,accuracy,0.6666666666666666,6.0,epigenomic_baseline_pca,disease_status,
2,3,auroc,0.7777777777777778,6.0,epigenomic_baseline_pca,disease_status,
2,4,accuracy,0.6666666666666666,6.0,epigenomic_baseline_pca,disease_status,
2,4,auroc,0.5555555555555556,6.0,epigenomic_baseline_pca,disease_status,
2,5,accuracy,0.5,6.0,epigenomic_baseline_pca,disease_status,
2,5,auroc,0.5555555555555556,6.0,epigenomic_baseline_pca,disease_status,
3,0,accuracy,0.16666666666666666,6.0,epigenomic_baseline_pca,disease_status,
3,0,auroc,0.22222222222222224,6.0,epigenomic_baseline_pca,disease_status,
3,1,accuracy,0.3333333333333333,6.0,epigenomic_baseline_pca,disease_status,
3,1,auroc,0.33333333333333337,6.0,epigenomic_baseline_pca,disease_status,
3,2,accuracy,0.3333333333333333,6.0,epigenomic_baseline_pca,disease_status,
3,2,auroc,0.4444444444444445,6.0,epigenomic_baseline_pca,disease_status,
3,3,accuracy,0.6666666666666666,6.0,epigenomic_baseline_pca,disease_status,
3,3,auroc,0.5555555555555556,6.0,epigenomic_baseline_pca,disease_status,
3,4,accuracy,0.8333333333333334,6.0,epigenomic_baseline_pca,disease_status,
3,4,auroc,0.7777777777777778,6.0,epigenomic_baseline_pca,disease_status,
3,5,accuracy,0.3333333333333333,6.0,epigenomic_baseline_pca,disease_status,
3,5,auroc,0.22222222222222224,6.0,epigenomic_baseline_pca,disease_status,
4,0,accuracy,0.5,6.0,epigenomic_baseline_pca,disease_status,
4,0,auroc,0.5555555555555556,6.0,epigenomic_baseline_pca,disease_status,
4,1,accuracy,0.5,6.0,epigenomic_baseline_pca,disease_status,
4,1,auroc,0.33333333333333337,6.0,epigenomic_baseline_pca,disease_status,
4,2,accuracy,0.8333333333333334,6.0,epigenomic_baseline_pca,disease_status,
4,2,auroc,0.888888888888889,6.0,epigenomic_baseline_pca,disease_status,
4,3,accuracy,0.6666666666666666,6.0,epigenomic_baseline_pca,disease_status,
4,3,auroc,0.6666666666666667,6.0,epigenomic_baseline_pca,disease_status,
4,4,accuracy,0.3333333333333333,6.0,epigenomic_baseline_pca,disease_status,
4,4,auroc,0.33333333333333337,6.0,epigenomic_baseline_pca,disease_status,
4,5,accuracy,0.3333333333333333,6.0,epigenomic_baseline_pca,disease_status,
4,5,auroc,0.3333333333333333,6.0,epigenomic_baseline_pca,disease_status,
0,0,accuracy,1.0,6.0,epigenomic_baseline_pca,sex_sanity_check,
0,0,auroc,1.0,6.0,epigenomic_baseline_pca,sex_sanity_check,
0,1,accuracy,0.5,6.0,epigenomic_baseline_pca,sex_sanity_check,
0,1,auroc,0.5,6.0,epigenomic_baseline_pca,sex_sanity_check,
0,2,accuracy,0.8333333333333334,6.0,epigenomic_baseline_pca,sex_sanity_check,
0,2,auroc,1.0,6.0,epigenomic_baseline_pca,sex_sanity_check,
0,3,accuracy,0.6666666666666666,6.0,epigenomic_baseline_pca,sex_sanity_check,
0,3,auroc,0.8,6.0,epigenomic_baseline_pca,sex_sanity_check,
0,4,accuracy,0.8333333333333334,6.0,epigenomic_baseline_pca,sex_sanity_check,
0,4,auroc,0.888888888888889,6.0,epigenomic_baseline_pca,sex_sanity_check,
0,5,accuracy,0.5,6.0,epigenomic_baseline_pca,sex_sanity_check,
0,5,auroc,0.5555555555555556,6.0,epigenomic_baseline_pca,sex_sanity_check,
1,0,accuracy,0.5,6.0,epigenomic_baseline_pca,sex_sanity_check,
1,0,auroc,0.75,6.0,epigenomic_baseline_pca,sex_sanity_check,
1,1,accuracy,0.6666666666666666,6.0,epigenomic_baseline_pca,sex_sanity_check,
1,1,auroc,1.0,6.0,epigenomic_baseline_pca,sex_sanity_check,
1,2,accuracy,0.8333333333333334,6.0,epigenomic_baseline_pca,sex_sanity_check,
1,2,auroc,1.0,6.0,epigenomic_baseline_pca,sex_sanity_check,
1,3,accuracy,0.8333333333333334,6.0,epigenomic_baseline_pca,sex_sanity_check,
1,3,auroc,1.0,6.0,epigenomic_baseline_pca,sex_sanity_check,
1,4,accuracy,0.8333333333333334,6.0,epigenomic_baseline_pca,sex_sanity_check,
1,4,auroc,1.0,6.0,epigenomic_baseline_pca,sex_sanity_check,
1,5,accuracy,0.6666666666666666,6.0,epigenomic_baseline_pca,sex_sanity_check,
1,5,auroc,0.75,6.0,epigenomic_baseline_pca,sex_sanity_check,
2,0,accuracy,1.0,6.0,epigenomic_baseline_pca,sex_sanity_check,
2,0,auroc,1.0,6.0,epigenomic_baseline_pca,sex_sanity_check,
2,1,accuracy,0.8333333333333334,6.0,epigenomic_baseline_pca,sex_sanity_check,
2,1,auroc,1.0,6.0,epigenomic_baseline_pca,sex_sanity_check,
2,2,accuracy,0.6666666666666666,6.0,epigenomic_baseline_pca,sex_sanity_check,
2,2,auroc,0.875,6.0,epigenomic_baseline_pca,sex_sanity_check,
2,3,accuracy,1.0,6.0,epigenomic_baseline_pca,sex_sanity_check,
2,3,auroc,1.0,6.0,epigenomic_baseline_pca,sex_sanity_check,
2,4,accuracy,0.16666666666666666,6.0,epigenomic_baseline_pca,sex_sanity_check,
2,4,auroc,,6.0,epigenomic_baseline_pca,sex_sanity_check,
2,5,accuracy,0.6666666666666666,6.0,epigenomic_baseline_pca,sex_sanity_check,
2,5,auroc,0.625,6.0,epigenomic_baseline_pca,sex_sanity_check,
3,0,accuracy,0.6666666666666666,6.0,epigenomic_baseline_pca,sex_sanity_check,
3,0,auroc,0.888888888888889,6.0,epigenomic_baseline_pca,sex_sanity_check,
3,1,accuracy,0.8333333333333334,6.0,epigenomic_baseline_pca,sex_sanity_check,
3,1,auroc,1.0,6.0,epigenomic_baseline_pca,sex_sanity_check,
3,2,accuracy,0.8333333333333334,6.0,epigenomic_baseline_pca,sex_sanity_check,
3,2,auroc,0.875,6.0,epigenomic_baseline_pca,sex_sanity_check,
3,3,accuracy,0.5,6.0,epigenomic_baseline_pca,sex_sanity_check,
3,3,auroc,0.4444444444444445,6.0,epigenomic_baseline_pca,sex_sanity_check,
3,4,accuracy,1.0,6.0,epigenomic_baseline_pca,sex_sanity_check,
3,4,auroc,1.0,6.0,epigenomic_baseline_pca,sex_sanity_check,
3,5,accuracy,0.6666666666666666,6.0,epigenomic_baseline_pca,sex_sanity_check,
3,5,auroc,0.75,6.0,epigenomic_baseline_pca,sex_sanity_check,
4,0,accuracy,0.8333333333333334,6.0,epigenomic_baseline_pca,sex_sanity_check,
4,0,auroc,1.0,6.0,epigenomic_baseline_pca,sex_sanity_check,
4,1,accuracy,0.6666666666666666,6.0,epigenomic_baseline_pca,sex_sanity_check,
4,1,auroc,0.625,6.0,epigenomic_baseline_pca,sex_sanity_check,
4,2,accuracy,0.8333333333333334,6.0,epigenomic_baseline_pca,sex_sanity_check,
4,2,auroc,1.0,6.0,epigenomic_baseline_pca,sex_sanity_check,
4,3,accuracy,0.5,6.0,epigenomic_baseline_pca,sex_sanity_check,
4,3,auroc,0.0,6.0,epigenomic_baseline_pca,sex_sanity_check,
4,4,accuracy,0.8333333333333334,6.0,epigenomic_baseline_pca,sex_sanity_check,
4,4,auroc,1.0,6.0,epigenomic_baseline_pca,sex_sanity_check,
4,5,accuracy,0.8333333333333334,6.0,epigenomic_baseline_pca,sex_sanity_check,
4,5,auroc,,6.0,epigenomic_baseline_pca,sex_sanity_check,
0,0,r2,0.7020147432759956,,epigenomic_baseline_pca,lib_size_leakage,
0,1,r2,0.6696102427555098,,epigenomic_baseline_pca,lib_size_leakage,
0,2,r2,0.7407654833824717,,epigenomic_baseline_pca,lib_size_leakage,
0,3,r2,0.5781403173817063,,epigenomic_baseline_pca,lib_size_leakage,
0,4,r2,0.5569233823544317,,epigenomic_baseline_pca,lib_size_leakage,
0,5,r2,0.7277335874016463,,epigenomic_baseline_pca,lib_size_leakage,
1,0,r2,0.6461145101973513,,epigenomic_baseline_pca,lib_size_leakage,
1,1,r2,0.5542127363905208,,epigenomic_baseline_pca,lib_size_leakage,
1,2,r2,0.29863580962646885,,epigenomic_baseline_pca,lib_size_leakage,
1,3,r2,0.7275064551608188,,epigenomic_baseline_pca,lib_size_leakage,
1,4,r2,0.7548807746718191,,epigenomic_baseline_pca,lib_size_leakage,
1,5,r2,0.7440451931391292,,epigenomic_baseline_pca,lib_size_leakage,
2,0,r2,0.6785769135896944,,epigenomic_baseline_pca,lib_size_leakage,
2,1,r2,0.7282628540905068,,epigenomic_baseline_pca,lib_size_leakage,
2,2,r2,0.7192707003243466,,epigenomic_baseline_pca,lib_size_leakage,
2,3,r2,0.6116232387609758,,epigenomic_baseline_pca,lib_size_leakage,
2,4,r2,0.6891095147512498,,epigenomic_baseline_pca,lib_size_leakage,
2,5,r2,0.7554708077709238,,epigenomic_baseline_pca,lib_size_leakage,
3,0,r2,0.5383232868151946,,epigenomic_baseline_pca,lib_size_leakage,
3,1,r2,0.7554681555306654,,epigenomic_baseline_pca,lib_size_leakage,
3,2,r2,0.6909580580199901,,epigenomic_baseline_pca,lib_size_leakage,
3,3,r2,0.650776968458811,,epigenomic_baseline_pca,lib_size_leakage,
3,4,r2,0.7516207565663607,,epigenomic_baseline_pca,lib_size_leakage,
3,5,r2,0.6225866255577,,epigenomic_baseline_pca,lib_size_leakage,
4,0,r2,0.7426957011982251,,epigenomic_baseline_pca,lib_size_leakage,
4,1,r2,0.6027702467112542,,epigenomic_baseline_pca,lib_size_leakage,
4,2,r2,0.7342906664170277,,epigenomic_baseline_pca,lib_size_leakage,
4,3,r2,0.6771470624479428,,epigenomic_baseline_pca,lib_size_leakage,
4,4,r2,0.6416450369160247,,epigenomic_baseline_pca,lib_size_leakage,
4,5,r2,0.6221921097685245,,epigenomic_baseline_pca,lib_size_leakage,
0,0,accuracy,0.2597402597402597,,epigenomic_baseline_pca,celltype_sanity_check,77.0
0,1,accuracy,0.3116883116883117,,epigenomic_baseline_pca,celltype_sanity_check,77.0
0,2,accuracy,0.2857142857142857,,epigenomic_baseline_pca,celltype_sanity_check,77.0
0,3,accuracy,0.2857142857142857,,epigenomic_baseline_pca,celltype_sanity_check,77.0
0,4,accuracy,0.3246753246753247,,epigenomic_baseline_pca,celltype_sanity_check,77.0
0,5,accuracy,0.2894736842105263,,epigenomic_baseline_pca,celltype_sanity_check,76.0
1,0,accuracy,0.2857142857142857,,epigenomic_baseline_pca,celltype_sanity_check,77.0
1,1,accuracy,0.3246753246753247,,epigenomic_baseline_pca,celltype_sanity_check,77.0
1,2,accuracy,0.2727272727272727,,epigenomic_baseline_pca,celltype_sanity_check,77.0
1,3,accuracy,0.2987012987012987,,epigenomic_baseline_pca,celltype_sanity_check,77.0
1,4,accuracy,0.3116883116883117,,epigenomic_baseline_pca,celltype_sanity_check,77.0
1,5,accuracy,0.3026315789473684,,epigenomic_baseline_pca,celltype_sanity_check,76.0
2,0,accuracy,0.36363636363636365,,epigenomic_baseline_pca,celltype_sanity_check,77.0
2,1,accuracy,0.2987012987012987,,epigenomic_baseline_pca,celltype_sanity_check,77.0
2,2,accuracy,0.2857142857142857,,epigenomic_baseline_pca,celltype_sanity_check,77.0
2,3,accuracy,0.2987012987012987,,epigenomic_baseline_pca,celltype_sanity_check,77.0
2,4,accuracy,0.36363636363636365,,epigenomic_baseline_pca,celltype_sanity_check,77.0
2,5,accuracy,0.3026315789473684,,epigenomic_baseline_pca,celltype_sanity_check,76.0
3,0,accuracy,0.3116883116883117,,epigenomic_baseline_pca,celltype_sanity_check,77.0
3,1,accuracy,0.2597402597402597,,epigenomic_baseline_pca,celltype_sanity_check,77.0
3,2,accuracy,0.37662337662337664,,epigenomic_baseline_pca,celltype_sanity_check,77.0
3,3,accuracy,0.2597402597402597,,epigenomic_baseline_pca,celltype_sanity_check,77.0
3,4,accuracy,0.2894736842105263,,epigenomic_baseline_pca,celltype_sanity_check,76.0
3,5,accuracy,0.33766233766233766,,epigenomic_baseline_pca,celltype_sanity_check,77.0
4,0,accuracy,0.35064935064935066,,epigenomic_baseline_pca,celltype_sanity_check,77.0
4,1,accuracy,0.2597402597402597,,epigenomic_baseline_pca,celltype_sanity_check,77.0
4,2,accuracy,0.3246753246753247,,epigenomic_baseline_pca,celltype_sanity_check,77.0
4,3,accuracy,0.2987012987012987,,epigenomic_baseline_pca,celltype_sanity_check,77.0
4,4,accuracy,0.3116883116883117,,epigenomic_baseline_pca,celltype_sanity_check,77.0
4,5,accuracy,0.25,,epigenomic_baseline_pca,celltype_sanity_check,76.0
0,0,accuracy,0.16666666666666666,6.0,epigenomic_real,disease_status,
0,0,auroc,0.22222222222222224,6.0,epigenomic_real,disease_status,
0,1,accuracy,0.5,6.0,epigenomic_real,disease_status,
0,1,auroc,0.4444444444444445,6.0,epigenomic_real,disease_status,
0,2,accuracy,0.3333333333333333,6.0,epigenomic_real,disease_status,
0,2,auroc,0.4444444444444444,6.0,epigenomic_real,disease_status,
0,3,accuracy,0.6666666666666666,6.0,epigenomic_real,disease_status,
0,3,auroc,0.4444444444444445,6.0,epigenomic_real,disease_status,
0,4,accuracy,0.8333333333333334,6.0,epigenomic_real,disease_status,
0,4,auroc,0.888888888888889,6.0,epigenomic_real,disease_status,
0,5,accuracy,0.8333333333333334,6.0,epigenomic_real,disease_status,
0,5,auroc,1.0,6.0,epigenomic_real,disease_status,
1,0,accuracy,0.5,6.0,epigenomic_real,disease_status,
1,0,auroc,0.4444444444444445,6.0,epigenomic_real,disease_status,
1,1,accuracy,0.16666666666666666,6.0,epigenomic_real,disease_status,
1,1,auroc,0.11111111111111112,6.0,epigenomic_real,disease_status,
1,2,accuracy,0.5,6.0,epigenomic_real,disease_status,
1,2,auroc,0.6666666666666667,6.0,epigenomic_real,disease_status,
1,3,accuracy,0.8333333333333334,6.0,epigenomic_real,disease_status,
1,3,auroc,1.0,6.0,epigenomic_real,disease_status,
1,4,accuracy,0.3333333333333333,6.0,epigenomic_real,disease_status,
1,4,auroc,0.4444444444444445,6.0,epigenomic_real,disease_status,
1,5,accuracy,0.16666666666666666,6.0,epigenomic_real,disease_status,
1,5,auroc,0.22222222222222224,6.0,epigenomic_real,disease_status,
2,0,accuracy,0.3333333333333333,6.0,epigenomic_real,disease_status,
2,0,auroc,0.22222222222222224,6.0,epigenomic_real,disease_status,
2,1,accuracy,0.5,6.0,epigenomic_real,disease_status,
2,1,auroc,0.6666666666666667,6.0,epigenomic_real,disease_status,
2,2,accuracy,0.3333333333333333,6.0,epigenomic_real,disease_status,
2,2,auroc,0.4444444444444444,6.0,epigenomic_real,disease_status,
2,3,accuracy,0.6666666666666666,6.0,epigenomic_real,disease_status,
2,3,auroc,0.6666666666666667,6.0,epigenomic_real,disease_status,
2,4,accuracy,0.6666666666666666,6.0,epigenomic_real,disease_status,
2,4,auroc,0.6666666666666667,6.0,epigenomic_real,disease_status,
2,5,accuracy,0.8333333333333334,6.0,epigenomic_real,disease_status,
2,5,auroc,0.6666666666666666,6.0,epigenomic_real,disease_status,
3,0,accuracy,0.3333333333333333,6.0,epigenomic_real,disease_status,
3,0,auroc,0.5555555555555556,6.0,epigenomic_real,disease_status,
3,1,accuracy,0.5,6.0,epigenomic_real,disease_status,
3,1,auroc,0.22222222222222224,6.0,epigenomic_real,disease_status,
3,2,accuracy,0.6666666666666666,6.0,epigenomic_real,disease_status,
3,2,auroc,0.6666666666666667,6.0,epigenomic_real,disease_status,
3,3,accuracy,0.6666666666666666,6.0,epigenomic_real,disease_status,
3,3,auroc,0.6666666666666666,6.0,epigenomic_real,disease_status,
3,4,accuracy,0.6666666666666666,6.0,epigenomic_real,disease_status,
3,4,auroc,0.6666666666666667,6.0,epigenomic_real,disease_status,
3,5,accuracy,0.16666666666666666,6.0,epigenomic_real,disease_status,
3,5,auroc,0.0,6.0,epigenomic_real,disease_status,
4,0,accuracy,0.5,6.0,epigenomic_real,disease_status,
4,0,auroc,0.6666666666666667,6.0,epigenomic_real,disease_status,
4,1,accuracy,0.5,6.0,epigenomic_real,disease_status,
4,1,auroc,0.4444444444444444,6.0,epigenomic_real,disease_status,
4,2,accuracy,0.6666666666666666,6.0,epigenomic_real,disease_status,
4,2,auroc,0.888888888888889,6.0,epigenomic_real,disease_status,
4,3,accuracy,0.3333333333333333,6.0,epigenomic_real,disease_status,
4,3,auroc,0.33333333333333337,6.0,epigenomic_real,disease_status,
4,4,accuracy,0.3333333333333333,6.0,epigenomic_real,disease_status,
4,4,auroc,0.5555555555555556,6.0,epigenomic_real,disease_status,
4,5,accuracy,0.5,6.0,epigenomic_real,disease_status,
4,5,auroc,0.5555555555555556,6.0,epigenomic_real,disease_status,
0,0,accuracy,0.8333333333333334,6.0,epigenomic_real,sex_sanity_check,
0,0,auroc,0.4,6.0,epigenomic_real,sex_sanity_check,
0,1,accuracy,0.3333333333333333,6.0,epigenomic_real,sex_sanity_check,
0,1,auroc,0.25,6.0,epigenomic_real,sex_sanity_check,
0,2,accuracy,0.6666666666666666,6.0,epigenomic_real,sex_sanity_check,
0,2,auroc,0.875,6.0,epigenomic_real,sex_sanity_check,
0,3,accuracy,0.8333333333333334,6.0,epigenomic_real,sex_sanity_check,
0,3,auroc,0.2,6.0,epigenomic_real,sex_sanity_check,
0,4,accuracy,0.5,6.0,epigenomic_real,sex_sanity_check,
0,4,auroc,0.7777777777777779,6.0,epigenomic_real,sex_sanity_check,
0,5,accuracy,0.5,6.0,epigenomic_real,sex_sanity_check,
0,5,auroc,1.0,6.0,epigenomic_real,sex_sanity_check,
1,0,accuracy,0.5,6.0,epigenomic_real,sex_sanity_check,
1,0,auroc,0.375,6.0,epigenomic_real,sex_sanity_check,
1,1,accuracy,0.8333333333333334,6.0,epigenomic_real,sex_sanity_check,
1,1,auroc,0.6,6.0,epigenomic_real,sex_sanity_check,
1,2,accuracy,0.6666666666666666,6.0,epigenomic_real,sex_sanity_check,
1,2,auroc,0.5555555555555556,6.0,epigenomic_real,sex_sanity_check,
1,3,accuracy,0.6666666666666666,6.0,epigenomic_real,sex_sanity_check,
1,3,auroc,0.875,6.0,epigenomic_real,sex_sanity_check,
1,4,accuracy,0.6666666666666666,6.0,epigenomic_real,sex_sanity_check,
1,4,auroc,0.875,6.0,epigenomic_real,sex_sanity_check,
1,5,accuracy,0.6666666666666666,6.0,epigenomic_real,sex_sanity_check,
1,5,auroc,0.5,6.0,epigenomic_real,sex_sanity_check,
2,0,accuracy,0.6666666666666666,6.0,epigenomic_real,sex_sanity_check,
2,0,auroc,1.0,6.0,epigenomic_real,sex_sanity_check,
2,1,accuracy,0.5,6.0,epigenomic_real,sex_sanity_check,
2,1,auroc,0.7777777777777778,6.0,epigenomic_real,sex_sanity_check,
2,2,accuracy,0.3333333333333333,6.0,epigenomic_real,sex_sanity_check,
2,2,auroc,1.0,6.0,epigenomic_real,sex_sanity_check,
2,3,accuracy,0.8333333333333334,6.0,epigenomic_real,sex_sanity_check,
2,3,auroc,0.8,6.0,epigenomic_real,sex_sanity_check,
2,4,accuracy,0.5,6.0,epigenomic_real,sex_sanity_check,
2,4,auroc,,6.0,epigenomic_real,sex_sanity_check,
2,5,accuracy,0.5,6.0,epigenomic_real,sex_sanity_check,
2,5,auroc,0.625,6.0,epigenomic_real,sex_sanity_check,
3,0,accuracy,0.5,6.0,epigenomic_real,sex_sanity_check,
3,0,auroc,0.6666666666666666,6.0,epigenomic_real,sex_sanity_check,
3,1,accuracy,0.8333333333333334,6.0,epigenomic_real,sex_sanity_check,
3,1,auroc,0.8,6.0,epigenomic_real,sex_sanity_check,
3,2,accuracy,0.6666666666666666,6.0,epigenomic_real,sex_sanity_check,
3,2,auroc,0.625,6.0,epigenomic_real,sex_sanity_check,
3,3,accuracy,0.5,6.0,epigenomic_real,sex_sanity_check,
3,3,auroc,0.7777777777777779,6.0,epigenomic_real,sex_sanity_check,
3,4,accuracy,0.6666666666666666,6.0,epigenomic_real,sex_sanity_check,
3,4,auroc,0.8,6.0,epigenomic_real,sex_sanity_check,
3,5,accuracy,0.6666666666666666,6.0,epigenomic_real,sex_sanity_check,
3,5,auroc,0.5,6.0,epigenomic_real,sex_sanity_check,
4,0,accuracy,0.5,6.0,epigenomic_real,sex_sanity_check,
4,0,auroc,1.0,6.0,epigenomic_real,sex_sanity_check,
4,1,accuracy,0.6666666666666666,6.0,epigenomic_real,sex_sanity_check,
4,1,auroc,0.75,6.0,epigenomic_real,sex_sanity_check,
4,2,accuracy,0.5,6.0,epigenomic_real,sex_sanity_check,
4,2,auroc,0.7777777777777778,6.0,epigenomic_real,sex_sanity_check,
4,3,accuracy,0.3333333333333333,6.0,epigenomic_real,sex_sanity_check,
4,3,auroc,0.11111111111111112,6.0,epigenomic_real,sex_sanity_check,
4,4,accuracy,0.8333333333333334,6.0,epigenomic_real,sex_sanity_check,
4,4,auroc,0.6,6.0,epigenomic_real,sex_sanity_check,
4,5,accuracy,0.8333333333333334,6.0,epigenomic_real,sex_sanity_check,
4,5,auroc,,6.0,epigenomic_real,sex_sanity_check,
0,0,r2,0.2640773143144326,,epigenomic_real,lib_size_leakage,
0,1,r2,0.2869053966531182,,epigenomic_real,lib_size_leakage,
0,2,r2,0.3706879354167053,,epigenomic_real,lib_size_leakage,
0,3,r2,0.16691466815478673,,epigenomic_real,lib_size_leakage,
0,4,r2,-0.0006873807351508443,,epigenomic_real,lib_size_leakage,
0,5,r2,0.38634509196759226,,epigenomic_real,lib_size_leakage,
1,0,r2,0.2352889680480501,,epigenomic_real,lib_size_leakage,
1,1,r2,0.12353013027830806,,epigenomic_real,lib_size_leakage,
1,2,r2,-0.5834683069471571,,epigenomic_real,lib_size_leakage,
1,3,r2,0.396569349122572,,epigenomic_real,lib_size_leakage,
1,4,r2,0.37604772255301433,,epigenomic_real,lib_size_leakage,
1,5,r2,0.4200286211854205,,epigenomic_real,lib_size_leakage,
2,0,r2,0.22235391783584924,,epigenomic_real,lib_size_leakage,
2,1,r2,0.28803026219416983,,epigenomic_real,lib_size_leakage,
2,2,r2,0.3678709683410706,,epigenomic_real,lib_size_leakage,
2,3,r2,0.2757128440224115,,epigenomic_real,lib_size_leakage,
2,4,r2,0.21503988029909782,,epigenomic_real,lib_size_leakage,
2,5,r2,0.4676229754912117,,epigenomic_real,lib_size_leakage,
3,0,r2,-0.19772441451455047,,epigenomic_real,lib_size_leakage,
3,1,r2,0.43821551215175425,,epigenomic_real,lib_size_leakage,
3,2,r2,0.28736252166291076,,epigenomic_real,lib_size_leakage,
3,3,r2,0.27508770821037365,,epigenomic_real,lib_size_leakage,
3,4,r2,0.38732081944406327,,epigenomic_real,lib_size_leakage,
3,5,r2,0.3083190494612261,,epigenomic_real,lib_size_leakage,
4,0,r2,0.2936100692572302,,epigenomic_real,lib_size_leakage,
4,1,r2,-0.25836944353500746,,epigenomic_real,lib_size_leakage,
4,2,r2,0.3768996315580857,,epigenomic_real,lib_size_leakage,
4,3,r2,0.23193509834429382,,epigenomic_real,lib_size_leakage,
4,4,r2,0.2692361237691512,,epigenomic_real,lib_size_leakage,
4,5,r2,0.312753105751712,,epigenomic_real,lib_size_leakage,
0,0,accuracy,0.15584415584415584,,epigenomic_real,celltype_sanity_check,77.0
0,1,accuracy,0.18181818181818182,,epigenomic_real,celltype_sanity_check,77.0
0,2,accuracy,0.22077922077922077,,epigenomic_real,celltype_sanity_check,77.0
0,3,accuracy,0.16883116883116883,,epigenomic_real,celltype_sanity_check,77.0
0,4,accuracy,0.18181818181818182,,epigenomic_real,celltype_sanity_check,77.0
0,5,accuracy,0.15789473684210525,,epigenomic_real,celltype_sanity_check,76.0
1,0,accuracy,0.14285714285714285,,epigenomic_real,celltype_sanity_check,77.0
1,1,accuracy,0.24675324675324675,,epigenomic_real,celltype_sanity_check,77.0
1,2,accuracy,0.15584415584415584,,epigenomic_real,celltype_sanity_check,77.0
1,3,accuracy,0.12987012987012986,,epigenomic_real,celltype_sanity_check,77.0
1,4,accuracy,0.2727272727272727,,epigenomic_real,celltype_sanity_check,77.0
1,5,accuracy,0.2236842105263158,,epigenomic_real,celltype_sanity_check,76.0
2,0,accuracy,0.15584415584415584,,epigenomic_real,celltype_sanity_check,77.0
2,1,accuracy,0.23376623376623376,,epigenomic_real,celltype_sanity_check,77.0
2,2,accuracy,0.11688311688311688,,epigenomic_real,celltype_sanity_check,77.0
2,3,accuracy,0.18181818181818182,,epigenomic_real,celltype_sanity_check,77.0
2,4,accuracy,0.22077922077922077,,epigenomic_real,celltype_sanity_check,77.0
2,5,accuracy,0.19736842105263158,,epigenomic_real,celltype_sanity_check,76.0
3,0,accuracy,0.23376623376623376,,epigenomic_real,celltype_sanity_check,77.0
3,1,accuracy,0.14285714285714285,,epigenomic_real,celltype_sanity_check,77.0
3,2,accuracy,0.22077922077922077,,epigenomic_real,celltype_sanity_check,77.0
3,3,accuracy,0.2597402597402597,,epigenomic_real,celltype_sanity_check,77.0
3,4,accuracy,0.21052631578947367,,epigenomic_real,celltype_sanity_check,76.0
3,5,accuracy,0.19480519480519481,,epigenomic_real,celltype_sanity_check,77.0
4,0,accuracy,0.2077922077922078,,epigenomic_real,celltype_sanity_check,77.0
4,1,accuracy,0.2077922077922078,,epigenomic_real,celltype_sanity_check,77.0
4,2,accuracy,0.15584415584415584,,epigenomic_real,celltype_sanity_check,77.0
4,3,accuracy,0.24675324675324675,,epigenomic_real,celltype_sanity_check,77.0
4,4,accuracy,0.2987012987012987,,epigenomic_real,celltype_sanity_check,77.0
4,5,accuracy,0.17105263157894737,,epigenomic_real,celltype_sanity_check,76.0
0,0,accuracy,0.3333333333333333,6.0,epigenomic_c1_degree_preserving_seed0,disease_status,
0,0,auroc,0.4444444444444445,6.0,epigenomic_c1_degree_preserving_seed0,disease_status,
0,1,accuracy,0.5,6.0,epigenomic_c1_degree_preserving_seed0,disease_status,
0,1,auroc,0.33333333333333337,6.0,epigenomic_c1_degree_preserving_seed0,disease_status,
0,2,accuracy,0.3333333333333333,6.0,epigenomic_c1_degree_preserving_seed0,disease_status,
0,2,auroc,0.3333333333333333,6.0,epigenomic_c1_degree_preserving_seed0,disease_status,
0,3,accuracy,0.5,6.0,epigenomic_c1_degree_preserving_seed0,disease_status,
0,3,auroc,0.6666666666666667,6.0,epigenomic_c1_degree_preserving_seed0,disease_status,
0,4,accuracy,0.6666666666666666,6.0,epigenomic_c1_degree_preserving_seed0,disease_status,
0,4,auroc,0.4444444444444444,6.0,epigenomic_c1_degree_preserving_seed0,disease_status,
0,5,accuracy,0.6666666666666666,6.0,epigenomic_c1_degree_preserving_seed0,disease_status,
0,5,auroc,0.7777777777777779,6.0,epigenomic_c1_degree_preserving_seed0,disease_status,
1,0,accuracy,0.5,6.0,epigenomic_c1_degree_preserving_seed0,disease_status,
1,0,auroc,0.4444444444444445,6.0,epigenomic_c1_degree_preserving_seed0,disease_status,
1,1,accuracy,0.16666666666666666,6.0,epigenomic_c1_degree_preserving_seed0,disease_status,
1,1,auroc,0.11111111111111112,6.0,epigenomic_c1_degree_preserving_seed0,disease_status,
1,2,accuracy,0.5,6.0,epigenomic_c1_degree_preserving_seed0,disease_status,
1,2,auroc,0.33333333333333337,6.0,epigenomic_c1_degree_preserving_seed0,disease_status,
1,3,accuracy,0.3333333333333333,6.0,epigenomic_c1_degree_preserving_seed0,disease_status,
1,3,auroc,0.5555555555555556,6.0,epigenomic_c1_degree_preserving_seed0,disease_status,
1,4,accuracy,0.5,6.0,epigenomic_c1_degree_preserving_seed0,disease_status,
1,4,auroc,0.4444444444444444,6.0,epigenomic_c1_degree_preserving_seed0,disease_status,
1,5,accuracy,0.5,6.0,epigenomic_c1_degree_preserving_seed0,disease_status,
1,5,auroc,0.6666666666666667,6.0,epigenomic_c1_degree_preserving_seed0,disease_status,
2,0,accuracy,0.16666666666666666,6.0,epigenomic_c1_degree_preserving_seed0,disease_status,
2,0,auroc,0.0,6.0,epigenomic_c1_degree_preserving_seed0,disease_status,
2,1,accuracy,0.5,6.0,epigenomic_c1_degree_preserving_seed0,disease_status,
2,1,auroc,0.7777777777777779,6.0,epigenomic_c1_degree_preserving_seed0,disease_status,
2,2,accuracy,0.5,6.0,epigenomic_c1_degree_preserving_seed0,disease_status,
2,2,auroc,0.7777777777777779,6.0,epigenomic_c1_degree_preserving_seed0,disease_status,
2,3,accuracy,0.6666666666666666,6.0,epigenomic_c1_degree_preserving_seed0,disease_status,
2,3,auroc,0.7777777777777779,6.0,epigenomic_c1_degree_preserving_seed0,disease_status,
2,4,accuracy,0.3333333333333333,6.0,epigenomic_c1_degree_preserving_seed0,disease_status,
2,4,auroc,0.22222222222222224,6.0,epigenomic_c1_degree_preserving_seed0,disease_status,
2,5,accuracy,0.3333333333333333,6.0,epigenomic_c1_degree_preserving_seed0,disease_status,
2,5,auroc,0.33333333333333337,6.0,epigenomic_c1_degree_preserving_seed0,disease_status,
3,0,accuracy,0.16666666666666666,6.0,epigenomic_c1_degree_preserving_seed0,disease_status,
3,0,auroc,0.22222222222222224,6.0,epigenomic_c1_degree_preserving_seed0,disease_status,
3,1,accuracy,0.6666666666666666,6.0,epigenomic_c1_degree_preserving_seed0,disease_status,
3,1,auroc,0.6666666666666667,6.0,epigenomic_c1_degree_preserving_seed0,disease_status,
3,2,accuracy,0.3333333333333333,6.0,epigenomic_c1_degree_preserving_seed0,disease_status,
3,2,auroc,0.33333333333333337,6.0,epigenomic_c1_degree_preserving_seed0,disease_status,
3,3,accuracy,0.5,6.0,epigenomic_c1_degree_preserving_seed0,disease_status,
3,3,auroc,0.4444444444444445,6.0,epigenomic_c1_degree_preserving_seed0,disease_status,
3,4,accuracy,0.5,6.0,epigenomic_c1_degree_preserving_seed0,disease_status,
3,4,auroc,0.3333333333333333,6.0,epigenomic_c1_degree_preserving_seed0,disease_status,
3,5,accuracy,0.16666666666666666,6.0,epigenomic_c1_degree_preserving_seed0,disease_status,
3,5,auroc,0.22222222222222224,6.0,epigenomic_c1_degree_preserving_seed0,disease_status,
4,0,accuracy,0.3333333333333333,6.0,epigenomic_c1_degree_preserving_seed0,disease_status,
4,0,auroc,0.4444444444444445,6.0,epigenomic_c1_degree_preserving_seed0,disease_status,
4,1,accuracy,0.6666666666666666,6.0,epigenomic_c1_degree_preserving_seed0,disease_status,
4,1,auroc,0.5555555555555556,6.0,epigenomic_c1_degree_preserving_seed0,disease_status,
4,2,accuracy,0.8333333333333334,6.0,epigenomic_c1_degree_preserving_seed0,disease_status,
4,2,auroc,0.7777777777777778,6.0,epigenomic_c1_degree_preserving_seed0,disease_status,
4,3,accuracy,0.5,6.0,epigenomic_c1_degree_preserving_seed0,disease_status,
4,3,auroc,0.5555555555555556,6.0,epigenomic_c1_degree_preserving_seed0,disease_status,
4,4,accuracy,0.6666666666666666,6.0,epigenomic_c1_degree_preserving_seed0,disease_status,
4,4,auroc,0.7777777777777778,6.0,epigenomic_c1_degree_preserving_seed0,disease_status,
4,5,accuracy,0.5,6.0,epigenomic_c1_degree_preserving_seed0,disease_status,
4,5,auroc,0.4444444444444444,6.0,epigenomic_c1_degree_preserving_seed0,disease_status,
0,0,accuracy,0.5,6.0,epigenomic_c1_degree_preserving_seed0,sex_sanity_check,
0,0,auroc,0.6,6.0,epigenomic_c1_degree_preserving_seed0,sex_sanity_check,
0,1,accuracy,0.3333333333333333,6.0,epigenomic_c1_degree_preserving_seed0,sex_sanity_check,
0,1,auroc,0.25,6.0,epigenomic_c1_degree_preserving_seed0,sex_sanity_check,
0,2,accuracy,0.6666666666666666,6.0,epigenomic_c1_degree_preserving_seed0,sex_sanity_check,
0,2,auroc,0.75,6.0,epigenomic_c1_degree_preserving_seed0,sex_sanity_check,
0,3,accuracy,0.6666666666666666,6.0,epigenomic_c1_degree_preserving_seed0,sex_sanity_check,
0,3,auroc,0.8,6.0,epigenomic_c1_degree_preserving_seed0,sex_sanity_check,
0,4,accuracy,0.6666666666666666,6.0,epigenomic_c1_degree_preserving_seed0,sex_sanity_check,
0,4,auroc,0.7777777777777778,6.0,epigenomic_c1_degree_preserving_seed0,sex_sanity_check,
0,5,accuracy,0.5,6.0,epigenomic_c1_degree_preserving_seed0,sex_sanity_check,
0,5,auroc,1.0,6.0,epigenomic_c1_degree_preserving_seed0,sex_sanity_check,
1,0,accuracy,0.6666666666666666,6.0,epigenomic_c1_degree_preserving_seed0,sex_sanity_check,
1,0,auroc,0.5,6.0,epigenomic_c1_degree_preserving_seed0,sex_sanity_check,
1,1,accuracy,0.6666666666666666,6.0,epigenomic_c1_degree_preserving_seed0,sex_sanity_check,
1,1,auroc,0.4,6.0,epigenomic_c1_degree_preserving_seed0,sex_sanity_check,
1,2,accuracy,0.6666666666666666,6.0,epigenomic_c1_degree_preserving_seed0,sex_sanity_check,
1,2,auroc,0.7777777777777778,6.0,epigenomic_c1_degree_preserving_seed0,sex_sanity_check,
1,3,accuracy,0.6666666666666666,6.0,epigenomic_c1_degree_preserving_seed0,sex_sanity_check,
1,3,auroc,0.75,6.0,epigenomic_c1_degree_preserving_seed0,sex_sanity_check,
1,4,accuracy,0.6666666666666666,6.0,epigenomic_c1_degree_preserving_seed0,sex_sanity_check,
1,4,auroc,1.0,6.0,epigenomic_c1_degree_preserving_seed0,sex_sanity_check,
1,5,accuracy,0.6666666666666666,6.0,epigenomic_c1_degree_preserving_seed0,sex_sanity_check,
1,5,auroc,0.75,6.0,epigenomic_c1_degree_preserving_seed0,sex_sanity_check,
2,0,accuracy,0.8333333333333334,6.0,epigenomic_c1_degree_preserving_seed0,sex_sanity_check,
2,0,auroc,1.0,6.0,epigenomic_c1_degree_preserving_seed0,sex_sanity_check,
2,1,accuracy,0.6666666666666666,6.0,epigenomic_c1_degree_preserving_seed0,sex_sanity_check,
2,1,auroc,0.7777777777777778,6.0,epigenomic_c1_degree_preserving_seed0,sex_sanity_check,
2,2,accuracy,0.3333333333333333,6.0,epigenomic_c1_degree_preserving_seed0,sex_sanity_check,
2,2,auroc,0.875,6.0,epigenomic_c1_degree_preserving_seed0,sex_sanity_check,
2,3,accuracy,0.5,6.0,epigenomic_c1_degree_preserving_seed0,sex_sanity_check,
2,3,auroc,0.6,6.0,epigenomic_c1_degree_preserving_seed0,sex_sanity_check,
2,4,accuracy,0.3333333333333333,6.0,epigenomic_c1_degree_preserving_seed0,sex_sanity_check,
2,4,auroc,,6.0,epigenomic_c1_degree_preserving_seed0,sex_sanity_check,
2,5,accuracy,0.8333333333333334,6.0,epigenomic_c1_degree_preserving_seed0,sex_sanity_check,
2,5,auroc,0.75,6.0,epigenomic_c1_degree_preserving_seed0,sex_sanity_check,
3,0,accuracy,0.5,6.0,epigenomic_c1_degree_preserving_seed0,sex_sanity_check,
3,0,auroc,0.7777777777777778,6.0,epigenomic_c1_degree_preserving_seed0,sex_sanity_check,
3,1,accuracy,0.6666666666666666,6.0,epigenomic_c1_degree_preserving_seed0,sex_sanity_check,
3,1,auroc,1.0,6.0,epigenomic_c1_degree_preserving_seed0,sex_sanity_check,
3,2,accuracy,0.6666666666666666,6.0,epigenomic_c1_degree_preserving_seed0,sex_sanity_check,
3,2,auroc,0.5,6.0,epigenomic_c1_degree_preserving_seed0,sex_sanity_check,
3,3,accuracy,0.5,6.0,epigenomic_c1_degree_preserving_seed0,sex_sanity_check,
3,3,auroc,0.6666666666666666,6.0,epigenomic_c1_degree_preserving_seed0,sex_sanity_check,
3,4,accuracy,0.6666666666666666,6.0,epigenomic_c1_degree_preserving_seed0,sex_sanity_check,
3,4,auroc,0.8,6.0,epigenomic_c1_degree_preserving_seed0,sex_sanity_check,
3,5,accuracy,0.5,6.0,epigenomic_c1_degree_preserving_seed0,sex_sanity_check,
3,5,auroc,0.5,6.0,epigenomic_c1_degree_preserving_seed0,sex_sanity_check,
4,0,accuracy,0.6666666666666666,6.0,epigenomic_c1_degree_preserving_seed0,sex_sanity_check,
4,0,auroc,1.0,6.0,epigenomic_c1_degree_preserving_seed0,sex_sanity_check,
4,1,accuracy,0.5,6.0,epigenomic_c1_degree_preserving_seed0,sex_sanity_check,
4,1,auroc,0.625,6.0,epigenomic_c1_degree_preserving_seed0,sex_sanity_check,
4,2,accuracy,0.3333333333333333,6.0,epigenomic_c1_degree_preserving_seed0,sex_sanity_check,
4,2,auroc,0.6666666666666666,6.0,epigenomic_c1_degree_preserving_seed0,sex_sanity_check,
4,3,accuracy,0.3333333333333333,6.0,epigenomic_c1_degree_preserving_seed0,sex_sanity_check,
4,3,auroc,0.0,6.0,epigenomic_c1_degree_preserving_seed0,sex_sanity_check,
4,4,accuracy,0.8333333333333334,6.0,epigenomic_c1_degree_preserving_seed0,sex_sanity_check,
4,4,auroc,1.0,6.0,epigenomic_c1_degree_preserving_seed0,sex_sanity_check,
4,5,accuracy,0.8333333333333334,6.0,epigenomic_c1_degree_preserving_seed0,sex_sanity_check,
4,5,auroc,,6.0,epigenomic_c1_degree_preserving_seed0,sex_sanity_check,
0,0,r2,-2.03854895958496,,epigenomic_c1_degree_preserving_seed0,lib_size_leakage,
0,1,r2,-0.05723374068419873,,epigenomic_c1_degree_preserving_seed0,lib_size_leakage,
0,2,r2,-1.0472729434259422,,epigenomic_c1_degree_preserving_seed0,lib_size_leakage,
0,3,r2,-0.5125979588309748,,epigenomic_c1_degree_preserving_seed0,lib_size_leakage,
0,4,r2,-3.5479530120887546,,epigenomic_c1_degree_preserving_seed0,lib_size_leakage,
0,5,r2,-0.577615543671594,,epigenomic_c1_degree_preserving_seed0,lib_size_leakage,
1,0,r2,-0.29119854578888704,,epigenomic_c1_degree_preserving_seed0,lib_size_leakage,
1,1,r2,-2.1396935348092803,,epigenomic_c1_degree_preserving_seed0,lib_size_leakage,
1,2,r2,-7.3126907067317255,,epigenomic_c1_degree_preserving_seed0,lib_size_leakage,
1,3,r2,-1.3357337219634111,,epigenomic_c1_degree_preserving_seed0,lib_size_leakage,
1,4,r2,-0.9453719601633179,,epigenomic_c1_degree_preserving_seed0,lib_size_leakage,
1,5,r2,-0.8777647817234686,,epigenomic_c1_degree_preserving_seed0,lib_size_leakage,
2,0,r2,-1.5228994799284452,,epigenomic_c1_degree_preserving_seed0,lib_size_leakage,
2,1,r2,-3.011436213139727,,epigenomic_c1_degree_preserving_seed0,lib_size_leakage,
2,2,r2,-0.995751408876143,,epigenomic_c1_degree_preserving_seed0,lib_size_leakage,
2,3,r2,-0.11486836564898262,,epigenomic_c1_degree_preserving_seed0,lib_size_leakage,
2,4,r2,-1.3681663846297774,,epigenomic_c1_degree_preserving_seed0,lib_size_leakage,
2,5,r2,-0.9403136958134568,,epigenomic_c1_degree_preserving_seed0,lib_size_leakage,
3,0,r2,-4.381053267277651,,epigenomic_c1_degree_preserving_seed0,lib_size_leakage,
3,1,r2,-1.4065399397345502,,epigenomic_c1_degree_preserving_seed0,lib_size_leakage,
3,2,r2,-1.4120569725278278,,epigenomic_c1_degree_preserving_seed0,lib_size_leakage,
3,3,r2,-0.590039424858896,,epigenomic_c1_degree_preserving_seed0,lib_size_leakage,
3,4,r2,-0.025833074626359753,,epigenomic_c1_degree_preserving_seed0,lib_size_leakage,
3,5,r2,-1.0931783016585173,,epigenomic_c1_degree_preserving_seed0,lib_size_leakage,
4,0,r2,-1.4999669199970413,,epigenomic_c1_degree_preserving_seed0,lib_size_leakage,
4,1,r2,-6.248323547905499,,epigenomic_c1_degree_preserving_seed0,lib_size_leakage,
4,2,r2,-1.1834355183773204,,epigenomic_c1_degree_preserving_seed0,lib_size_leakage,
4,3,r2,-2.080262326762183,,epigenomic_c1_degree_preserving_seed0,lib_size_leakage,
4,4,r2,-1.4721554277511144,,epigenomic_c1_degree_preserving_seed0,lib_size_leakage,
4,5,r2,-0.29782028236409364,,epigenomic_c1_degree_preserving_seed0,lib_size_leakage,
0,0,accuracy,0.3116883116883117,,epigenomic_c1_degree_preserving_seed0,celltype_sanity_check,77.0
0,1,accuracy,0.2077922077922078,,epigenomic_c1_degree_preserving_seed0,celltype_sanity_check,77.0
0,2,accuracy,0.2597402597402597,,epigenomic_c1_degree_preserving_seed0,celltype_sanity_check,77.0
0,3,accuracy,0.2727272727272727,,epigenomic_c1_degree_preserving_seed0,celltype_sanity_check,77.0
0,4,accuracy,0.2987012987012987,,epigenomic_c1_degree_preserving_seed0,celltype_sanity_check,77.0
0,5,accuracy,0.25,,epigenomic_c1_degree_preserving_seed0,celltype_sanity_check,76.0
1,0,accuracy,0.2857142857142857,,epigenomic_c1_degree_preserving_seed0,celltype_sanity_check,77.0
1,1,accuracy,0.24675324675324675,,epigenomic_c1_degree_preserving_seed0,celltype_sanity_check,77.0
1,2,accuracy,0.19480519480519481,,epigenomic_c1_degree_preserving_seed0,celltype_sanity_check,77.0
1,3,accuracy,0.2727272727272727,,epigenomic_c1_degree_preserving_seed0,celltype_sanity_check,77.0
1,4,accuracy,0.23376623376623376,,epigenomic_c1_degree_preserving_seed0,celltype_sanity_check,77.0
1,5,accuracy,0.23684210526315788,,epigenomic_c1_degree_preserving_seed0,celltype_sanity_check,76.0
2,0,accuracy,0.23376623376623376,,epigenomic_c1_degree_preserving_seed0,celltype_sanity_check,77.0
2,1,accuracy,0.36363636363636365,,epigenomic_c1_degree_preserving_seed0,celltype_sanity_check,77.0
2,2,accuracy,0.16883116883116883,,epigenomic_c1_degree_preserving_seed0,celltype_sanity_check,77.0
2,3,accuracy,0.2597402597402597,,epigenomic_c1_degree_preserving_seed0,celltype_sanity_check,77.0
2,4,accuracy,0.2597402597402597,,epigenomic_c1_degree_preserving_seed0,celltype_sanity_check,77.0
2,5,accuracy,0.25,,epigenomic_c1_degree_preserving_seed0,celltype_sanity_check,76.0
3,0,accuracy,0.33766233766233766,,epigenomic_c1_degree_preserving_seed0,celltype_sanity_check,77.0
3,1,accuracy,0.24675324675324675,,epigenomic_c1_degree_preserving_seed0,celltype_sanity_check,77.0
3,2,accuracy,0.24675324675324675,,epigenomic_c1_degree_preserving_seed0,celltype_sanity_check,77.0
3,3,accuracy,0.24675324675324675,,epigenomic_c1_degree_preserving_seed0,celltype_sanity_check,77.0
3,4,accuracy,0.25,,epigenomic_c1_degree_preserving_seed0,celltype_sanity_check,76.0
3,5,accuracy,0.18181818181818182,,epigenomic_c1_degree_preserving_seed0,celltype_sanity_check,77.0
4,0,accuracy,0.2857142857142857,,epigenomic_c1_degree_preserving_seed0,celltype_sanity_check,77.0
4,1,accuracy,0.2597402597402597,,epigenomic_c1_degree_preserving_seed0,celltype_sanity_check,77.0
4,2,accuracy,0.2727272727272727,,epigenomic_c1_degree_preserving_seed0,celltype_sanity_check,77.0
4,3,accuracy,0.24675324675324675,,epigenomic_c1_degree_preserving_seed0,celltype_sanity_check,77.0
4,4,accuracy,0.2727272727272727,,epigenomic_c1_degree_preserving_seed0,celltype_sanity_check,77.0
4,5,accuracy,0.19736842105263158,,epigenomic_c1_degree_preserving_seed0,celltype_sanity_check,76.0
0,0,accuracy,0.6666666666666666,6.0,epigenomic_c2_fully_random_seed0,disease_status,
0,0,auroc,0.4444444444444445,6.0,epigenomic_c2_fully_random_seed0,disease_status,
0,1,accuracy,0.3333333333333333,6.0,epigenomic_c2_fully_random_seed0,disease_status,
0,1,auroc,0.5555555555555556,6.0,epigenomic_c2_fully_random_seed0,disease_status,
0,2,accuracy,0.5,6.0,epigenomic_c2_fully_random_seed0,disease_status,
0,2,auroc,0.3333333333333333,6.0,epigenomic_c2_fully_random_seed0,disease_status,
0,3,accuracy,0.6666666666666666,6.0,epigenomic_c2_fully_random_seed0,disease_status,
0,3,auroc,0.7777777777777779,6.0,epigenomic_c2_fully_random_seed0,disease_status,
0,4,accuracy,0.3333333333333333,6.0,epigenomic_c2_fully_random_seed0,disease_status,
0,4,auroc,0.33333333333333337,6.0,epigenomic_c2_fully_random_seed0,disease_status,
0,5,accuracy,0.5,6.0,epigenomic_c2_fully_random_seed0,disease_status,
0,5,auroc,0.4444444444444445,6.0,epigenomic_c2_fully_random_seed0,disease_status,
1,0,accuracy,0.5,6.0,epigenomic_c2_fully_random_seed0,disease_status,
1,0,auroc,0.33333333333333337,6.0,epigenomic_c2_fully_random_seed0,disease_status,
1,1,accuracy,0.3333333333333333,6.0,epigenomic_c2_fully_random_seed0,disease_status,
1,1,auroc,0.11111111111111112,6.0,epigenomic_c2_fully_random_seed0,disease_status,
1,2,accuracy,0.16666666666666666,6.0,epigenomic_c2_fully_random_seed0,disease_status,
1,2,auroc,0.3333333333333333,6.0,epigenomic_c2_fully_random_seed0,disease_status,
1,3,accuracy,0.5,6.0,epigenomic_c2_fully_random_seed0,disease_status,
1,3,auroc,0.4444444444444444,6.0,epigenomic_c2_fully_random_seed0,disease_status,
1,4,accuracy,0.5,6.0,epigenomic_c2_fully_random_seed0,disease_status,
1,4,auroc,0.33333333333333337,6.0,epigenomic_c2_fully_random_seed0,disease_status,
1,5,accuracy,0.3333333333333333,6.0,epigenomic_c2_fully_random_seed0,disease_status,
1,5,auroc,0.22222222222222224,6.0,epigenomic_c2_fully_random_seed0,disease_status,
2,0,accuracy,0.3333333333333333,6.0,epigenomic_c2_fully_random_seed0,disease_status,
2,0,auroc,0.0,6.0,epigenomic_c2_fully_random_seed0,disease_status,
2,1,accuracy,0.6666666666666666,6.0,epigenomic_c2_fully_random_seed0,disease_status,
2,1,auroc,0.5555555555555556,6.0,epigenomic_c2_fully_random_seed0,disease_status,
2,2,accuracy,0.5,6.0,epigenomic_c2_fully_random_seed0,disease_status,
2,2,auroc,0.4444444444444445,6.0,epigenomic_c2_fully_random_seed0,disease_status,
2,3,accuracy,0.6666666666666666,6.0,epigenomic_c2_fully_random_seed0,disease_status,
2,3,auroc,0.6666666666666666,6.0,epigenomic_c2_fully_random_seed0,disease_status,
2,4,accuracy,0.5,6.0,epigenomic_c2_fully_random_seed0,disease_status,
2,4,auroc,0.22222222222222224,6.0,epigenomic_c2_fully_random_seed0,disease_status,
2,5,accuracy,0.5,6.0,epigenomic_c2_fully_random_seed0,disease_status,
2,5,auroc,0.4444444444444445,6.0,epigenomic_c2_fully_random_seed0,disease_status,
3,0,accuracy,0.8333333333333334,6.0,epigenomic_c2_fully_random_seed0,disease_status,
3,0,auroc,0.6666666666666666,6.0,epigenomic_c2_fully_random_seed0,disease_status,
3,1,accuracy,0.3333333333333333,6.0,epigenomic_c2_fully_random_seed0,disease_status,
3,1,auroc,0.4444444444444445,6.0,epigenomic_c2_fully_random_seed0,disease_status,
3,2,accuracy,0.5,6.0,epigenomic_c2_fully_random_seed0,disease_status,
3,2,auroc,0.33333333333333337,6.0,epigenomic_c2_fully_random_seed0,disease_status,
3,3,accuracy,0.5,6.0,epigenomic_c2_fully_random_seed0,disease_status,
3,3,auroc,0.0,6.0,epigenomic_c2_fully_random_seed0,disease_status,
3,4,accuracy,0.5,6.0,epigenomic_c2_fully_random_seed0,disease_status,
3,4,auroc,0.22222222222222224,6.0,epigenomic_c2_fully_random_seed0,disease_status,
3,5,accuracy,0.3333333333333333,6.0,epigenomic_c2_fully_random_seed0,disease_status,
3,5,auroc,0.22222222222222224,6.0,epigenomic_c2_fully_random_seed0,disease_status,
4,0,accuracy,0.5,6.0,epigenomic_c2_fully_random_seed0,disease_status,
4,0,auroc,0.22222222222222224,6.0,epigenomic_c2_fully_random_seed0,disease_status,
4,1,accuracy,0.16666666666666666,6.0,epigenomic_c2_fully_random_seed0,disease_status,
4,1,auroc,0.22222222222222224,6.0,epigenomic_c2_fully_random_seed0,disease_status,
4,2,accuracy,0.6666666666666666,6.0,epigenomic_c2_fully_random_seed0,disease_status,
4,2,auroc,0.6666666666666666,6.0,epigenomic_c2_fully_random_seed0,disease_status,
4,3,accuracy,0.5,6.0,epigenomic_c2_fully_random_seed0,disease_status,
4,3,auroc,0.5555555555555556,6.0,epigenomic_c2_fully_random_seed0,disease_status,
4,4,accuracy,0.6666666666666666,6.0,epigenomic_c2_fully_random_seed0,disease_status,
4,4,auroc,0.5555555555555556,6.0,epigenomic_c2_fully_random_seed0,disease_status,
4,5,accuracy,0.3333333333333333,6.0,epigenomic_c2_fully_random_seed0,disease_status,
4,5,auroc,0.3333333333333333,6.0,epigenomic_c2_fully_random_seed0,disease_status,
0,0,accuracy,0.6666666666666666,6.0,epigenomic_c2_fully_random_seed0,sex_sanity_check,
0,0,auroc,0.8,6.0,epigenomic_c2_fully_random_seed0,sex_sanity_check,
0,1,accuracy,0.3333333333333333,6.0,epigenomic_c2_fully_random_seed0,sex_sanity_check,
0,1,auroc,0.5,6.0,epigenomic_c2_fully_random_seed0,sex_sanity_check,
0,2,accuracy,0.6666666666666666,6.0,epigenomic_c2_fully_random_seed0,sex_sanity_check,
0,2,auroc,0.75,6.0,epigenomic_c2_fully_random_seed0,sex_sanity_check,
0,3,accuracy,0.8333333333333334,6.0,epigenomic_c2_fully_random_seed0,sex_sanity_check,
0,3,auroc,0.6,6.0,epigenomic_c2_fully_random_seed0,sex_sanity_check,
0,4,accuracy,0.6666666666666666,6.0,epigenomic_c2_fully_random_seed0,sex_sanity_check,
0,4,auroc,0.6666666666666667,6.0,epigenomic_c2_fully_random_seed0,sex_sanity_check,
0,5,accuracy,0.6666666666666666,6.0,epigenomic_c2_fully_random_seed0,sex_sanity_check,
0,5,auroc,0.7777777777777778,6.0,epigenomic_c2_fully_random_seed0,sex_sanity_check,
1,0,accuracy,0.5,6.0,epigenomic_c2_fully_random_seed0,sex_sanity_check,
1,0,auroc,0.5,6.0,epigenomic_c2_fully_random_seed0,sex_sanity_check,
1,1,accuracy,0.6666666666666666,6.0,epigenomic_c2_fully_random_seed0,sex_sanity_check,
1,1,auroc,1.0,6.0,epigenomic_c2_fully_random_seed0,sex_sanity_check,
1,2,accuracy,0.5,6.0,epigenomic_c2_fully_random_seed0,sex_sanity_check,
1,2,auroc,0.4444444444444444,6.0,epigenomic_c2_fully_random_seed0,sex_sanity_check,
1,3,accuracy,0.6666666666666666,6.0,epigenomic_c2_fully_random_seed0,sex_sanity_check,
1,3,auroc,0.75,6.0,epigenomic_c2_fully_random_seed0,sex_sanity_check,
1,4,accuracy,0.6666666666666666,6.0,epigenomic_c2_fully_random_seed0,sex_sanity_check,
1,4,auroc,0.875,6.0,epigenomic_c2_fully_random_seed0,sex_sanity_check,
1,5,accuracy,0.6666666666666666,6.0,epigenomic_c2_fully_random_seed0,sex_sanity_check,
1,5,auroc,0.75,6.0,epigenomic_c2_fully_random_seed0,sex_sanity_check,
2,0,accuracy,0.6666666666666666,6.0,epigenomic_c2_fully_random_seed0,sex_sanity_check,
2,0,auroc,0.875,6.0,epigenomic_c2_fully_random_seed0,sex_sanity_check,
2,1,accuracy,0.6666666666666666,6.0,epigenomic_c2_fully_random_seed0,sex_sanity_check,
2,1,auroc,1.0,6.0,epigenomic_c2_fully_random_seed0,sex_sanity_check,
2,2,accuracy,0.6666666666666666,6.0,epigenomic_c2_fully_random_seed0,sex_sanity_check,
2,2,auroc,1.0,6.0,epigenomic_c2_fully_random_seed0,sex_sanity_check,
2,3,accuracy,0.8333333333333334,6.0,epigenomic_c2_fully_random_seed0,sex_sanity_check,
2,3,auroc,1.0,6.0,epigenomic_c2_fully_random_seed0,sex_sanity_check,
2,4,accuracy,0.16666666666666666,6.0,epigenomic_c2_fully_random_seed0,sex_sanity_check,
2,4,auroc,,6.0,epigenomic_c2_fully_random_seed0,sex_sanity_check,
2,5,accuracy,0.5,6.0,epigenomic_c2_fully_random_seed0,sex_sanity_check,
2,5,auroc,0.75,6.0,epigenomic_c2_fully_random_seed0,sex_sanity_check,
3,0,accuracy,0.5,6.0,epigenomic_c2_fully_random_seed0,sex_sanity_check,
3,0,auroc,0.6666666666666666,6.0,epigenomic_c2_fully_random_seed0,sex_sanity_check,
3,1,accuracy,0.6666666666666666,6.0,epigenomic_c2_fully_random_seed0,sex_sanity_check,
3,1,auroc,0.8,6.0,epigenomic_c2_fully_random_seed0,sex_sanity_check,
3,2,accuracy,0.6666666666666666,6.0,epigenomic_c2_fully_random_seed0,sex_sanity_check,
3,2,auroc,0.875,6.0,epigenomic_c2_fully_random_seed0,sex_sanity_check,
3,3,accuracy,0.6666666666666666,6.0,epigenomic_c2_fully_random_seed0,sex_sanity_check,
3,3,auroc,0.5555555555555556,6.0,epigenomic_c2_fully_random_seed0,sex_sanity_check,
3,4,accuracy,0.6666666666666666,6.0,epigenomic_c2_fully_random_seed0,sex_sanity_check,
3,4,auroc,1.0,6.0,epigenomic_c2_fully_random_seed0,sex_sanity_check,
3,5,accuracy,0.5,6.0,epigenomic_c2_fully_random_seed0,sex_sanity_check,
3,5,auroc,0.625,6.0,epigenomic_c2_fully_random_seed0,sex_sanity_check,
4,0,accuracy,0.5,6.0,epigenomic_c2_fully_random_seed0,sex_sanity_check,
4,0,auroc,0.888888888888889,6.0,epigenomic_c2_fully_random_seed0,sex_sanity_check,
4,1,accuracy,0.5,6.0,epigenomic_c2_fully_random_seed0,sex_sanity_check,
4,1,auroc,0.5,6.0,epigenomic_c2_fully_random_seed0,sex_sanity_check,
4,2,accuracy,0.8333333333333334,6.0,epigenomic_c2_fully_random_seed0,sex_sanity_check,
4,2,auroc,1.0,6.0,epigenomic_c2_fully_random_seed0,sex_sanity_check,
4,3,accuracy,0.16666666666666666,6.0,epigenomic_c2_fully_random_seed0,sex_sanity_check,
4,3,auroc,0.33333333333333337,6.0,epigenomic_c2_fully_random_seed0,sex_sanity_check,
4,4,accuracy,0.8333333333333334,6.0,epigenomic_c2_fully_random_seed0,sex_sanity_check,
4,4,auroc,0.6,6.0,epigenomic_c2_fully_random_seed0,sex_sanity_check,
4,5,accuracy,0.8333333333333334,6.0,epigenomic_c2_fully_random_seed0,sex_sanity_check,
4,5,auroc,,6.0,epigenomic_c2_fully_random_seed0,sex_sanity_check,
0,0,r2,-4.1011538397056455,,epigenomic_c2_fully_random_seed0,lib_size_leakage,
0,1,r2,-0.3614690673785863,,epigenomic_c2_fully_random_seed0,lib_size_leakage,
0,2,r2,-2.8723954744760056,,epigenomic_c2_fully_random_seed0,lib_size_leakage,
0,3,r2,-1.095252059921803,,epigenomic_c2_fully_random_seed0,lib_size_leakage,
0,4,r2,-4.463874257625615,,epigenomic_c2_fully_random_seed0,lib_size_leakage,
0,5,r2,-2.1001858837604384,,epigenomic_c2_fully_random_seed0,lib_size_leakage,
1,0,r2,-0.6151284622896727,,epigenomic_c2_fully_random_seed0,lib_size_leakage,
1,1,r2,-3.1353958072746133,,epigenomic_c2_fully_random_seed0,lib_size_leakage,
1,2,r2,-6.491053290869529,,epigenomic_c2_fully_random_seed0,lib_size_leakage,
1,3,r2,-0.860522290851329,,epigenomic_c2_fully_random_seed0,lib_size_leakage,
1,4,r2,-2.1486610154720704,,epigenomic_c2_fully_random_seed0,lib_size_leakage,
1,5,r2,-1.201199033714726,,epigenomic_c2_fully_random_seed0,lib_size_leakage,
2,0,r2,-2.735935489655211,,epigenomic_c2_fully_random_seed0,lib_size_leakage,
2,1,r2,-3.7879132524760024,,epigenomic_c2_fully_random_seed0,lib_size_leakage,
2,2,r2,-0.9477113156128298,,epigenomic_c2_fully_random_seed0,lib_size_leakage,
2,3,r2,-0.3639214365378529,,epigenomic_c2_fully_random_seed0,lib_size_leakage,
2,4,r2,-3.255800331779384,,epigenomic_c2_fully_random_seed0,lib_size_leakage,
2,5,r2,-1.967962701544094,,epigenomic_c2_fully_random_seed0,lib_size_leakage,
3,0,r2,-6.14245266936822,,epigenomic_c2_fully_random_seed0,lib_size_leakage,
3,1,r2,-1.9310737051514866,,epigenomic_c2_fully_random_seed0,lib_size_leakage,
3,2,r2,-1.0452722187371597,,epigenomic_c2_fully_random_seed0,lib_size_leakage,
3,3,r2,-0.9993402557837057,,epigenomic_c2_fully_random_seed0,lib_size_leakage,
3,4,r2,-0.9357870054170909,,epigenomic_c2_fully_random_seed0,lib_size_leakage,
3,5,r2,-1.4583308471779586,,epigenomic_c2_fully_random_seed0,lib_size_leakage,
4,0,r2,-1.431679116453025,,epigenomic_c2_fully_random_seed0,lib_size_leakage,
4,1,r2,-7.618087297361649,,epigenomic_c2_fully_random_seed0,lib_size_leakage,
4,2,r2,-0.8418814388638332,,epigenomic_c2_fully_random_seed0,lib_size_leakage,
4,3,r2,-3.2075389446841296,,epigenomic_c2_fully_random_seed0,lib_size_leakage,
4,4,r2,-2.1036554689461497,,epigenomic_c2_fully_random_seed0,lib_size_leakage,
4,5,r2,-0.865329085028006,,epigenomic_c2_fully_random_seed0,lib_size_leakage,
0,0,accuracy,0.2597402597402597,,epigenomic_c2_fully_random_seed0,celltype_sanity_check,77.0
0,1,accuracy,0.2987012987012987,,epigenomic_c2_fully_random_seed0,celltype_sanity_check,77.0
0,2,accuracy,0.3246753246753247,,epigenomic_c2_fully_random_seed0,celltype_sanity_check,77.0
0,3,accuracy,0.2987012987012987,,epigenomic_c2_fully_random_seed0,celltype_sanity_check,77.0
0,4,accuracy,0.3116883116883117,,epigenomic_c2_fully_random_seed0,celltype_sanity_check,77.0
0,5,accuracy,0.3026315789473684,,epigenomic_c2_fully_random_seed0,celltype_sanity_check,76.0
1,0,accuracy,0.3116883116883117,,epigenomic_c2_fully_random_seed0,celltype_sanity_check,77.0
1,1,accuracy,0.22077922077922077,,epigenomic_c2_fully_random_seed0,celltype_sanity_check,77.0
1,2,accuracy,0.23376623376623376,,epigenomic_c2_fully_random_seed0,celltype_sanity_check,77.0
1,3,accuracy,0.2987012987012987,,epigenomic_c2_fully_random_seed0,celltype_sanity_check,77.0
1,4,accuracy,0.2987012987012987,,epigenomic_c2_fully_random_seed0,celltype_sanity_check,77.0
1,5,accuracy,0.2894736842105263,,epigenomic_c2_fully_random_seed0,celltype_sanity_check,76.0
2,0,accuracy,0.24675324675324675,,epigenomic_c2_fully_random_seed0,celltype_sanity_check,77.0
2,1,accuracy,0.2597402597402597,,epigenomic_c2_fully_random_seed0,celltype_sanity_check,77.0
2,2,accuracy,0.24675324675324675,,epigenomic_c2_fully_random_seed0,celltype_sanity_check,77.0
2,3,accuracy,0.2597402597402597,,epigenomic_c2_fully_random_seed0,celltype_sanity_check,77.0
2,4,accuracy,0.38961038961038963,,epigenomic_c2_fully_random_seed0,celltype_sanity_check,77.0
2,5,accuracy,0.3026315789473684,,epigenomic_c2_fully_random_seed0,celltype_sanity_check,76.0
3,0,accuracy,0.2857142857142857,,epigenomic_c2_fully_random_seed0,celltype_sanity_check,77.0
3,1,accuracy,0.2597402597402597,,epigenomic_c2_fully_random_seed0,celltype_sanity_check,77.0
3,2,accuracy,0.3116883116883117,,epigenomic_c2_fully_random_seed0,celltype_sanity_check,77.0
3,3,accuracy,0.23376623376623376,,epigenomic_c2_fully_random_seed0,celltype_sanity_check,77.0
3,4,accuracy,0.3815789473684211,,epigenomic_c2_fully_random_seed0,celltype_sanity_check,76.0
3,5,accuracy,0.22077922077922077,,epigenomic_c2_fully_random_seed0,celltype_sanity_check,77.0
4,0,accuracy,0.2597402597402597,,epigenomic_c2_fully_random_seed0,celltype_sanity_check,77.0
4,1,accuracy,0.33766233766233766,,epigenomic_c2_fully_random_seed0,celltype_sanity_check,77.0
4,2,accuracy,0.24675324675324675,,epigenomic_c2_fully_random_seed0,celltype_sanity_check,77.0
4,3,accuracy,0.37662337662337664,,epigenomic_c2_fully_random_seed0,celltype_sanity_check,77.0
4,4,accuracy,0.3116883116883117,,epigenomic_c2_fully_random_seed0,celltype_sanity_check,77.0
4,5,accuracy,0.2894736842105263,,epigenomic_c2_fully_random_seed0,celltype_sanity_check,76.0
0,0,accuracy,0.3333333333333333,6.0,epigenomic_c1_degree_preserving_seed1,disease_status,
0,0,auroc,0.4444444444444445,6.0,epigenomic_c1_degree_preserving_seed1,disease_status,
0,1,accuracy,0.3333333333333333,6.0,epigenomic_c1_degree_preserving_seed1,disease_status,
0,1,auroc,0.22222222222222224,6.0,epigenomic_c1_degree_preserving_seed1,disease_status,
0,2,accuracy,0.6666666666666666,6.0,epigenomic_c1_degree_preserving_seed1,disease_status,
0,2,auroc,0.4444444444444445,6.0,epigenomic_c1_degree_preserving_seed1,disease_status,
0,3,accuracy,0.5,6.0,epigenomic_c1_degree_preserving_seed1,disease_status,
0,3,auroc,0.4444444444444445,6.0,epigenomic_c1_degree_preserving_seed1,disease_status,
0,4,accuracy,0.5,6.0,epigenomic_c1_degree_preserving_seed1,disease_status,
0,4,auroc,0.22222222222222224,6.0,epigenomic_c1_degree_preserving_seed1,disease_status,
0,5,accuracy,0.5,6.0,epigenomic_c1_degree_preserving_seed1,disease_status,
0,5,auroc,0.22222222222222224,6.0,epigenomic_c1_degree_preserving_seed1,disease_status,
1,0,accuracy,0.5,6.0,epigenomic_c1_degree_preserving_seed1,disease_status,
1,0,auroc,0.33333333333333337,6.0,epigenomic_c1_degree_preserving_seed1,disease_status,
1,1,accuracy,0.3333333333333333,6.0,epigenomic_c1_degree_preserving_seed1,disease_status,
1,1,auroc,0.22222222222222224,6.0,epigenomic_c1_degree_preserving_seed1,disease_status,
1,2,accuracy,0.16666666666666666,6.0,epigenomic_c1_degree_preserving_seed1,disease_status,
1,2,auroc,0.0,6.0,epigenomic_c1_degree_preserving_seed1,disease_status,
1,3,accuracy,0.5,6.0,epigenomic_c1_degree_preserving_seed1,disease_status,
1,3,auroc,0.22222222222222224,6.0,epigenomic_c1_degree_preserving_seed1,disease_status,
1,4,accuracy,0.6666666666666666,6.0,epigenomic_c1_degree_preserving_seed1,disease_status,
1,4,auroc,0.5555555555555556,6.0,epigenomic_c1_degree_preserving_seed1,disease_status,
1,5,accuracy,0.3333333333333333,6.0,epigenomic_c1_degree_preserving_seed1,disease_status,
1,5,auroc,0.11111111111111112,6.0,epigenomic_c1_degree_preserving_seed1,disease_status,
2,0,accuracy,0.3333333333333333,6.0,epigenomic_c1_degree_preserving_seed1,disease_status,
2,0,auroc,0.22222222222222224,6.0,epigenomic_c1_degree_preserving_seed1,disease_status,
2,1,accuracy,0.6666666666666666,6.0,epigenomic_c1_degree_preserving_seed1,disease_status,
2,1,auroc,0.6666666666666667,6.0,epigenomic_c1_degree_preserving_seed1,disease_status,
2,2,accuracy,0.5,6.0,epigenomic_c1_degree_preserving_seed1,disease_status,
2,2,auroc,0.4444444444444445,6.0,epigenomic_c1_degree_preserving_seed1,disease_status,
2,3,accuracy,0.3333333333333333,6.0,epigenomic_c1_degree_preserving_seed1,disease_status,
2,3,auroc,0.33333333333333337,6.0,epigenomic_c1_degree_preserving_seed1,disease_status,
2,4,accuracy,0.3333333333333333,6.0,epigenomic_c1_degree_preserving_seed1,disease_status,
2,4,auroc,0.4444444444444445,6.0,epigenomic_c1_degree_preserving_seed1,disease_status,
2,5,accuracy,0.3333333333333333,6.0,epigenomic_c1_degree_preserving_seed1,disease_status,
2,5,auroc,0.33333333333333337,6.0,epigenomic_c1_degree_preserving_seed1,disease_status,
3,0,accuracy,0.6666666666666666,6.0,epigenomic_c1_degree_preserving_seed1,disease_status,
3,0,auroc,0.4444444444444445,6.0,epigenomic_c1_degree_preserving_seed1,disease_status,
3,1,accuracy,0.3333333333333333,6.0,epigenomic_c1_degree_preserving_seed1,disease_status,
3,1,auroc,0.33333333333333337,6.0,epigenomic_c1_degree_preserving_seed1,disease_status,
3,2,accuracy,0.5,6.0,epigenomic_c1_degree_preserving_seed1,disease_status,
3,2,auroc,0.33333333333333337,6.0,epigenomic_c1_degree_preserving_seed1,disease_status,
3,3,accuracy,0.16666666666666666,6.0,epigenomic_c1_degree_preserving_seed1,disease_status,
3,3,auroc,0.33333333333333337,6.0,epigenomic_c1_degree_preserving_seed1,disease_status,
3,4,accuracy,0.3333333333333333,6.0,epigenomic_c1_degree_preserving_seed1,disease_status,
3,4,auroc,0.4444444444444444,6.0,epigenomic_c1_degree_preserving_seed1,disease_status,
3,5,accuracy,0.3333333333333333,6.0,epigenomic_c1_degree_preserving_seed1,disease_status,
3,5,auroc,0.33333333333333337,6.0,epigenomic_c1_degree_preserving_seed1,disease_status,
4,0,accuracy,0.5,6.0,epigenomic_c1_degree_preserving_seed1,disease_status,
4,0,auroc,0.7777777777777779,6.0,epigenomic_c1_degree_preserving_seed1,disease_status,
4,1,accuracy,0.5,6.0,epigenomic_c1_degree_preserving_seed1,disease_status,
4,1,auroc,0.22222222222222224,6.0,epigenomic_c1_degree_preserving_seed1,disease_status,
4,2,accuracy,0.5,6.0,epigenomic_c1_degree_preserving_seed1,disease_status,
4,2,auroc,0.5555555555555556,6.0,epigenomic_c1_degree_preserving_seed1,disease_status,
4,3,accuracy,0.5,6.0,epigenomic_c1_degree_preserving_seed1,disease_status,
4,3,auroc,0.33333333333333337,6.0,epigenomic_c1_degree_preserving_seed1,disease_status,
4,4,accuracy,0.5,6.0,epigenomic_c1_degree_preserving_seed1,disease_status,
4,4,auroc,0.5555555555555556,6.0,epigenomic_c1_degree_preserving_seed1,disease_status,
4,5,accuracy,0.3333333333333333,6.0,epigenomic_c1_degree_preserving_seed1,disease_status,
4,5,auroc,0.22222222222222224,6.0,epigenomic_c1_degree_preserving_seed1,disease_status,
0,0,accuracy,0.6666666666666666,6.0,epigenomic_c1_degree_preserving_seed1,sex_sanity_check,
0,0,auroc,0.6,6.0,epigenomic_c1_degree_preserving_seed1,sex_sanity_check,
0,1,accuracy,0.16666666666666666,6.0,epigenomic_c1_degree_preserving_seed1,sex_sanity_check,
0,1,auroc,0.25,6.0,epigenomic_c1_degree_preserving_seed1,sex_sanity_check,
0,2,accuracy,0.8333333333333334,6.0,epigenomic_c1_degree_preserving_seed1,sex_sanity_check,
0,2,auroc,0.875,6.0,epigenomic_c1_degree_preserving_seed1,sex_sanity_check,
0,3,accuracy,0.6666666666666666,6.0,epigenomic_c1_degree_preserving_seed1,sex_sanity_check,
0,3,auroc,0.4,6.0,epigenomic_c1_degree_preserving_seed1,sex_sanity_check,
0,4,accuracy,0.5,6.0,epigenomic_c1_degree_preserving_seed1,sex_sanity_check,
0,4,auroc,0.888888888888889,6.0,epigenomic_c1_degree_preserving_seed1,sex_sanity_check,
0,5,accuracy,0.5,6.0,epigenomic_c1_degree_preserving_seed1,sex_sanity_check,
0,5,auroc,1.0,6.0,epigenomic_c1_degree_preserving_seed1,sex_sanity_check,
1,0,accuracy,0.6666666666666666,6.0,epigenomic_c1_degree_preserving_seed1,sex_sanity_check,
1,0,auroc,0.375,6.0,epigenomic_c1_degree_preserving_seed1,sex_sanity_check,
1,1,accuracy,0.3333333333333333,6.0,epigenomic_c1_degree_preserving_seed1,sex_sanity_check,
1,1,auroc,0.4,6.0,epigenomic_c1_degree_preserving_seed1,sex_sanity_check,
1,2,accuracy,0.3333333333333333,6.0,epigenomic_c1_degree_preserving_seed1,sex_sanity_check,
1,2,auroc,0.4444444444444445,6.0,epigenomic_c1_degree_preserving_seed1,sex_sanity_check,
1,3,accuracy,0.6666666666666666,6.0,epigenomic_c1_degree_preserving_seed1,sex_sanity_check,
1,3,auroc,1.0,6.0,epigenomic_c1_degree_preserving_seed1,sex_sanity_check,
1,4,accuracy,0.6666666666666666,6.0,epigenomic_c1_degree_preserving_seed1,sex_sanity_check,
1,4,auroc,0.875,6.0,epigenomic_c1_degree_preserving_seed1,sex_sanity_check,
1,5,accuracy,0.5,6.0,epigenomic_c1_degree_preserving_seed1,sex_sanity_check,
1,5,auroc,0.75,6.0,epigenomic_c1_degree_preserving_seed1,sex_sanity_check,
2,0,accuracy,0.6666666666666666,6.0,epigenomic_c1_degree_preserving_seed1,sex_sanity_check,
2,0,auroc,1.0,6.0,epigenomic_c1_degree_preserving_seed1,sex_sanity_check,
2,1,accuracy,0.5,6.0,epigenomic_c1_degree_preserving_seed1,sex_sanity_check,
2,1,auroc,0.7777777777777778,6.0,epigenomic_c1_degree_preserving_seed1,sex_sanity_check,
2,2,accuracy,0.3333333333333333,6.0,epigenomic_c1_degree_preserving_seed1,sex_sanity_check,
2,2,auroc,0.75,6.0,epigenomic_c1_degree_preserving_seed1,sex_sanity_check,
2,3,accuracy,0.6666666666666666,6.0,epigenomic_c1_degree_preserving_seed1,sex_sanity_check,
2,3,auroc,0.8,6.0,epigenomic_c1_degree_preserving_seed1,sex_sanity_check,
2,4,accuracy,0.16666666666666666,6.0,epigenomic_c1_degree_preserving_seed1,sex_sanity_check,
2,4,auroc,,6.0,epigenomic_c1_degree_preserving_seed1,sex_sanity_check,
2,5,accuracy,0.5,6.0,epigenomic_c1_degree_preserving_seed1,sex_sanity_check,
2,5,auroc,0.625,6.0,epigenomic_c1_degree_preserving_seed1,sex_sanity_check,
3,0,accuracy,0.5,6.0,epigenomic_c1_degree_preserving_seed1,sex_sanity_check,
3,0,auroc,0.6666666666666667,6.0,epigenomic_c1_degree_preserving_seed1,sex_sanity_check,
3,1,accuracy,0.8333333333333334,6.0,epigenomic_c1_degree_preserving_seed1,sex_sanity_check,
3,1,auroc,0.6,6.0,epigenomic_c1_degree_preserving_seed1,sex_sanity_check,
3,2,accuracy,0.5,6.0,epigenomic_c1_degree_preserving_seed1,sex_sanity_check,
3,2,auroc,0.625,6.0,epigenomic_c1_degree_preserving_seed1,sex_sanity_check,
3,3,accuracy,0.5,6.0,epigenomic_c1_degree_preserving_seed1,sex_sanity_check,
3,3,auroc,0.22222222222222224,6.0,epigenomic_c1_degree_preserving_seed1,sex_sanity_check,
3,4,accuracy,0.5,6.0,epigenomic_c1_degree_preserving_seed1,sex_sanity_check,
3,4,auroc,0.6,6.0,epigenomic_c1_degree_preserving_seed1,sex_sanity_check,
3,5,accuracy,0.3333333333333333,6.0,epigenomic_c1_degree_preserving_seed1,sex_sanity_check,
3,5,auroc,0.375,6.0,epigenomic_c1_degree_preserving_seed1,sex_sanity_check,
4,0,accuracy,0.5,6.0,epigenomic_c1_degree_preserving_seed1,sex_sanity_check,
4,0,auroc,0.7777777777777778,6.0,epigenomic_c1_degree_preserving_seed1,sex_sanity_check,
4,1,accuracy,0.5,6.0,epigenomic_c1_degree_preserving_seed1,sex_sanity_check,
4,1,auroc,0.375,6.0,epigenomic_c1_degree_preserving_seed1,sex_sanity_check,
4,2,accuracy,0.5,6.0,epigenomic_c1_degree_preserving_seed1,sex_sanity_check,
4,2,auroc,0.7777777777777778,6.0,epigenomic_c1_degree_preserving_seed1,sex_sanity_check,
4,3,accuracy,0.0,6.0,epigenomic_c1_degree_preserving_seed1,sex_sanity_check,
4,3,auroc,0.0,6.0,epigenomic_c1_degree_preserving_seed1,sex_sanity_check,
4,4,accuracy,0.5,6.0,epigenomic_c1_degree_preserving_seed1,sex_sanity_check,
4,4,auroc,0.6,6.0,epigenomic_c1_degree_preserving_seed1,sex_sanity_check,
4,5,accuracy,1.0,6.0,epigenomic_c1_degree_preserving_seed1,sex_sanity_check,
4,5,auroc,,6.0,epigenomic_c1_degree_preserving_seed1,sex_sanity_check,
0,0,r2,-2.5004756191046815,,epigenomic_c1_degree_preserving_seed1,lib_size_leakage,
0,1,r2,-0.13853747955814444,,epigenomic_c1_degree_preserving_seed1,lib_size_leakage,
0,2,r2,-1.3703781997749358,,epigenomic_c1_degree_preserving_seed1,lib_size_leakage,
0,3,r2,-1.3430092982745405,,epigenomic_c1_degree_preserving_seed1,lib_size_leakage,
0,4,r2,-3.9397683398275554,,epigenomic_c1_degree_preserving_seed1,lib_size_leakage,
0,5,r2,-1.0906607211356047,,epigenomic_c1_degree_preserving_seed1,lib_size_leakage,
1,0,r2,-0.475990254135785,,epigenomic_c1_degree_preserving_seed1,lib_size_leakage,
1,1,r2,-2.937698799086779,,epigenomic_c1_degree_preserving_seed1,lib_size_leakage,
1,2,r2,-6.292490325240245,,epigenomic_c1_degree_preserving_seed1,lib_size_leakage,
1,3,r2,-0.5427395116720557,,epigenomic_c1_degree_preserving_seed1,lib_size_leakage,
1,4,r2,-0.6772310176853886,,epigenomic_c1_degree_preserving_seed1,lib_size_leakage,
1,5,r2,-0.3853475283545562,,epigenomic_c1_degree_preserving_seed1,lib_size_leakage,
2,0,r2,-2.0778408242193116,,epigenomic_c1_degree_preserving_seed1,lib_size_leakage,
2,1,r2,-2.724656194466767,,epigenomic_c1_degree_preserving_seed1,lib_size_leakage,
2,2,r2,-1.2277740067882181,,epigenomic_c1_degree_preserving_seed1,lib_size_leakage,
2,3,r2,-0.20285612336308634,,epigenomic_c1_degree_preserving_seed1,lib_size_leakage,
2,4,r2,-1.6759026000814972,,epigenomic_c1_degree_preserving_seed1,lib_size_leakage,
2,5,r2,-0.6199633692920752,,epigenomic_c1_degree_preserving_seed1,lib_size_leakage,
3,0,r2,-4.723203886400903,,epigenomic_c1_degree_preserving_seed1,lib_size_leakage,
3,1,r2,-1.8662512856935969,,epigenomic_c1_degree_preserving_seed1,lib_size_leakage,
3,2,r2,-1.380346552394124,,epigenomic_c1_degree_preserving_seed1,lib_size_leakage,
3,3,r2,-0.30810993230768857,,epigenomic_c1_degree_preserving_seed1,lib_size_leakage,
3,4,r2,-0.5111572284924957,,epigenomic_c1_degree_preserving_seed1,lib_size_leakage,
3,5,r2,-1.0226901072384735,,epigenomic_c1_degree_preserving_seed1,lib_size_leakage,
4,0,r2,-1.3820130671634319,,epigenomic_c1_degree_preserving_seed1,lib_size_leakage,
4,1,r2,-5.278404083068511,,epigenomic_c1_degree_preserving_seed1,lib_size_leakage,
4,2,r2,-1.7255828049975244,,epigenomic_c1_degree_preserving_seed1,lib_size_leakage,
4,3,r2,-1.7443348791654292,,epigenomic_c1_degree_preserving_seed1,lib_size_leakage,
4,4,r2,-1.6781920344738586,,epigenomic_c1_degree_preserving_seed1,lib_size_leakage,
4,5,r2,-0.12475070218988549,,epigenomic_c1_degree_preserving_seed1,lib_size_leakage,
0,0,accuracy,0.22077922077922077,,epigenomic_c1_degree_preserving_seed1,celltype_sanity_check,77.0
0,1,accuracy,0.18181818181818182,,epigenomic_c1_degree_preserving_seed1,celltype_sanity_check,77.0
0,2,accuracy,0.2727272727272727,,epigenomic_c1_degree_preserving_seed1,celltype_sanity_check,77.0
0,3,accuracy,0.23376623376623376,,epigenomic_c1_degree_preserving_seed1,celltype_sanity_check,77.0
0,4,accuracy,0.2597402597402597,,epigenomic_c1_degree_preserving_seed1,celltype_sanity_check,77.0
0,5,accuracy,0.19736842105263158,,epigenomic_c1_degree_preserving_seed1,celltype_sanity_check,76.0
1,0,accuracy,0.23376623376623376,,epigenomic_c1_degree_preserving_seed1,celltype_sanity_check,77.0
1,1,accuracy,0.23376623376623376,,epigenomic_c1_degree_preserving_seed1,celltype_sanity_check,77.0
1,2,accuracy,0.18181818181818182,,epigenomic_c1_degree_preserving_seed1,celltype_sanity_check,77.0
1,3,accuracy,0.2857142857142857,,epigenomic_c1_degree_preserving_seed1,celltype_sanity_check,77.0
1,4,accuracy,0.19480519480519481,,epigenomic_c1_degree_preserving_seed1,celltype_sanity_check,77.0
1,5,accuracy,0.25,,epigenomic_c1_degree_preserving_seed1,celltype_sanity_check,76.0
2,0,accuracy,0.2987012987012987,,epigenomic_c1_degree_preserving_seed1,celltype_sanity_check,77.0
2,1,accuracy,0.18181818181818182,,epigenomic_c1_degree_preserving_seed1,celltype_sanity_check,77.0
2,2,accuracy,0.22077922077922077,,epigenomic_c1_degree_preserving_seed1,celltype_sanity_check,77.0
2,3,accuracy,0.18181818181818182,,epigenomic_c1_degree_preserving_seed1,celltype_sanity_check,77.0
2,4,accuracy,0.3116883116883117,,epigenomic_c1_degree_preserving_seed1,celltype_sanity_check,77.0
2,5,accuracy,0.2236842105263158,,epigenomic_c1_degree_preserving_seed1,celltype_sanity_check,76.0
3,0,accuracy,0.2857142857142857,,epigenomic_c1_degree_preserving_seed1,celltype_sanity_check,77.0
3,1,accuracy,0.22077922077922077,,epigenomic_c1_degree_preserving_seed1,celltype_sanity_check,77.0
3,2,accuracy,0.2597402597402597,,epigenomic_c1_degree_preserving_seed1,celltype_sanity_check,77.0
3,3,accuracy,0.2857142857142857,,epigenomic_c1_degree_preserving_seed1,celltype_sanity_check,77.0
3,4,accuracy,0.27631578947368424,,epigenomic_c1_degree_preserving_seed1,celltype_sanity_check,76.0
3,5,accuracy,0.12987012987012986,,epigenomic_c1_degree_preserving_seed1,celltype_sanity_check,77.0
4,0,accuracy,0.23376623376623376,,epigenomic_c1_degree_preserving_seed1,celltype_sanity_check,77.0
4,1,accuracy,0.2597402597402597,,epigenomic_c1_degree_preserving_seed1,celltype_sanity_check,77.0
4,2,accuracy,0.18181818181818182,,epigenomic_c1_degree_preserving_seed1,celltype_sanity_check,77.0
4,3,accuracy,0.2727272727272727,,epigenomic_c1_degree_preserving_seed1,celltype_sanity_check,77.0
4,4,accuracy,0.16883116883116883,,epigenomic_c1_degree_preserving_seed1,celltype_sanity_check,77.0
4,5,accuracy,0.2631578947368421,,epigenomic_c1_degree_preserving_seed1,celltype_sanity_check,76.0
0,0,accuracy,0.5,6.0,epigenomic_c2_fully_random_seed1,disease_status,
0,0,auroc,0.5555555555555556,6.0,epigenomic_c2_fully_random_seed1,disease_status,
0,1,accuracy,0.8333333333333334,6.0,epigenomic_c2_fully_random_seed1,disease_status,
0,1,auroc,0.6666666666666666,6.0,epigenomic_c2_fully_random_seed1,disease_status,
0,2,accuracy,0.3333333333333333,6.0,epigenomic_c2_fully_random_seed1,disease_status,
0,2,auroc,0.33333333333333337,6.0,epigenomic_c2_fully_random_seed1,disease_status,
0,3,accuracy,0.3333333333333333,6.0,epigenomic_c2_fully_random_seed1,disease_status,
0,3,auroc,0.4444444444444444,6.0,epigenomic_c2_fully_random_seed1,disease_status,
0,4,accuracy,1.0,6.0,epigenomic_c2_fully_random_seed1,disease_status,
0,4,auroc,1.0,6.0,epigenomic_c2_fully_random_seed1,disease_status,
0,5,accuracy,0.5,6.0,epigenomic_c2_fully_random_seed1,disease_status,
0,5,auroc,0.6666666666666667,6.0,epigenomic_c2_fully_random_seed1,disease_status,
1,0,accuracy,0.5,6.0,epigenomic_c2_fully_random_seed1,disease_status,
1,0,auroc,0.11111111111111112,6.0,epigenomic_c2_fully_random_seed1,disease_status,
1,1,accuracy,0.16666666666666666,6.0,epigenomic_c2_fully_random_seed1,disease_status,
1,1,auroc,0.22222222222222224,6.0,epigenomic_c2_fully_random_seed1,disease_status,
1,2,accuracy,0.5,6.0,epigenomic_c2_fully_random_seed1,disease_status,
1,2,auroc,0.6666666666666666,6.0,epigenomic_c2_fully_random_seed1,disease_status,
1,3,accuracy,0.5,6.0,epigenomic_c2_fully_random_seed1,disease_status,
1,3,auroc,0.5555555555555556,6.0,epigenomic_c2_fully_random_seed1,disease_status,
1,4,accuracy,0.3333333333333333,6.0,epigenomic_c2_fully_random_seed1,disease_status,
1,4,auroc,0.33333333333333337,6.0,epigenomic_c2_fully_random_seed1,disease_status,
1,5,accuracy,0.5,6.0,epigenomic_c2_fully_random_seed1,disease_status,
1,5,auroc,0.4444444444444445,6.0,epigenomic_c2_fully_random_seed1,disease_status,
2,0,accuracy,0.0,6.0,epigenomic_c2_fully_random_seed1,disease_status,
2,0,auroc,0.0,6.0,epigenomic_c2_fully_random_seed1,disease_status,
2,1,accuracy,0.6666666666666666,6.0,epigenomic_c2_fully_random_seed1,disease_status,
2,1,auroc,0.6666666666666666,6.0,epigenomic_c2_fully_random_seed1,disease_status,
2,2,accuracy,0.5,6.0,epigenomic_c2_fully_random_seed1,disease_status,
2,2,auroc,0.4444444444444445,6.0,epigenomic_c2_fully_random_seed1,disease_status,
2,3,accuracy,0.6666666666666666,6.0,epigenomic_c2_fully_random_seed1,disease_status,
2,3,auroc,0.5555555555555556,6.0,epigenomic_c2_fully_random_seed1,disease_status,
2,4,accuracy,0.6666666666666666,6.0,epigenomic_c2_fully_random_seed1,disease_status,
2,4,auroc,0.6666666666666666,6.0,epigenomic_c2_fully_random_seed1,disease_status,
2,5,accuracy,0.6666666666666666,6.0,epigenomic_c2_fully_random_seed1,disease_status,
2,5,auroc,0.6666666666666667,6.0,epigenomic_c2_fully_random_seed1,disease_status,
3,0,accuracy,0.3333333333333333,6.0,epigenomic_c2_fully_random_seed1,disease_status,
3,0,auroc,0.3333333333333333,6.0,epigenomic_c2_fully_random_seed1,disease_status,
3,1,accuracy,0.5,6.0,epigenomic_c2_fully_random_seed1,disease_status,
3,1,auroc,0.4444444444444444,6.0,epigenomic_c2_fully_random_seed1,disease_status,
3,2,accuracy,0.16666666666666666,6.0,epigenomic_c2_fully_random_seed1,disease_status,
3,2,auroc,0.11111111111111112,6.0,epigenomic_c2_fully_random_seed1,disease_status,
3,3,accuracy,1.0,6.0,epigenomic_c2_fully_random_seed1,disease_status,
3,3,auroc,1.0,6.0,epigenomic_c2_fully_random_seed1,disease_status,
3,4,accuracy,1.0,6.0,epigenomic_c2_fully_random_seed1,disease_status,
3,4,auroc,1.0,6.0,epigenomic_c2_fully_random_seed1,disease_status,
3,5,accuracy,0.16666666666666666,6.0,epigenomic_c2_fully_random_seed1,disease_status,
3,5,auroc,0.22222222222222224,6.0,epigenomic_c2_fully_random_seed1,disease_status,
4,0,accuracy,0.16666666666666666,6.0,epigenomic_c2_fully_random_seed1,disease_status,
4,0,auroc,0.33333333333333337,6.0,epigenomic_c2_fully_random_seed1,disease_status,
4,1,accuracy,0.8333333333333334,6.0,epigenomic_c2_fully_random_seed1,disease_status,
4,1,auroc,0.7777777777777778,6.0,epigenomic_c2_fully_random_seed1,disease_status,
4,2,accuracy,0.8333333333333334,6.0,epigenomic_c2_fully_random_seed1,disease_status,
4,2,auroc,1.0,6.0,epigenomic_c2_fully_random_seed1,disease_status,
4,3,accuracy,0.5,6.0,epigenomic_c2_fully_random_seed1,disease_status,
4,3,auroc,0.33333333333333337,6.0,epigenomic_c2_fully_random_seed1,disease_status,
4,4,accuracy,0.3333333333333333,6.0,epigenomic_c2_fully_random_seed1,disease_status,
4,4,auroc,0.4444444444444444,6.0,epigenomic_c2_fully_random_seed1,disease_status,
4,5,accuracy,0.3333333333333333,6.0,epigenomic_c2_fully_random_seed1,disease_status,
4,5,auroc,0.11111111111111112,6.0,epigenomic_c2_fully_random_seed1,disease_status,
0,0,accuracy,0.8333333333333334,6.0,epigenomic_c2_fully_random_seed1,sex_sanity_check,
0,0,auroc,0.8,6.0,epigenomic_c2_fully_random_seed1,sex_sanity_check,
0,1,accuracy,0.3333333333333333,6.0,epigenomic_c2_fully_random_seed1,sex_sanity_check,
0,1,auroc,0.375,6.0,epigenomic_c2_fully_random_seed1,sex_sanity_check,
0,2,accuracy,0.8333333333333334,6.0,epigenomic_c2_fully_random_seed1,sex_sanity_check,
0,2,auroc,1.0,6.0,epigenomic_c2_fully_random_seed1,sex_sanity_check,
0,3,accuracy,0.8333333333333334,6.0,epigenomic_c2_fully_random_seed1,sex_sanity_check,
0,3,auroc,0.8,6.0,epigenomic_c2_fully_random_seed1,sex_sanity_check,
0,4,accuracy,0.5,6.0,epigenomic_c2_fully_random_seed1,sex_sanity_check,
0,4,auroc,0.6666666666666667,6.0,epigenomic_c2_fully_random_seed1,sex_sanity_check,
0,5,accuracy,0.5,6.0,epigenomic_c2_fully_random_seed1,sex_sanity_check,
0,5,auroc,0.7777777777777778,6.0,epigenomic_c2_fully_random_seed1,sex_sanity_check,
1,0,accuracy,0.5,6.0,epigenomic_c2_fully_random_seed1,sex_sanity_check,
1,0,auroc,0.625,6.0,epigenomic_c2_fully_random_seed1,sex_sanity_check,
1,1,accuracy,0.8333333333333334,6.0,epigenomic_c2_fully_random_seed1,sex_sanity_check,
1,1,auroc,1.0,6.0,epigenomic_c2_fully_random_seed1,sex_sanity_check,
1,2,accuracy,0.5,6.0,epigenomic_c2_fully_random_seed1,sex_sanity_check,
1,2,auroc,0.5555555555555556,6.0,epigenomic_c2_fully_random_seed1,sex_sanity_check,
1,3,accuracy,0.6666666666666666,6.0,epigenomic_c2_fully_random_seed1,sex_sanity_check,
1,3,auroc,0.75,6.0,epigenomic_c2_fully_random_seed1,sex_sanity_check,
1,4,accuracy,0.6666666666666666,6.0,epigenomic_c2_fully_random_seed1,sex_sanity_check,
1,4,auroc,0.875,6.0,epigenomic_c2_fully_random_seed1,sex_sanity_check,
1,5,accuracy,0.6666666666666666,6.0,epigenomic_c2_fully_random_seed1,sex_sanity_check,
1,5,auroc,0.75,6.0,epigenomic_c2_fully_random_seed1,sex_sanity_check,
2,0,accuracy,1.0,6.0,epigenomic_c2_fully_random_seed1,sex_sanity_check,
2,0,auroc,1.0,6.0,epigenomic_c2_fully_random_seed1,sex_sanity_check,
2,1,accuracy,0.6666666666666666,6.0,epigenomic_c2_fully_random_seed1,sex_sanity_check,
2,1,auroc,1.0,6.0,epigenomic_c2_fully_random_seed1,sex_sanity_check,
2,2,accuracy,0.3333333333333333,6.0,epigenomic_c2_fully_random_seed1,sex_sanity_check,
2,2,auroc,1.0,6.0,epigenomic_c2_fully_random_seed1,sex_sanity_check,
2,3,accuracy,0.8333333333333334,6.0,epigenomic_c2_fully_random_seed1,sex_sanity_check,
2,3,auroc,0.4,6.0,epigenomic_c2_fully_random_seed1,sex_sanity_check,
2,4,accuracy,0.3333333333333333,6.0,epigenomic_c2_fully_random_seed1,sex_sanity_check,
2,4,auroc,,6.0,epigenomic_c2_fully_random_seed1,sex_sanity_check,
2,5,accuracy,0.5,6.0,epigenomic_c2_fully_random_seed1,sex_sanity_check,
2,5,auroc,0.625,6.0,epigenomic_c2_fully_random_seed1,sex_sanity_check,
3,0,accuracy,0.6666666666666666,6.0,epigenomic_c2_fully_random_seed1,sex_sanity_check,
3,0,auroc,0.6666666666666667,6.0,epigenomic_c2_fully_random_seed1,sex_sanity_check,
3,1,accuracy,0.8333333333333334,6.0,epigenomic_c2_fully_random_seed1,sex_sanity_check,
3,1,auroc,1.0,6.0,epigenomic_c2_fully_random_seed1,sex_sanity_check,
3,2,accuracy,0.8333333333333334,6.0,epigenomic_c2_fully_random_seed1,sex_sanity_check,
3,2,auroc,0.875,6.0,epigenomic_c2_fully_random_seed1,sex_sanity_check,
3,3,accuracy,0.5,6.0,epigenomic_c2_fully_random_seed1,sex_sanity_check,
3,3,auroc,0.22222222222222224,6.0,epigenomic_c2_fully_random_seed1,sex_sanity_check,
3,4,accuracy,0.6666666666666666,6.0,epigenomic_c2_fully_random_seed1,sex_sanity_check,
3,4,auroc,0.8,6.0,epigenomic_c2_fully_random_seed1,sex_sanity_check,
3,5,accuracy,0.8333333333333334,6.0,epigenomic_c2_fully_random_seed1,sex_sanity_check,
3,5,auroc,0.75,6.0,epigenomic_c2_fully_random_seed1,sex_sanity_check,
4,0,accuracy,0.8333333333333334,6.0,epigenomic_c2_fully_random_seed1,sex_sanity_check,
4,0,auroc,0.888888888888889,6.0,epigenomic_c2_fully_random_seed1,sex_sanity_check,
4,1,accuracy,0.6666666666666666,6.0,epigenomic_c2_fully_random_seed1,sex_sanity_check,
4,1,auroc,0.5,6.0,epigenomic_c2_fully_random_seed1,sex_sanity_check,
4,2,accuracy,0.5,6.0,epigenomic_c2_fully_random_seed1,sex_sanity_check,
4,2,auroc,0.6666666666666666,6.0,epigenomic_c2_fully_random_seed1,sex_sanity_check,
4,3,accuracy,0.3333333333333333,6.0,epigenomic_c2_fully_random_seed1,sex_sanity_check,
4,3,auroc,0.11111111111111112,6.0,epigenomic_c2_fully_random_seed1,sex_sanity_check,
4,4,accuracy,0.8333333333333334,6.0,epigenomic_c2_fully_random_seed1,sex_sanity_check,
4,4,auroc,1.0,6.0,epigenomic_c2_fully_random_seed1,sex_sanity_check,
4,5,accuracy,0.8333333333333334,6.0,epigenomic_c2_fully_random_seed1,sex_sanity_check,
4,5,auroc,,6.0,epigenomic_c2_fully_random_seed1,sex_sanity_check,
0,0,r2,-1.35243893028349,,epigenomic_c2_fully_random_seed1,lib_size_leakage,
0,1,r2,-0.6325058681695044,,epigenomic_c2_fully_random_seed1,lib_size_leakage,
0,2,r2,-1.6453010455036767,,epigenomic_c2_fully_random_seed1,lib_size_leakage,
0,3,r2,-1.1230071358855267,,epigenomic_c2_fully_random_seed1,lib_size_leakage,
0,4,r2,-3.4604140026256047,,epigenomic_c2_fully_random_seed1,lib_size_leakage,
0,5,r2,-0.7580481986642353,,epigenomic_c2_fully_random_seed1,lib_size_leakage,
1,0,r2,-0.952102546097302,,epigenomic_c2_fully_random_seed1,lib_size_leakage,
1,1,r2,-3.1374588567319313,,epigenomic_c2_fully_random_seed1,lib_size_leakage,
1,2,r2,-10.493529107210229,,epigenomic_c2_fully_random_seed1,lib_size_leakage,
1,3,r2,-1.8062740851705716,,epigenomic_c2_fully_random_seed1,lib_size_leakage,
1,4,r2,-1.828972559125996,,epigenomic_c2_fully_random_seed1,lib_size_leakage,
1,5,r2,-1.3710516204274223,,epigenomic_c2_fully_random_seed1,lib_size_leakage,
2,0,r2,-2.060119868325499,,epigenomic_c2_fully_random_seed1,lib_size_leakage,
2,1,r2,-4.106957987250654,,epigenomic_c2_fully_random_seed1,lib_size_leakage,
2,2,r2,-0.7998978889428852,,epigenomic_c2_fully_random_seed1,lib_size_leakage,
2,3,r2,-0.3238065667197929,,epigenomic_c2_fully_random_seed1,lib_size_leakage,
2,4,r2,-4.730208740994491,,epigenomic_c2_fully_random_seed1,lib_size_leakage,
2,5,r2,-1.1973404303676656,,epigenomic_c2_fully_random_seed1,lib_size_leakage,
3,0,r2,-6.387565369063723,,epigenomic_c2_fully_random_seed1,lib_size_leakage,
3,1,r2,-2.0709624975895755,,epigenomic_c2_fully_random_seed1,lib_size_leakage,
3,2,r2,-1.0473681596145141,,epigenomic_c2_fully_random_seed1,lib_size_leakage,
3,3,r2,-0.5646911171992484,,epigenomic_c2_fully_random_seed1,lib_size_leakage,
3,4,r2,-0.9414469213809165,,epigenomic_c2_fully_random_seed1,lib_size_leakage,
3,5,r2,-1.0786969189275863,,epigenomic_c2_fully_random_seed1,lib_size_leakage,
4,0,r2,-2.0512449728516957,,epigenomic_c2_fully_random_seed1,lib_size_leakage,
4,1,r2,-6.165210482139106,,epigenomic_c2_fully_random_seed1,lib_size_leakage,
4,2,r2,-1.8238654169522945,,epigenomic_c2_fully_random_seed1,lib_size_leakage,
4,3,r2,-0.9857925713243603,,epigenomic_c2_fully_random_seed1,lib_size_leakage,
4,4,r2,-1.4524506977859688,,epigenomic_c2_fully_random_seed1,lib_size_leakage,
4,5,r2,-0.7127279176885437,,epigenomic_c2_fully_random_seed1,lib_size_leakage,
0,0,accuracy,0.3116883116883117,,epigenomic_c2_fully_random_seed1,celltype_sanity_check,77.0
0,1,accuracy,0.24675324675324675,,epigenomic_c2_fully_random_seed1,celltype_sanity_check,77.0
0,2,accuracy,0.2987012987012987,,epigenomic_c2_fully_random_seed1,celltype_sanity_check,77.0
0,3,accuracy,0.38961038961038963,,epigenomic_c2_fully_random_seed1,celltype_sanity_check,77.0
0,4,accuracy,0.2987012987012987,,epigenomic_c2_fully_random_seed1,celltype_sanity_check,77.0
0,5,accuracy,0.25,,epigenomic_c2_fully_random_seed1,celltype_sanity_check,76.0
1,0,accuracy,0.23376623376623376,,epigenomic_c2_fully_random_seed1,celltype_sanity_check,77.0
1,1,accuracy,0.3246753246753247,,epigenomic_c2_fully_random_seed1,celltype_sanity_check,77.0
1,2,accuracy,0.19480519480519481,,epigenomic_c2_fully_random_seed1,celltype_sanity_check,77.0
1,3,accuracy,0.2077922077922078,,epigenomic_c2_fully_random_seed1,celltype_sanity_check,77.0
1,4,accuracy,0.2727272727272727,,epigenomic_c2_fully_random_seed1,celltype_sanity_check,77.0
1,5,accuracy,0.2894736842105263,,epigenomic_c2_fully_random_seed1,celltype_sanity_check,76.0
2,0,accuracy,0.3246753246753247,,epigenomic_c2_fully_random_seed1,celltype_sanity_check,77.0
2,1,accuracy,0.2597402597402597,,epigenomic_c2_fully_random_seed1,celltype_sanity_check,77.0
2,2,accuracy,0.2987012987012987,,epigenomic_c2_fully_random_seed1,celltype_sanity_check,77.0
2,3,accuracy,0.2727272727272727,,epigenomic_c2_fully_random_seed1,celltype_sanity_check,77.0
2,4,accuracy,0.2857142857142857,,epigenomic_c2_fully_random_seed1,celltype_sanity_check,77.0
2,5,accuracy,0.25,,epigenomic_c2_fully_random_seed1,celltype_sanity_check,76.0
3,0,accuracy,0.36363636363636365,,epigenomic_c2_fully_random_seed1,celltype_sanity_check,77.0
3,1,accuracy,0.22077922077922077,,epigenomic_c2_fully_random_seed1,celltype_sanity_check,77.0
3,2,accuracy,0.2987012987012987,,epigenomic_c2_fully_random_seed1,celltype_sanity_check,77.0
3,3,accuracy,0.3116883116883117,,epigenomic_c2_fully_random_seed1,celltype_sanity_check,77.0
3,4,accuracy,0.27631578947368424,,epigenomic_c2_fully_random_seed1,celltype_sanity_check,76.0
3,5,accuracy,0.2597402597402597,,epigenomic_c2_fully_random_seed1,celltype_sanity_check,77.0
4,0,accuracy,0.2857142857142857,,epigenomic_c2_fully_random_seed1,celltype_sanity_check,77.0
4,1,accuracy,0.24675324675324675,,epigenomic_c2_fully_random_seed1,celltype_sanity_check,77.0
4,2,accuracy,0.2987012987012987,,epigenomic_c2_fully_random_seed1,celltype_sanity_check,77.0
4,3,accuracy,0.4025974025974026,,epigenomic_c2_fully_random_seed1,celltype_sanity_check,77.0
4,4,accuracy,0.2857142857142857,,epigenomic_c2_fully_random_seed1,celltype_sanity_check,77.0
4,5,accuracy,0.2631578947368421,,epigenomic_c2_fully_random_seed1,celltype_sanity_check,76.0
0,0,accuracy,0.3333333333333333,6.0,epigenomic_c1_degree_preserving_seed2,disease_status,
0,0,auroc,0.33333333333333337,6.0,epigenomic_c1_degree_preserving_seed2,disease_status,
0,1,accuracy,0.6666666666666666,6.0,epigenomic_c1_degree_preserving_seed2,disease_status,
0,1,auroc,0.4444444444444445,6.0,epigenomic_c1_degree_preserving_seed2,disease_status,
0,2,accuracy,0.5,6.0,epigenomic_c1_degree_preserving_seed2,disease_status,
0,2,auroc,0.22222222222222224,6.0,epigenomic_c1_degree_preserving_seed2,disease_status,
0,3,accuracy,0.5,6.0,epigenomic_c1_degree_preserving_seed2,disease_status,
0,3,auroc,0.4444444444444444,6.0,epigenomic_c1_degree_preserving_seed2,disease_status,
0,4,accuracy,0.3333333333333333,6.0,epigenomic_c1_degree_preserving_seed2,disease_status,
0,4,auroc,0.22222222222222224,6.0,epigenomic_c1_degree_preserving_seed2,disease_status,
0,5,accuracy,0.5,6.0,epigenomic_c1_degree_preserving_seed2,disease_status,
0,5,auroc,0.22222222222222224,6.0,epigenomic_c1_degree_preserving_seed2,disease_status,
1,0,accuracy,0.3333333333333333,6.0,epigenomic_c1_degree_preserving_seed2,disease_status,
1,0,auroc,0.4444444444444444,6.0,epigenomic_c1_degree_preserving_seed2,disease_status,
1,1,accuracy,0.16666666666666666,6.0,epigenomic_c1_degree_preserving_seed2,disease_status,
1,1,auroc,0.11111111111111112,6.0,epigenomic_c1_degree_preserving_seed2,disease_status,
1,2,accuracy,0.6666666666666666,6.0,epigenomic_c1_degree_preserving_seed2,disease_status,
1,2,auroc,0.5555555555555556,6.0,epigenomic_c1_degree_preserving_seed2,disease_status,
1,3,accuracy,0.3333333333333333,6.0,epigenomic_c1_degree_preserving_seed2,disease_status,
1,3,auroc,0.4444444444444444,6.0,epigenomic_c1_degree_preserving_seed2,disease_status,
1,4,accuracy,0.6666666666666666,6.0,epigenomic_c1_degree_preserving_seed2,disease_status,
1,4,auroc,0.5555555555555556,6.0,epigenomic_c1_degree_preserving_seed2,disease_status,
1,5,accuracy,0.5,6.0,epigenomic_c1_degree_preserving_seed2,disease_status,
1,5,auroc,0.4444444444444445,6.0,epigenomic_c1_degree_preserving_seed2,disease_status,
2,0,accuracy,0.16666666666666666,6.0,epigenomic_c1_degree_preserving_seed2,disease_status,
2,0,auroc,0.0,6.0,epigenomic_c1_degree_preserving_seed2,disease_status,
2,1,accuracy,0.6666666666666666,6.0,epigenomic_c1_degree_preserving_seed2,disease_status,
2,1,auroc,0.5555555555555556,6.0,epigenomic_c1_degree_preserving_seed2,disease_status,
2,2,accuracy,0.5,6.0,epigenomic_c1_degree_preserving_seed2,disease_status,
2,2,auroc,0.6666666666666667,6.0,epigenomic_c1_degree_preserving_seed2,disease_status,
2,3,accuracy,0.5,6.0,epigenomic_c1_degree_preserving_seed2,disease_status,
2,3,auroc,0.6666666666666666,6.0,epigenomic_c1_degree_preserving_seed2,disease_status,
2,4,accuracy,0.5,6.0,epigenomic_c1_degree_preserving_seed2,disease_status,
2,4,auroc,0.4444444444444444,6.0,epigenomic_c1_degree_preserving_seed2,disease_status,
2,5,accuracy,0.6666666666666666,6.0,epigenomic_c1_degree_preserving_seed2,disease_status,
2,5,auroc,0.4444444444444445,6.0,epigenomic_c1_degree_preserving_seed2,disease_status,
3,0,accuracy,0.3333333333333333,6.0,epigenomic_c1_degree_preserving_seed2,disease_status,
3,0,auroc,0.4444444444444444,6.0,epigenomic_c1_degree_preserving_seed2,disease_status,
3,1,accuracy,0.6666666666666666,6.0,epigenomic_c1_degree_preserving_seed2,disease_status,
3,1,auroc,0.5555555555555556,6.0,epigenomic_c1_degree_preserving_seed2,disease_status,
3,2,accuracy,0.16666666666666666,6.0,epigenomic_c1_degree_preserving_seed2,disease_status,
3,2,auroc,0.11111111111111112,6.0,epigenomic_c1_degree_preserving_seed2,disease_status,
3,3,accuracy,0.16666666666666666,6.0,epigenomic_c1_degree_preserving_seed2,disease_status,
3,3,auroc,0.22222222222222224,6.0,epigenomic_c1_degree_preserving_seed2,disease_status,
3,4,accuracy,0.3333333333333333,6.0,epigenomic_c1_degree_preserving_seed2,disease_status,
3,4,auroc,0.5555555555555556,6.0,epigenomic_c1_degree_preserving_seed2,disease_status,
3,5,accuracy,0.3333333333333333,6.0,epigenomic_c1_degree_preserving_seed2,disease_status,
3,5,auroc,0.4444444444444445,6.0,epigenomic_c1_degree_preserving_seed2,disease_status,
4,0,accuracy,0.6666666666666666,6.0,epigenomic_c1_degree_preserving_seed2,disease_status,
4,0,auroc,0.4444444444444445,6.0,epigenomic_c1_degree_preserving_seed2,disease_status,
4,1,accuracy,0.3333333333333333,6.0,epigenomic_c1_degree_preserving_seed2,disease_status,
4,1,auroc,0.22222222222222224,6.0,epigenomic_c1_degree_preserving_seed2,disease_status,
4,2,accuracy,0.6666666666666666,6.0,epigenomic_c1_degree_preserving_seed2,disease_status,
4,2,auroc,0.6666666666666667,6.0,epigenomic_c1_degree_preserving_seed2,disease_status,
4,3,accuracy,0.5,6.0,epigenomic_c1_degree_preserving_seed2,disease_status,
4,3,auroc,0.6666666666666666,6.0,epigenomic_c1_degree_preserving_seed2,disease_status,
4,4,accuracy,0.5,6.0,epigenomic_c1_degree_preserving_seed2,disease_status,
4,4,auroc,0.6666666666666666,6.0,epigenomic_c1_degree_preserving_seed2,disease_status,
4,5,accuracy,0.3333333333333333,6.0,epigenomic_c1_degree_preserving_seed2,disease_status,
4,5,auroc,0.22222222222222224,6.0,epigenomic_c1_degree_preserving_seed2,disease_status,
0,0,accuracy,0.6666666666666666,6.0,epigenomic_c1_degree_preserving_seed2,sex_sanity_check,
0,0,auroc,0.6,6.0,epigenomic_c1_degree_preserving_seed2,sex_sanity_check,
0,1,accuracy,0.16666666666666666,6.0,epigenomic_c1_degree_preserving_seed2,sex_sanity_check,
0,1,auroc,0.125,6.0,epigenomic_c1_degree_preserving_seed2,sex_sanity_check,
0,2,accuracy,0.6666666666666666,6.0,epigenomic_c1_degree_preserving_seed2,sex_sanity_check,
0,2,auroc,0.75,6.0,epigenomic_c1_degree_preserving_seed2,sex_sanity_check,
0,3,accuracy,0.6666666666666666,6.0,epigenomic_c1_degree_preserving_seed2,sex_sanity_check,
0,3,auroc,0.4,6.0,epigenomic_c1_degree_preserving_seed2,sex_sanity_check,
0,4,accuracy,0.5,6.0,epigenomic_c1_degree_preserving_seed2,sex_sanity_check,
0,4,auroc,0.6666666666666667,6.0,epigenomic_c1_degree_preserving_seed2,sex_sanity_check,
0,5,accuracy,0.5,6.0,epigenomic_c1_degree_preserving_seed2,sex_sanity_check,
0,5,auroc,1.0,6.0,epigenomic_c1_degree_preserving_seed2,sex_sanity_check,
1,0,accuracy,0.5,6.0,epigenomic_c1_degree_preserving_seed2,sex_sanity_check,
1,0,auroc,0.375,6.0,epigenomic_c1_degree_preserving_seed2,sex_sanity_check,
1,1,accuracy,0.5,6.0,epigenomic_c1_degree_preserving_seed2,sex_sanity_check,
1,1,auroc,0.4,6.0,epigenomic_c1_degree_preserving_seed2,sex_sanity_check,
1,2,accuracy,0.16666666666666666,6.0,epigenomic_c1_degree_preserving_seed2,sex_sanity_check,
1,2,auroc,0.3333333333333333,6.0,epigenomic_c1_degree_preserving_seed2,sex_sanity_check,
1,3,accuracy,0.5,6.0,epigenomic_c1_degree_preserving_seed2,sex_sanity_check,
1,3,auroc,0.75,6.0,epigenomic_c1_degree_preserving_seed2,sex_sanity_check,
1,4,accuracy,0.6666666666666666,6.0,epigenomic_c1_degree_preserving_seed2,sex_sanity_check,
1,4,auroc,1.0,6.0,epigenomic_c1_degree_preserving_seed2,sex_sanity_check,
1,5,accuracy,0.5,6.0,epigenomic_c1_degree_preserving_seed2,sex_sanity_check,
1,5,auroc,0.625,6.0,epigenomic_c1_degree_preserving_seed2,sex_sanity_check,
2,0,accuracy,0.8333333333333334,6.0,epigenomic_c1_degree_preserving_seed2,sex_sanity_check,
2,0,auroc,1.0,6.0,epigenomic_c1_degree_preserving_seed2,sex_sanity_check,
2,1,accuracy,0.6666666666666666,6.0,epigenomic_c1_degree_preserving_seed2,sex_sanity_check,
2,1,auroc,0.888888888888889,6.0,epigenomic_c1_degree_preserving_seed2,sex_sanity_check,
2,2,accuracy,0.5,6.0,epigenomic_c1_degree_preserving_seed2,sex_sanity_check,
2,2,auroc,1.0,6.0,epigenomic_c1_degree_preserving_seed2,sex_sanity_check,
2,3,accuracy,0.5,6.0,epigenomic_c1_degree_preserving_seed2,sex_sanity_check,
2,3,auroc,0.6,6.0,epigenomic_c1_degree_preserving_seed2,sex_sanity_check,
2,4,accuracy,0.16666666666666666,6.0,epigenomic_c1_degree_preserving_seed2,sex_sanity_check,
2,4,auroc,,6.0,epigenomic_c1_degree_preserving_seed2,sex_sanity_check,
2,5,accuracy,0.5,6.0,epigenomic_c1_degree_preserving_seed2,sex_sanity_check,
2,5,auroc,0.625,6.0,epigenomic_c1_degree_preserving_seed2,sex_sanity_check,
3,0,accuracy,0.5,6.0,epigenomic_c1_degree_preserving_seed2,sex_sanity_check,
3,0,auroc,0.7777777777777778,6.0,epigenomic_c1_degree_preserving_seed2,sex_sanity_check,
3,1,accuracy,0.5,6.0,epigenomic_c1_degree_preserving_seed2,sex_sanity_check,
3,1,auroc,0.6,6.0,epigenomic_c1_degree_preserving_seed2,sex_sanity_check,
3,2,accuracy,0.6666666666666666,6.0,epigenomic_c1_degree_preserving_seed2,sex_sanity_check,
3,2,auroc,0.375,6.0,epigenomic_c1_degree_preserving_seed2,sex_sanity_check,
3,3,accuracy,0.3333333333333333,6.0,epigenomic_c1_degree_preserving_seed2,sex_sanity_check,
3,3,auroc,0.4444444444444445,6.0,epigenomic_c1_degree_preserving_seed2,sex_sanity_check,
3,4,accuracy,0.6666666666666666,6.0,epigenomic_c1_degree_preserving_seed2,sex_sanity_check,
3,4,auroc,0.6,6.0,epigenomic_c1_degree_preserving_seed2,sex_sanity_check,
3,5,accuracy,0.5,6.0,epigenomic_c1_degree_preserving_seed2,sex_sanity_check,
3,5,auroc,0.625,6.0,epigenomic_c1_degree_preserving_seed2,sex_sanity_check,
4,0,accuracy,0.6666666666666666,6.0,epigenomic_c1_degree_preserving_seed2,sex_sanity_check,
4,0,auroc,1.0,6.0,epigenomic_c1_degree_preserving_seed2,sex_sanity_check,
4,1,accuracy,0.5,6.0,epigenomic_c1_degree_preserving_seed2,sex_sanity_check,
4,1,auroc,0.5,6.0,epigenomic_c1_degree_preserving_seed2,sex_sanity_check,
4,2,accuracy,0.5,6.0,epigenomic_c1_degree_preserving_seed2,sex_sanity_check,
4,2,auroc,0.6666666666666666,6.0,epigenomic_c1_degree_preserving_seed2,sex_sanity_check,
4,3,accuracy,0.16666666666666666,6.0,epigenomic_c1_degree_preserving_seed2,sex_sanity_check,
4,3,auroc,0.0,6.0,epigenomic_c1_degree_preserving_seed2,sex_sanity_check,
4,4,accuracy,0.8333333333333334,6.0,epigenomic_c1_degree_preserving_seed2,sex_sanity_check,
4,4,auroc,0.8,6.0,epigenomic_c1_degree_preserving_seed2,sex_sanity_check,
4,5,accuracy,0.8333333333333334,6.0,epigenomic_c1_degree_preserving_seed2,sex_sanity_check,
4,5,auroc,,6.0,epigenomic_c1_degree_preserving_seed2,sex_sanity_check,
0,0,r2,-1.1637614643783651,,epigenomic_c1_degree_preserving_seed2,lib_size_leakage,
0,1,r2,-0.0171513007936277,,epigenomic_c1_degree_preserving_seed2,lib_size_leakage,
0,2,r2,-1.0143428767311362,,epigenomic_c1_degree_preserving_seed2,lib_size_leakage,
0,3,r2,-0.5450951546024105,,epigenomic_c1_degree_preserving_seed2,lib_size_leakage,
0,4,r2,-2.81817845440364,,epigenomic_c1_degree_preserving_seed2,lib_size_leakage,
0,5,r2,-0.050782794346412974,,epigenomic_c1_degree_preserving_seed2,lib_size_leakage,
1,0,r2,-0.19042147811967802,,epigenomic_c1_degree_preserving_seed2,lib_size_leakage,
1,1,r2,-1.0330759721383909,,epigenomic_c1_degree_preserving_seed2,lib_size_leakage,
1,2,r2,-5.412232700608336,,epigenomic_c1_degree_preserving_seed2,lib_size_leakage,
1,3,r2,-0.9785418878127534,,epigenomic_c1_degree_preserving_seed2,lib_size_leakage,
1,4,r2,-0.5078803476390377,,epigenomic_c1_degree_preserving_seed2,lib_size_leakage,
1,5,r2,-0.20988138072997597,,epigenomic_c1_degree_preserving_seed2,lib_size_leakage,
2,0,r2,-1.2281237160495029,,epigenomic_c1_degree_preserving_seed2,lib_size_leakage,
2,1,r2,-2.219748562096389,,epigenomic_c1_degree_preserving_seed2,lib_size_leakage,
2,2,r2,-0.7531427523422054,,epigenomic_c1_degree_preserving_seed2,lib_size_leakage,
2,3,r2,-0.23403816306485825,,epigenomic_c1_degree_preserving_seed2,lib_size_leakage,
2,4,r2,-1.627414881597307,,epigenomic_c1_degree_preserving_seed2,lib_size_leakage,
2,5,r2,-0.11654207155105856,,epigenomic_c1_degree_preserving_seed2,lib_size_leakage,
3,0,r2,-3.4590410192876266,,epigenomic_c1_degree_preserving_seed2,lib_size_leakage,
3,1,r2,-0.3168247826307826,,epigenomic_c1_degree_preserving_seed2,lib_size_leakage,
3,2,r2,-0.5374039566213282,,epigenomic_c1_degree_preserving_seed2,lib_size_leakage,
3,3,r2,-0.30238749833689305,,epigenomic_c1_degree_preserving_seed2,lib_size_leakage,
3,4,r2,-0.023520482852087854,,epigenomic_c1_degree_preserving_seed2,lib_size_leakage,
3,5,r2,-0.5054939395159741,,epigenomic_c1_degree_preserving_seed2,lib_size_leakage,
4,0,r2,-0.8891521070206818,,epigenomic_c1_degree_preserving_seed2,lib_size_leakage,
4,1,r2,-2.3953984414347373,,epigenomic_c1_degree_preserving_seed2,lib_size_leakage,
4,2,r2,-1.3356806295975492,,epigenomic_c1_degree_preserving_seed2,lib_size_leakage,
4,3,r2,-0.38879877135544905,,epigenomic_c1_degree_preserving_seed2,lib_size_leakage,
4,4,r2,-0.4850549274872036,,epigenomic_c1_degree_preserving_seed2,lib_size_leakage,
4,5,r2,-0.08571895580867994,,epigenomic_c1_degree_preserving_seed2,lib_size_leakage,
0,0,accuracy,0.22077922077922077,,epigenomic_c1_degree_preserving_seed2,celltype_sanity_check,77.0
0,1,accuracy,0.23376623376623376,,epigenomic_c1_degree_preserving_seed2,celltype_sanity_check,77.0
0,2,accuracy,0.2727272727272727,,epigenomic_c1_degree_preserving_seed2,celltype_sanity_check,77.0
0,3,accuracy,0.3246753246753247,,epigenomic_c1_degree_preserving_seed2,celltype_sanity_check,77.0
0,4,accuracy,0.2857142857142857,,epigenomic_c1_degree_preserving_seed2,celltype_sanity_check,77.0
0,5,accuracy,0.3157894736842105,,epigenomic_c1_degree_preserving_seed2,celltype_sanity_check,76.0
1,0,accuracy,0.2597402597402597,,epigenomic_c1_degree_preserving_seed2,celltype_sanity_check,77.0
1,1,accuracy,0.2597402597402597,,epigenomic_c1_degree_preserving_seed2,celltype_sanity_check,77.0
1,2,accuracy,0.16883116883116883,,epigenomic_c1_degree_preserving_seed2,celltype_sanity_check,77.0
1,3,accuracy,0.2727272727272727,,epigenomic_c1_degree_preserving_seed2,celltype_sanity_check,77.0
1,4,accuracy,0.35064935064935066,,epigenomic_c1_degree_preserving_seed2,celltype_sanity_check,77.0
1,5,accuracy,0.34210526315789475,,epigenomic_c1_degree_preserving_seed2,celltype_sanity_check,76.0
2,0,accuracy,0.36363636363636365,,epigenomic_c1_degree_preserving_seed2,celltype_sanity_check,77.0
2,1,accuracy,0.2077922077922078,,epigenomic_c1_degree_preserving_seed2,celltype_sanity_check,77.0
2,2,accuracy,0.2597402597402597,,epigenomic_c1_degree_preserving_seed2,celltype_sanity_check,77.0
2,3,accuracy,0.2077922077922078,,epigenomic_c1_degree_preserving_seed2,celltype_sanity_check,77.0
2,4,accuracy,0.2987012987012987,,epigenomic_c1_degree_preserving_seed2,celltype_sanity_check,77.0
2,5,accuracy,0.23684210526315788,,epigenomic_c1_degree_preserving_seed2,celltype_sanity_check,76.0
3,0,accuracy,0.4025974025974026,,epigenomic_c1_degree_preserving_seed2,celltype_sanity_check,77.0
3,1,accuracy,0.2077922077922078,,epigenomic_c1_degree_preserving_seed2,celltype_sanity_check,77.0
3,2,accuracy,0.2077922077922078,,epigenomic_c1_degree_preserving_seed2,celltype_sanity_check,77.0
3,3,accuracy,0.23376623376623376,,epigenomic_c1_degree_preserving_seed2,celltype_sanity_check,77.0
3,4,accuracy,0.3157894736842105,,epigenomic_c1_degree_preserving_seed2,celltype_sanity_check,76.0
3,5,accuracy,0.24675324675324675,,epigenomic_c1_degree_preserving_seed2,celltype_sanity_check,77.0
4,0,accuracy,0.2987012987012987,,epigenomic_c1_degree_preserving_seed2,celltype_sanity_check,77.0
4,1,accuracy,0.2597402597402597,,epigenomic_c1_degree_preserving_seed2,celltype_sanity_check,77.0
4,2,accuracy,0.22077922077922077,,epigenomic_c1_degree_preserving_seed2,celltype_sanity_check,77.0
4,3,accuracy,0.35064935064935066,,epigenomic_c1_degree_preserving_seed2,celltype_sanity_check,77.0
4,4,accuracy,0.2727272727272727,,epigenomic_c1_degree_preserving_seed2,celltype_sanity_check,77.0
4,5,accuracy,0.23684210526315788,,epigenomic_c1_degree_preserving_seed2,celltype_sanity_check,76.0
0,0,accuracy,0.6666666666666666,6.0,epigenomic_c2_fully_random_seed2,disease_status,
0,0,auroc,0.4444444444444444,6.0,epigenomic_c2_fully_random_seed2,disease_status,
0,1,accuracy,0.5,6.0,epigenomic_c2_fully_random_seed2,disease_status,
0,1,auroc,0.33333333333333337,6.0,epigenomic_c2_fully_random_seed2,disease_status,
0,2,accuracy,0.5,6.0,epigenomic_c2_fully_random_seed2,disease_status,
0,2,auroc,0.22222222222222224,6.0,epigenomic_c2_fully_random_seed2,disease_status,
0,3,accuracy,0.6666666666666666,6.0,epigenomic_c2_fully_random_seed2,disease_status,
0,3,auroc,0.5555555555555556,6.0,epigenomic_c2_fully_random_seed2,disease_status,
0,4,accuracy,0.8333333333333334,6.0,epigenomic_c2_fully_random_seed2,disease_status,
0,4,auroc,0.888888888888889,6.0,epigenomic_c2_fully_random_seed2,disease_status,
0,5,accuracy,0.6666666666666666,6.0,epigenomic_c2_fully_random_seed2,disease_status,
0,5,auroc,0.6666666666666666,6.0,epigenomic_c2_fully_random_seed2,disease_status,
1,0,accuracy,0.5,6.0,epigenomic_c2_fully_random_seed2,disease_status,
1,0,auroc,0.22222222222222224,6.0,epigenomic_c2_fully_random_seed2,disease_status,
1,1,accuracy,0.3333333333333333,6.0,epigenomic_c2_fully_random_seed2,disease_status,
1,1,auroc,0.22222222222222224,6.0,epigenomic_c2_fully_random_seed2,disease_status,
1,2,accuracy,0.3333333333333333,6.0,epigenomic_c2_fully_random_seed2,disease_status,
1,2,auroc,0.33333333333333337,6.0,epigenomic_c2_fully_random_seed2,disease_status,
1,3,accuracy,0.5,6.0,epigenomic_c2_fully_random_seed2,disease_status,
1,3,auroc,0.7777777777777779,6.0,epigenomic_c2_fully_random_seed2,disease_status,
1,4,accuracy,0.8333333333333334,6.0,epigenomic_c2_fully_random_seed2,disease_status,
1,4,auroc,1.0,6.0,epigenomic_c2_fully_random_seed2,disease_status,
1,5,accuracy,0.3333333333333333,6.0,epigenomic_c2_fully_random_seed2,disease_status,
1,5,auroc,0.0,6.0,epigenomic_c2_fully_random_seed2,disease_status,
2,0,accuracy,0.16666666666666666,6.0,epigenomic_c2_fully_random_seed2,disease_status,
2,0,auroc,0.33333333333333337,6.0,epigenomic_c2_fully_random_seed2,disease_status,
2,1,accuracy,0.6666666666666666,6.0,epigenomic_c2_fully_random_seed2,disease_status,
2,1,auroc,0.6666666666666667,6.0,epigenomic_c2_fully_random_seed2,disease_status,
2,2,accuracy,0.6666666666666666,6.0,epigenomic_c2_fully_random_seed2,disease_status,
2,2,auroc,0.888888888888889,6.0,epigenomic_c2_fully_random_seed2,disease_status,
2,3,accuracy,0.5,6.0,epigenomic_c2_fully_random_seed2,disease_status,
2,3,auroc,0.4444444444444445,6.0,epigenomic_c2_fully_random_seed2,disease_status,
2,4,accuracy,0.6666666666666666,6.0,epigenomic_c2_fully_random_seed2,disease_status,
2,4,auroc,0.3333333333333333,6.0,epigenomic_c2_fully_random_seed2,disease_status,
2,5,accuracy,0.6666666666666666,6.0,epigenomic_c2_fully_random_seed2,disease_status,
2,5,auroc,0.3333333333333333,6.0,epigenomic_c2_fully_random_seed2,disease_status,
3,0,accuracy,0.6666666666666666,6.0,epigenomic_c2_fully_random_seed2,disease_status,
3,0,auroc,0.5555555555555556,6.0,epigenomic_c2_fully_random_seed2,disease_status,
3,1,accuracy,0.3333333333333333,6.0,epigenomic_c2_fully_random_seed2,disease_status,
3,1,auroc,0.3333333333333333,6.0,epigenomic_c2_fully_random_seed2,disease_status,
3,2,accuracy,0.5,6.0,epigenomic_c2_fully_random_seed2,disease_status,
3,2,auroc,0.4444444444444445,6.0,epigenomic_c2_fully_random_seed2,disease_status,
3,3,accuracy,0.6666666666666666,6.0,epigenomic_c2_fully_random_seed2,disease_status,
3,3,auroc,0.5555555555555556,6.0,epigenomic_c2_fully_random_seed2,disease_status,
3,4,accuracy,0.3333333333333333,6.0,epigenomic_c2_fully_random_seed2,disease_status,
3,4,auroc,0.4444444444444445,6.0,epigenomic_c2_fully_random_seed2,disease_status,
3,5,accuracy,0.5,6.0,epigenomic_c2_fully_random_seed2,disease_status,
3,5,auroc,0.5555555555555556,6.0,epigenomic_c2_fully_random_seed2,disease_status,
4,0,accuracy,0.8333333333333334,6.0,epigenomic_c2_fully_random_seed2,disease_status,
4,0,auroc,0.7777777777777778,6.0,epigenomic_c2_fully_random_seed2,disease_status,
4,1,accuracy,0.3333333333333333,6.0,epigenomic_c2_fully_random_seed2,disease_status,
4,1,auroc,0.4444444444444444,6.0,epigenomic_c2_fully_random_seed2,disease_status,
4,2,accuracy,0.6666666666666666,6.0,epigenomic_c2_fully_random_seed2,disease_status,
4,2,auroc,1.0,6.0,epigenomic_c2_fully_random_seed2,disease_status,
4,3,accuracy,0.5,6.0,epigenomic_c2_fully_random_seed2,disease_status,
4,3,auroc,0.5555555555555556,6.0,epigenomic_c2_fully_random_seed2,disease_status,
4,4,accuracy,0.5,6.0,epigenomic_c2_fully_random_seed2,disease_status,
4,4,auroc,1.0,6.0,epigenomic_c2_fully_random_seed2,disease_status,
4,5,accuracy,0.3333333333333333,6.0,epigenomic_c2_fully_random_seed2,disease_status,
4,5,auroc,0.11111111111111112,6.0,epigenomic_c2_fully_random_seed2,disease_status,
0,0,accuracy,0.5,6.0,epigenomic_c2_fully_random_seed2,sex_sanity_check,
0,0,auroc,0.6,6.0,epigenomic_c2_fully_random_seed2,sex_sanity_check,
0,1,accuracy,0.3333333333333333,6.0,epigenomic_c2_fully_random_seed2,sex_sanity_check,
0,1,auroc,0.5,6.0,epigenomic_c2_fully_random_seed2,sex_sanity_check,
0,2,accuracy,0.5,6.0,epigenomic_c2_fully_random_seed2,sex_sanity_check,
0,2,auroc,0.75,6.0,epigenomic_c2_fully_random_seed2,sex_sanity_check,
0,3,accuracy,0.8333333333333334,6.0,epigenomic_c2_fully_random_seed2,sex_sanity_check,
0,3,auroc,0.6,6.0,epigenomic_c2_fully_random_seed2,sex_sanity_check,
0,4,accuracy,0.6666666666666666,6.0,epigenomic_c2_fully_random_seed2,sex_sanity_check,
0,4,auroc,0.888888888888889,6.0,epigenomic_c2_fully_random_seed2,sex_sanity_check,
0,5,accuracy,0.5,6.0,epigenomic_c2_fully_random_seed2,sex_sanity_check,
0,5,auroc,1.0,6.0,epigenomic_c2_fully_random_seed2,sex_sanity_check,
1,0,accuracy,0.5,6.0,epigenomic_c2_fully_random_seed2,sex_sanity_check,
1,0,auroc,0.625,6.0,epigenomic_c2_fully_random_seed2,sex_sanity_check,
1,1,accuracy,0.5,6.0,epigenomic_c2_fully_random_seed2,sex_sanity_check,
1,1,auroc,0.8,6.0,epigenomic_c2_fully_random_seed2,sex_sanity_check,
1,2,accuracy,0.6666666666666666,6.0,epigenomic_c2_fully_random_seed2,sex_sanity_check,
1,2,auroc,0.7777777777777778,6.0,epigenomic_c2_fully_random_seed2,sex_sanity_check,
1,3,accuracy,0.6666666666666666,6.0,epigenomic_c2_fully_random_seed2,sex_sanity_check,
1,3,auroc,0.875,6.0,epigenomic_c2_fully_random_seed2,sex_sanity_check,
1,4,accuracy,0.6666666666666666,6.0,epigenomic_c2_fully_random_seed2,sex_sanity_check,
1,4,auroc,0.75,6.0,epigenomic_c2_fully_random_seed2,sex_sanity_check,
1,5,accuracy,0.8333333333333334,6.0,epigenomic_c2_fully_random_seed2,sex_sanity_check,
1,5,auroc,0.75,6.0,epigenomic_c2_fully_random_seed2,sex_sanity_check,
2,0,accuracy,0.6666666666666666,6.0,epigenomic_c2_fully_random_seed2,sex_sanity_check,
2,0,auroc,0.75,6.0,epigenomic_c2_fully_random_seed2,sex_sanity_check,
2,1,accuracy,0.6666666666666666,6.0,epigenomic_c2_fully_random_seed2,sex_sanity_check,
2,1,auroc,0.888888888888889,6.0,epigenomic_c2_fully_random_seed2,sex_sanity_check,
2,2,accuracy,0.6666666666666666,6.0,epigenomic_c2_fully_random_seed2,sex_sanity_check,
2,2,auroc,0.75,6.0,epigenomic_c2_fully_random_seed2,sex_sanity_check,
2,3,accuracy,0.8333333333333334,6.0,epigenomic_c2_fully_random_seed2,sex_sanity_check,
2,3,auroc,0.8,6.0,epigenomic_c2_fully_random_seed2,sex_sanity_check,
2,4,accuracy,0.16666666666666666,6.0,epigenomic_c2_fully_random_seed2,sex_sanity_check,
2,4,auroc,,6.0,epigenomic_c2_fully_random_seed2,sex_sanity_check,
2,5,accuracy,0.6666666666666666,6.0,epigenomic_c2_fully_random_seed2,sex_sanity_check,
2,5,auroc,1.0,6.0,epigenomic_c2_fully_random_seed2,sex_sanity_check,
3,0,accuracy,0.6666666666666666,6.0,epigenomic_c2_fully_random_seed2,sex_sanity_check,
3,0,auroc,0.5555555555555556,6.0,epigenomic_c2_fully_random_seed2,sex_sanity_check,
3,1,accuracy,0.8333333333333334,6.0,epigenomic_c2_fully_random_seed2,sex_sanity_check,
3,1,auroc,1.0,6.0,epigenomic_c2_fully_random_seed2,sex_sanity_check,
3,2,accuracy,0.8333333333333334,6.0,epigenomic_c2_fully_random_seed2,sex_sanity_check,
3,2,auroc,0.75,6.0,epigenomic_c2_fully_random_seed2,sex_sanity_check,
3,3,accuracy,0.3333333333333333,6.0,epigenomic_c2_fully_random_seed2,sex_sanity_check,
3,3,auroc,0.5555555555555556,6.0,epigenomic_c2_fully_random_seed2,sex_sanity_check,
3,4,accuracy,0.6666666666666666,6.0,epigenomic_c2_fully_random_seed2,sex_sanity_check,
3,4,auroc,1.0,6.0,epigenomic_c2_fully_random_seed2,sex_sanity_check,
3,5,accuracy,0.6666666666666666,6.0,epigenomic_c2_fully_random_seed2,sex_sanity_check,
3,5,auroc,0.75,6.0,epigenomic_c2_fully_random_seed2,sex_sanity_check,
4,0,accuracy,0.6666666666666666,6.0,epigenomic_c2_fully_random_seed2,sex_sanity_check,
4,0,auroc,0.7777777777777778,6.0,epigenomic_c2_fully_random_seed2,sex_sanity_check,
4,1,accuracy,0.5,6.0,epigenomic_c2_fully_random_seed2,sex_sanity_check,
4,1,auroc,0.5,6.0,epigenomic_c2_fully_random_seed2,sex_sanity_check,
4,2,accuracy,0.6666666666666666,6.0,epigenomic_c2_fully_random_seed2,sex_sanity_check,
4,2,auroc,0.888888888888889,6.0,epigenomic_c2_fully_random_seed2,sex_sanity_check,
4,3,accuracy,0.16666666666666666,6.0,epigenomic_c2_fully_random_seed2,sex_sanity_check,
4,3,auroc,0.11111111111111112,6.0,epigenomic_c2_fully_random_seed2,sex_sanity_check,
4,4,accuracy,0.8333333333333334,6.0,epigenomic_c2_fully_random_seed2,sex_sanity_check,
4,4,auroc,0.6,6.0,epigenomic_c2_fully_random_seed2,sex_sanity_check,
4,5,accuracy,0.8333333333333334,6.0,epigenomic_c2_fully_random_seed2,sex_sanity_check,
4,5,auroc,,6.0,epigenomic_c2_fully_random_seed2,sex_sanity_check,
0,0,r2,-2.239341227884365,,epigenomic_c2_fully_random_seed2,lib_size_leakage,
0,1,r2,-0.5499163508974971,,epigenomic_c2_fully_random_seed2,lib_size_leakage,
0,2,r2,-3.0296671368528525,,epigenomic_c2_fully_random_seed2,lib_size_leakage,
0,3,r2,-1.060067778980354,,epigenomic_c2_fully_random_seed2,lib_size_leakage,
0,4,r2,-6.598665413860129,,epigenomic_c2_fully_random_seed2,lib_size_leakage,
0,5,r2,-0.9054486366506809,,epigenomic_c2_fully_random_seed2,lib_size_leakage,
1,0,r2,-0.7569198703804483,,epigenomic_c2_fully_random_seed2,lib_size_leakage,
1,1,r2,-3.0145170039931823,,epigenomic_c2_fully_random_seed2,lib_size_leakage,
1,2,r2,-6.7885988963294635,,epigenomic_c2_fully_random_seed2,lib_size_leakage,
1,3,r2,-2.20643011799037,,epigenomic_c2_fully_random_seed2,lib_size_leakage,
1,4,r2,-1.242908165938935,,epigenomic_c2_fully_random_seed2,lib_size_leakage,
1,5,r2,-0.8962697345927322,,epigenomic_c2_fully_random_seed2,lib_size_leakage,
2,0,r2,-2.107381045246625,,epigenomic_c2_fully_random_seed2,lib_size_leakage,
2,1,r2,-3.5071953791952595,,epigenomic_c2_fully_random_seed2,lib_size_leakage,
2,2,r2,-0.8612339768914734,,epigenomic_c2_fully_random_seed2,lib_size_leakage,
2,3,r2,-0.1782905036880491,,epigenomic_c2_fully_random_seed2,lib_size_leakage,
2,4,r2,-5.868435840746232,,epigenomic_c2_fully_random_seed2,lib_size_leakage,
2,5,r2,-1.539598102693835,,epigenomic_c2_fully_random_seed2,lib_size_leakage,
3,0,r2,-5.558135802414421,,epigenomic_c2_fully_random_seed2,lib_size_leakage,
3,1,r2,-1.7661053240253164,,epigenomic_c2_fully_random_seed2,lib_size_leakage,
3,2,r2,-0.8452721478341183,,epigenomic_c2_fully_random_seed2,lib_size_leakage,
3,3,r2,-1.0966719207096163,,epigenomic_c2_fully_random_seed2,lib_size_leakage,
3,4,r2,-1.5171599158149078,,epigenomic_c2_fully_random_seed2,lib_size_leakage,
3,5,r2,-1.2506813245839994,,epigenomic_c2_fully_random_seed2,lib_size_leakage,
4,0,r2,-1.8407805904799739,,epigenomic_c2_fully_random_seed2,lib_size_leakage,
4,1,r2,-7.666742125741061,,epigenomic_c2_fully_random_seed2,lib_size_leakage,
4,2,r2,-2.066606923143832,,epigenomic_c2_fully_random_seed2,lib_size_leakage,
4,3,r2,-2.4495179565719782,,epigenomic_c2_fully_random_seed2,lib_size_leakage,
4,4,r2,-1.532574615231285,,epigenomic_c2_fully_random_seed2,lib_size_leakage,
4,5,r2,-0.5935839347667813,,epigenomic_c2_fully_random_seed2,lib_size_leakage,
0,0,accuracy,0.3116883116883117,,epigenomic_c2_fully_random_seed2,celltype_sanity_check,77.0
0,1,accuracy,0.2727272727272727,,epigenomic_c2_fully_random_seed2,celltype_sanity_check,77.0
0,2,accuracy,0.2727272727272727,,epigenomic_c2_fully_random_seed2,celltype_sanity_check,77.0
0,3,accuracy,0.35064935064935066,,epigenomic_c2_fully_random_seed2,celltype_sanity_check,77.0
0,4,accuracy,0.2857142857142857,,epigenomic_c2_fully_random_seed2,celltype_sanity_check,77.0
0,5,accuracy,0.3026315789473684,,epigenomic_c2_fully_random_seed2,celltype_sanity_check,76.0
1,0,accuracy,0.33766233766233766,,epigenomic_c2_fully_random_seed2,celltype_sanity_check,77.0
1,1,accuracy,0.24675324675324675,,epigenomic_c2_fully_random_seed2,celltype_sanity_check,77.0
1,2,accuracy,0.14285714285714285,,epigenomic_c2_fully_random_seed2,celltype_sanity_check,77.0
1,3,accuracy,0.2987012987012987,,epigenomic_c2_fully_random_seed2,celltype_sanity_check,77.0
1,4,accuracy,0.3246753246753247,,epigenomic_c2_fully_random_seed2,celltype_sanity_check,77.0
1,5,accuracy,0.3026315789473684,,epigenomic_c2_fully_random_seed2,celltype_sanity_check,76.0
2,0,accuracy,0.2597402597402597,,epigenomic_c2_fully_random_seed2,celltype_sanity_check,77.0
2,1,accuracy,0.2857142857142857,,epigenomic_c2_fully_random_seed2,celltype_sanity_check,77.0
2,2,accuracy,0.35064935064935066,,epigenomic_c2_fully_random_seed2,celltype_sanity_check,77.0
2,3,accuracy,0.22077922077922077,,epigenomic_c2_fully_random_seed2,celltype_sanity_check,77.0
2,4,accuracy,0.3246753246753247,,epigenomic_c2_fully_random_seed2,celltype_sanity_check,77.0
2,5,accuracy,0.2236842105263158,,epigenomic_c2_fully_random_seed2,celltype_sanity_check,76.0
3,0,accuracy,0.4155844155844156,,epigenomic_c2_fully_random_seed2,celltype_sanity_check,77.0
3,1,accuracy,0.24675324675324675,,epigenomic_c2_fully_random_seed2,celltype_sanity_check,77.0
3,2,accuracy,0.3116883116883117,,epigenomic_c2_fully_random_seed2,celltype_sanity_check,77.0
3,3,accuracy,0.2987012987012987,,epigenomic_c2_fully_random_seed2,celltype_sanity_check,77.0
3,4,accuracy,0.23684210526315788,,epigenomic_c2_fully_random_seed2,celltype_sanity_check,76.0
3,5,accuracy,0.3246753246753247,,epigenomic_c2_fully_random_seed2,celltype_sanity_check,77.0
4,0,accuracy,0.24675324675324675,,epigenomic_c2_fully_random_seed2,celltype_sanity_check,77.0
4,1,accuracy,0.2727272727272727,,epigenomic_c2_fully_random_seed2,celltype_sanity_check,77.0
4,2,accuracy,0.22077922077922077,,epigenomic_c2_fully_random_seed2,celltype_sanity_check,77.0
4,3,accuracy,0.33766233766233766,,epigenomic_c2_fully_random_seed2,celltype_sanity_check,77.0
4,4,accuracy,0.2727272727272727,,epigenomic_c2_fully_random_seed2,celltype_sanity_check,77.0
4,5,accuracy,0.21052631578947367,,epigenomic_c2_fully_random_seed2,celltype_sanity_check,76.0
0,0,accuracy,0.3333333333333333,6.0,epigenomic_c1_degree_preserving_seed3,disease_status,
0,0,auroc,0.22222222222222224,6.0,epigenomic_c1_degree_preserving_seed3,disease_status,
0,1,accuracy,0.3333333333333333,6.0,epigenomic_c1_degree_preserving_seed3,disease_status,
0,1,auroc,0.5555555555555556,6.0,epigenomic_c1_degree_preserving_seed3,disease_status,
0,2,accuracy,0.3333333333333333,6.0,epigenomic_c1_degree_preserving_seed3,disease_status,
0,2,auroc,0.3333333333333333,6.0,epigenomic_c1_degree_preserving_seed3,disease_status,
0,3,accuracy,0.3333333333333333,6.0,epigenomic_c1_degree_preserving_seed3,disease_status,
0,3,auroc,0.6666666666666667,6.0,epigenomic_c1_degree_preserving_seed3,disease_status,
0,4,accuracy,0.6666666666666666,6.0,epigenomic_c1_degree_preserving_seed3,disease_status,
0,4,auroc,0.888888888888889,6.0,epigenomic_c1_degree_preserving_seed3,disease_status,
0,5,accuracy,0.5,6.0,epigenomic_c1_degree_preserving_seed3,disease_status,
0,5,auroc,0.6666666666666667,6.0,epigenomic_c1_degree_preserving_seed3,disease_status,
1,0,accuracy,0.3333333333333333,6.0,epigenomic_c1_degree_preserving_seed3,disease_status,
1,0,auroc,0.4444444444444445,6.0,epigenomic_c1_degree_preserving_seed3,disease_status,
1,1,accuracy,0.5,6.0,epigenomic_c1_degree_preserving_seed3,disease_status,
1,1,auroc,0.6666666666666667,6.0,epigenomic_c1_degree_preserving_seed3,disease_status,
1,2,accuracy,0.16666666666666666,6.0,epigenomic_c1_degree_preserving_seed3,disease_status,
1,2,auroc,0.33333333333333337,6.0,epigenomic_c1_degree_preserving_seed3,disease_status,
1,3,accuracy,0.6666666666666666,6.0,epigenomic_c1_degree_preserving_seed3,disease_status,
1,3,auroc,0.6666666666666667,6.0,epigenomic_c1_degree_preserving_seed3,disease_status,
1,4,accuracy,0.5,6.0,epigenomic_c1_degree_preserving_seed3,disease_status,
1,4,auroc,0.22222222222222224,6.0,epigenomic_c1_degree_preserving_seed3,disease_status,
1,5,accuracy,0.5,6.0,epigenomic_c1_degree_preserving_seed3,disease_status,
1,5,auroc,0.4444444444444445,6.0,epigenomic_c1_degree_preserving_seed3,disease_status,
2,0,accuracy,0.3333333333333333,6.0,epigenomic_c1_degree_preserving_seed3,disease_status,
2,0,auroc,0.0,6.0,epigenomic_c1_degree_preserving_seed3,disease_status,
2,1,accuracy,0.8333333333333334,6.0,epigenomic_c1_degree_preserving_seed3,disease_status,
2,1,auroc,0.6666666666666667,6.0,epigenomic_c1_degree_preserving_seed3,disease_status,
2,2,accuracy,0.5,6.0,epigenomic_c1_degree_preserving_seed3,disease_status,
2,2,auroc,0.5555555555555556,6.0,epigenomic_c1_degree_preserving_seed3,disease_status,
2,3,accuracy,0.8333333333333334,6.0,epigenomic_c1_degree_preserving_seed3,disease_status,
2,3,auroc,0.888888888888889,6.0,epigenomic_c1_degree_preserving_seed3,disease_status,
2,4,accuracy,0.3333333333333333,6.0,epigenomic_c1_degree_preserving_seed3,disease_status,
2,4,auroc,0.4444444444444445,6.0,epigenomic_c1_degree_preserving_seed3,disease_status,
2,5,accuracy,0.5,6.0,epigenomic_c1_degree_preserving_seed3,disease_status,
2,5,auroc,0.33333333333333337,6.0,epigenomic_c1_degree_preserving_seed3,disease_status,
3,0,accuracy,0.5,6.0,epigenomic_c1_degree_preserving_seed3,disease_status,
3,0,auroc,0.4444444444444445,6.0,epigenomic_c1_degree_preserving_seed3,disease_status,
3,1,accuracy,0.5,6.0,epigenomic_c1_degree_preserving_seed3,disease_status,
3,1,auroc,0.4444444444444444,6.0,epigenomic_c1_degree_preserving_seed3,disease_status,
3,2,accuracy,0.3333333333333333,6.0,epigenomic_c1_degree_preserving_seed3,disease_status,
3,2,auroc,0.11111111111111112,6.0,epigenomic_c1_degree_preserving_seed3,disease_status,
3,3,accuracy,0.6666666666666666,6.0,epigenomic_c1_degree_preserving_seed3,disease_status,
3,3,auroc,1.0,6.0,epigenomic_c1_degree_preserving_seed3,disease_status,
3,4,accuracy,0.3333333333333333,6.0,epigenomic_c1_degree_preserving_seed3,disease_status,
3,4,auroc,0.4444444444444445,6.0,epigenomic_c1_degree_preserving_seed3,disease_status,
3,5,accuracy,0.16666666666666666,6.0,epigenomic_c1_degree_preserving_seed3,disease_status,
3,5,auroc,0.11111111111111112,6.0,epigenomic_c1_degree_preserving_seed3,disease_status,
4,0,accuracy,0.3333333333333333,6.0,epigenomic_c1_degree_preserving_seed3,disease_status,
4,0,auroc,0.4444444444444445,6.0,epigenomic_c1_degree_preserving_seed3,disease_status,
4,1,accuracy,0.3333333333333333,6.0,epigenomic_c1_degree_preserving_seed3,disease_status,
4,1,auroc,0.33333333333333337,6.0,epigenomic_c1_degree_preserving_seed3,disease_status,
4,2,accuracy,0.8333333333333334,6.0,epigenomic_c1_degree_preserving_seed3,disease_status,
4,2,auroc,1.0,6.0,epigenomic_c1_degree_preserving_seed3,disease_status,
4,3,accuracy,0.5,6.0,epigenomic_c1_degree_preserving_seed3,disease_status,
4,3,auroc,0.888888888888889,6.0,epigenomic_c1_degree_preserving_seed3,disease_status,
4,4,accuracy,0.3333333333333333,6.0,epigenomic_c1_degree_preserving_seed3,disease_status,
4,4,auroc,0.6666666666666667,6.0,epigenomic_c1_degree_preserving_seed3,disease_status,
4,5,accuracy,0.5,6.0,epigenomic_c1_degree_preserving_seed3,disease_status,
4,5,auroc,0.22222222222222224,6.0,epigenomic_c1_degree_preserving_seed3,disease_status,
0,0,accuracy,0.5,6.0,epigenomic_c1_degree_preserving_seed3,sex_sanity_check,
0,0,auroc,0.4,6.0,epigenomic_c1_degree_preserving_seed3,sex_sanity_check,
0,1,accuracy,0.16666666666666666,6.0,epigenomic_c1_degree_preserving_seed3,sex_sanity_check,
0,1,auroc,0.125,6.0,epigenomic_c1_degree_preserving_seed3,sex_sanity_check,
0,2,accuracy,0.5,6.0,epigenomic_c1_degree_preserving_seed3,sex_sanity_check,
0,2,auroc,0.75,6.0,epigenomic_c1_degree_preserving_seed3,sex_sanity_check,
0,3,accuracy,0.8333333333333334,6.0,epigenomic_c1_degree_preserving_seed3,sex_sanity_check,
0,3,auroc,0.6,6.0,epigenomic_c1_degree_preserving_seed3,sex_sanity_check,
0,4,accuracy,0.6666666666666666,6.0,epigenomic_c1_degree_preserving_seed3,sex_sanity_check,
0,4,auroc,1.0,6.0,epigenomic_c1_degree_preserving_seed3,sex_sanity_check,
0,5,accuracy,0.5,6.0,epigenomic_c1_degree_preserving_seed3,sex_sanity_check,
0,5,auroc,1.0,6.0,epigenomic_c1_degree_preserving_seed3,sex_sanity_check,
1,0,accuracy,0.5,6.0,epigenomic_c1_degree_preserving_seed3,sex_sanity_check,
1,0,auroc,0.5,6.0,epigenomic_c1_degree_preserving_seed3,sex_sanity_check,
1,1,accuracy,0.6666666666666666,6.0,epigenomic_c1_degree_preserving_seed3,sex_sanity_check,
1,1,auroc,0.8,6.0,epigenomic_c1_degree_preserving_seed3,sex_sanity_check,
1,2,accuracy,0.5,6.0,epigenomic_c1_degree_preserving_seed3,sex_sanity_check,
1,2,auroc,0.4444444444444444,6.0,epigenomic_c1_degree_preserving_seed3,sex_sanity_check,
1,3,accuracy,0.6666666666666666,6.0,epigenomic_c1_degree_preserving_seed3,sex_sanity_check,
1,3,auroc,0.875,6.0,epigenomic_c1_degree_preserving_seed3,sex_sanity_check,
1,4,accuracy,0.6666666666666666,6.0,epigenomic_c1_degree_preserving_seed3,sex_sanity_check,
1,4,auroc,0.625,6.0,epigenomic_c1_degree_preserving_seed3,sex_sanity_check,
1,5,accuracy,0.6666666666666666,6.0,epigenomic_c1_degree_preserving_seed3,sex_sanity_check,
1,5,auroc,0.375,6.0,epigenomic_c1_degree_preserving_seed3,sex_sanity_check,
2,0,accuracy,0.8333333333333334,6.0,epigenomic_c1_degree_preserving_seed3,sex_sanity_check,
2,0,auroc,0.875,6.0,epigenomic_c1_degree_preserving_seed3,sex_sanity_check,
2,1,accuracy,0.6666666666666666,6.0,epigenomic_c1_degree_preserving_seed3,sex_sanity_check,
2,1,auroc,1.0,6.0,epigenomic_c1_degree_preserving_seed3,sex_sanity_check,
2,2,accuracy,0.3333333333333333,6.0,epigenomic_c1_degree_preserving_seed3,sex_sanity_check,
2,2,auroc,0.75,6.0,epigenomic_c1_degree_preserving_seed3,sex_sanity_check,
2,3,accuracy,0.8333333333333334,6.0,epigenomic_c1_degree_preserving_seed3,sex_sanity_check,
2,3,auroc,0.6,6.0,epigenomic_c1_degree_preserving_seed3,sex_sanity_check,
2,4,accuracy,0.16666666666666666,6.0,epigenomic_c1_degree_preserving_seed3,sex_sanity_check,
2,4,auroc,,6.0,epigenomic_c1_degree_preserving_seed3,sex_sanity_check,
2,5,accuracy,0.3333333333333333,6.0,epigenomic_c1_degree_preserving_seed3,sex_sanity_check,
2,5,auroc,0.5,6.0,epigenomic_c1_degree_preserving_seed3,sex_sanity_check,
3,0,accuracy,0.5,6.0,epigenomic_c1_degree_preserving_seed3,sex_sanity_check,
3,0,auroc,0.6666666666666667,6.0,epigenomic_c1_degree_preserving_seed3,sex_sanity_check,
3,1,accuracy,0.5,6.0,epigenomic_c1_degree_preserving_seed3,sex_sanity_check,
3,1,auroc,0.6,6.0,epigenomic_c1_degree_preserving_seed3,sex_sanity_check,
3,2,accuracy,0.6666666666666666,6.0,epigenomic_c1_degree_preserving_seed3,sex_sanity_check,
3,2,auroc,0.75,6.0,epigenomic_c1_degree_preserving_seed3,sex_sanity_check,
3,3,accuracy,0.5,6.0,epigenomic_c1_degree_preserving_seed3,sex_sanity_check,
3,3,auroc,0.7777777777777778,6.0,epigenomic_c1_degree_preserving_seed3,sex_sanity_check,
3,4,accuracy,0.6666666666666666,6.0,epigenomic_c1_degree_preserving_seed3,sex_sanity_check,
3,4,auroc,0.8,6.0,epigenomic_c1_degree_preserving_seed3,sex_sanity_check,
3,5,accuracy,0.6666666666666666,6.0,epigenomic_c1_degree_preserving_seed3,sex_sanity_check,
3,5,auroc,0.5,6.0,epigenomic_c1_degree_preserving_seed3,sex_sanity_check,
4,0,accuracy,0.6666666666666666,6.0,epigenomic_c1_degree_preserving_seed3,sex_sanity_check,
4,0,auroc,0.888888888888889,6.0,epigenomic_c1_degree_preserving_seed3,sex_sanity_check,
4,1,accuracy,0.5,6.0,epigenomic_c1_degree_preserving_seed3,sex_sanity_check,
4,1,auroc,0.625,6.0,epigenomic_c1_degree_preserving_seed3,sex_sanity_check,
4,2,accuracy,0.5,6.0,epigenomic_c1_degree_preserving_seed3,sex_sanity_check,
4,2,auroc,0.7777777777777778,6.0,epigenomic_c1_degree_preserving_seed3,sex_sanity_check,
4,3,accuracy,0.3333333333333333,6.0,epigenomic_c1_degree_preserving_seed3,sex_sanity_check,
4,3,auroc,0.0,6.0,epigenomic_c1_degree_preserving_seed3,sex_sanity_check,
4,4,accuracy,0.8333333333333334,6.0,epigenomic_c1_degree_preserving_seed3,sex_sanity_check,
4,4,auroc,0.6,6.0,epigenomic_c1_degree_preserving_seed3,sex_sanity_check,
4,5,accuracy,0.8333333333333334,6.0,epigenomic_c1_degree_preserving_seed3,sex_sanity_check,
4,5,auroc,,6.0,epigenomic_c1_degree_preserving_seed3,sex_sanity_check,
0,0,r2,-2.472155022100913,,epigenomic_c1_degree_preserving_seed3,lib_size_leakage,
0,1,r2,-0.37797190272642345,,epigenomic_c1_degree_preserving_seed3,lib_size_leakage,
0,2,r2,-0.9855420515657896,,epigenomic_c1_degree_preserving_seed3,lib_size_leakage,
0,3,r2,-1.1896824633436722,,epigenomic_c1_degree_preserving_seed3,lib_size_leakage,
0,4,r2,-3.248829105282777,,epigenomic_c1_degree_preserving_seed3,lib_size_leakage,
0,5,r2,-0.2978437530406981,,epigenomic_c1_degree_preserving_seed3,lib_size_leakage,
1,0,r2,-0.33002355915092463,,epigenomic_c1_degree_preserving_seed3,lib_size_leakage,
1,1,r2,-1.6981156599993317,,epigenomic_c1_degree_preserving_seed3,lib_size_leakage,
1,2,r2,-5.649314784909349,,epigenomic_c1_degree_preserving_seed3,lib_size_leakage,
1,3,r2,-1.0129385002270208,,epigenomic_c1_degree_preserving_seed3,lib_size_leakage,
1,4,r2,-0.6728886624584733,,epigenomic_c1_degree_preserving_seed3,lib_size_leakage,
1,5,r2,-0.22821859394435173,,epigenomic_c1_degree_preserving_seed3,lib_size_leakage,
2,0,r2,-2.2453650096508078,,epigenomic_c1_degree_preserving_seed3,lib_size_leakage,
2,1,r2,-1.638343494026584,,epigenomic_c1_degree_preserving_seed3,lib_size_leakage,
2,2,r2,-0.8011069567501758,,epigenomic_c1_degree_preserving_seed3,lib_size_leakage,
2,3,r2,-0.005028111712227723,,epigenomic_c1_degree_preserving_seed3,lib_size_leakage,
2,4,r2,-2.0815743322509204,,epigenomic_c1_degree_preserving_seed3,lib_size_leakage,
2,5,r2,-0.49784683872089364,,epigenomic_c1_degree_preserving_seed3,lib_size_leakage,
3,0,r2,-3.9641991543305766,,epigenomic_c1_degree_preserving_seed3,lib_size_leakage,
3,1,r2,-0.5493045137717674,,epigenomic_c1_degree_preserving_seed3,lib_size_leakage,
3,2,r2,-1.2687078976644406,,epigenomic_c1_degree_preserving_seed3,lib_size_leakage,
3,3,r2,-0.1396841583124755,,epigenomic_c1_degree_preserving_seed3,lib_size_leakage,
3,4,r2,-0.07812497275588948,,epigenomic_c1_degree_preserving_seed3,lib_size_leakage,
3,5,r2,-1.2802867311749089,,epigenomic_c1_degree_preserving_seed3,lib_size_leakage,
4,0,r2,-1.276865070850691,,epigenomic_c1_degree_preserving_seed3,lib_size_leakage,
4,1,r2,-4.449932407600203,,epigenomic_c1_degree_preserving_seed3,lib_size_leakage,
4,2,r2,-1.0889904212572317,,epigenomic_c1_degree_preserving_seed3,lib_size_leakage,
4,3,r2,-1.4115145049933768,,epigenomic_c1_degree_preserving_seed3,lib_size_leakage,
4,4,r2,-0.7544321870267539,,epigenomic_c1_degree_preserving_seed3,lib_size_leakage,
4,5,r2,-0.26147322668047135,,epigenomic_c1_degree_preserving_seed3,lib_size_leakage,
0,0,accuracy,0.2077922077922078,,epigenomic_c1_degree_preserving_seed3,celltype_sanity_check,77.0
0,1,accuracy,0.22077922077922077,,epigenomic_c1_degree_preserving_seed3,celltype_sanity_check,77.0
0,2,accuracy,0.3116883116883117,,epigenomic_c1_degree_preserving_seed3,celltype_sanity_check,77.0
0,3,accuracy,0.2857142857142857,,epigenomic_c1_degree_preserving_seed3,celltype_sanity_check,77.0
0,4,accuracy,0.22077922077922077,,epigenomic_c1_degree_preserving_seed3,celltype_sanity_check,77.0
0,5,accuracy,0.2236842105263158,,epigenomic_c1_degree_preserving_seed3,celltype_sanity_check,76.0
1,0,accuracy,0.33766233766233766,,epigenomic_c1_degree_preserving_seed3,celltype_sanity_check,77.0
1,1,accuracy,0.2987012987012987,,epigenomic_c1_degree_preserving_seed3,celltype_sanity_check,77.0
1,2,accuracy,0.16883116883116883,,epigenomic_c1_degree_preserving_seed3,celltype_sanity_check,77.0
1,3,accuracy,0.16883116883116883,,epigenomic_c1_degree_preserving_seed3,celltype_sanity_check,77.0
1,4,accuracy,0.2077922077922078,,epigenomic_c1_degree_preserving_seed3,celltype_sanity_check,77.0
1,5,accuracy,0.2236842105263158,,epigenomic_c1_degree_preserving_seed3,celltype_sanity_check,76.0
2,0,accuracy,0.2857142857142857,,epigenomic_c1_degree_preserving_seed3,celltype_sanity_check,77.0
2,1,accuracy,0.19480519480519481,,epigenomic_c1_degree_preserving_seed3,celltype_sanity_check,77.0
2,2,accuracy,0.19480519480519481,,epigenomic_c1_degree_preserving_seed3,celltype_sanity_check,77.0
2,3,accuracy,0.24675324675324675,,epigenomic_c1_degree_preserving_seed3,celltype_sanity_check,77.0
2,4,accuracy,0.24675324675324675,,epigenomic_c1_degree_preserving_seed3,celltype_sanity_check,77.0
2,5,accuracy,0.23684210526315788,,epigenomic_c1_degree_preserving_seed3,celltype_sanity_check,76.0
3,0,accuracy,0.35064935064935066,,epigenomic_c1_degree_preserving_seed3,celltype_sanity_check,77.0
3,1,accuracy,0.19480519480519481,,epigenomic_c1_degree_preserving_seed3,celltype_sanity_check,77.0
3,2,accuracy,0.22077922077922077,,epigenomic_c1_degree_preserving_seed3,celltype_sanity_check,77.0
3,3,accuracy,0.2597402597402597,,epigenomic_c1_degree_preserving_seed3,celltype_sanity_check,77.0
3,4,accuracy,0.21052631578947367,,epigenomic_c1_degree_preserving_seed3,celltype_sanity_check,76.0
3,5,accuracy,0.23376623376623376,,epigenomic_c1_degree_preserving_seed3,celltype_sanity_check,77.0
4,0,accuracy,0.2727272727272727,,epigenomic_c1_degree_preserving_seed3,celltype_sanity_check,77.0
4,1,accuracy,0.24675324675324675,,epigenomic_c1_degree_preserving_seed3,celltype_sanity_check,77.0
4,2,accuracy,0.22077922077922077,,epigenomic_c1_degree_preserving_seed3,celltype_sanity_check,77.0
4,3,accuracy,0.2597402597402597,,epigenomic_c1_degree_preserving_seed3,celltype_sanity_check,77.0
4,4,accuracy,0.22077922077922077,,epigenomic_c1_degree_preserving_seed3,celltype_sanity_check,77.0
4,5,accuracy,0.21052631578947367,,epigenomic_c1_degree_preserving_seed3,celltype_sanity_check,76.0
0,0,accuracy,0.3333333333333333,6.0,epigenomic_c2_fully_random_seed3,disease_status,
0,0,auroc,0.11111111111111112,6.0,epigenomic_c2_fully_random_seed3,disease_status,
0,1,accuracy,0.5,6.0,epigenomic_c2_fully_random_seed3,disease_status,
0,1,auroc,0.3333333333333333,6.0,epigenomic_c2_fully_random_seed3,disease_status,
0,2,accuracy,0.5,6.0,epigenomic_c2_fully_random_seed3,disease_status,
0,2,auroc,0.4444444444444445,6.0,epigenomic_c2_fully_random_seed3,disease_status,
0,3,accuracy,0.5,6.0,epigenomic_c2_fully_random_seed3,disease_status,
0,3,auroc,0.5555555555555556,6.0,epigenomic_c2_fully_random_seed3,disease_status,
0,4,accuracy,0.5,6.0,epigenomic_c2_fully_random_seed3,disease_status,
0,4,auroc,0.4444444444444444,6.0,epigenomic_c2_fully_random_seed3,disease_status,
0,5,accuracy,0.5,6.0,epigenomic_c2_fully_random_seed3,disease_status,
0,5,auroc,0.33333333333333337,6.0,epigenomic_c2_fully_random_seed3,disease_status,
1,0,accuracy,0.3333333333333333,6.0,epigenomic_c2_fully_random_seed3,disease_status,
1,0,auroc,0.11111111111111112,6.0,epigenomic_c2_fully_random_seed3,disease_status,
1,1,accuracy,0.3333333333333333,6.0,epigenomic_c2_fully_random_seed3,disease_status,
1,1,auroc,0.22222222222222224,6.0,epigenomic_c2_fully_random_seed3,disease_status,
1,2,accuracy,0.5,6.0,epigenomic_c2_fully_random_seed3,disease_status,
1,2,auroc,0.33333333333333337,6.0,epigenomic_c2_fully_random_seed3,disease_status,
1,3,accuracy,0.5,6.0,epigenomic_c2_fully_random_seed3,disease_status,
1,3,auroc,0.4444444444444444,6.0,epigenomic_c2_fully_random_seed3,disease_status,
1,4,accuracy,0.3333333333333333,6.0,epigenomic_c2_fully_random_seed3,disease_status,
1,4,auroc,0.6666666666666667,6.0,epigenomic_c2_fully_random_seed3,disease_status,
1,5,accuracy,0.5,6.0,epigenomic_c2_fully_random_seed3,disease_status,
1,5,auroc,0.4444444444444445,6.0,epigenomic_c2_fully_random_seed3,disease_status,
2,0,accuracy,0.3333333333333333,6.0,epigenomic_c2_fully_random_seed3,disease_status,
2,0,auroc,0.22222222222222224,6.0,epigenomic_c2_fully_random_seed3,disease_status,
2,1,accuracy,0.3333333333333333,6.0,epigenomic_c2_fully_random_seed3,disease_status,
2,1,auroc,0.33333333333333337,6.0,epigenomic_c2_fully_random_seed3,disease_status,
2,2,accuracy,0.3333333333333333,6.0,epigenomic_c2_fully_random_seed3,disease_status,
2,2,auroc,0.22222222222222224,6.0,epigenomic_c2_fully_random_seed3,disease_status,
2,3,accuracy,0.6666666666666666,6.0,epigenomic_c2_fully_random_seed3,disease_status,
2,3,auroc,0.6666666666666667,6.0,epigenomic_c2_fully_random_seed3,disease_status,
2,4,accuracy,0.5,6.0,epigenomic_c2_fully_random_seed3,disease_status,
2,4,auroc,0.3333333333333333,6.0,epigenomic_c2_fully_random_seed3,disease_status,
2,5,accuracy,0.5,6.0,epigenomic_c2_fully_random_seed3,disease_status,
2,5,auroc,0.33333333333333337,6.0,epigenomic_c2_fully_random_seed3,disease_status,
3,0,accuracy,0.3333333333333333,6.0,epigenomic_c2_fully_random_seed3,disease_status,
3,0,auroc,0.5555555555555556,6.0,epigenomic_c2_fully_random_seed3,disease_status,
3,1,accuracy,0.5,6.0,epigenomic_c2_fully_random_seed3,disease_status,
3,1,auroc,0.5555555555555556,6.0,epigenomic_c2_fully_random_seed3,disease_status,
3,2,accuracy,0.16666666666666666,6.0,epigenomic_c2_fully_random_seed3,disease_status,
3,2,auroc,0.33333333333333337,6.0,epigenomic_c2_fully_random_seed3,disease_status,
3,3,accuracy,0.5,6.0,epigenomic_c2_fully_random_seed3,disease_status,
3,3,auroc,0.4444444444444445,6.0,epigenomic_c2_fully_random_seed3,disease_status,
3,4,accuracy,0.6666666666666666,6.0,epigenomic_c2_fully_random_seed3,disease_status,
3,4,auroc,0.7777777777777779,6.0,epigenomic_c2_fully_random_seed3,disease_status,
3,5,accuracy,0.16666666666666666,6.0,epigenomic_c2_fully_random_seed3,disease_status,
3,5,auroc,0.0,6.0,epigenomic_c2_fully_random_seed3,disease_status,
4,0,accuracy,0.5,6.0,epigenomic_c2_fully_random_seed3,disease_status,
4,0,auroc,0.22222222222222224,6.0,epigenomic_c2_fully_random_seed3,disease_status,
4,1,accuracy,0.16666666666666666,6.0,epigenomic_c2_fully_random_seed3,disease_status,
4,1,auroc,0.11111111111111112,6.0,epigenomic_c2_fully_random_seed3,disease_status,
4,2,accuracy,0.6666666666666666,6.0,epigenomic_c2_fully_random_seed3,disease_status,
4,2,auroc,0.6666666666666666,6.0,epigenomic_c2_fully_random_seed3,disease_status,
4,3,accuracy,0.3333333333333333,6.0,epigenomic_c2_fully_random_seed3,disease_status,
4,3,auroc,0.22222222222222224,6.0,epigenomic_c2_fully_random_seed3,disease_status,
4,4,accuracy,0.5,6.0,epigenomic_c2_fully_random_seed3,disease_status,
4,4,auroc,0.6666666666666667,6.0,epigenomic_c2_fully_random_seed3,disease_status,
4,5,accuracy,0.3333333333333333,6.0,epigenomic_c2_fully_random_seed3,disease_status,
4,5,auroc,0.11111111111111112,6.0,epigenomic_c2_fully_random_seed3,disease_status,
0,0,accuracy,0.6666666666666666,6.0,epigenomic_c2_fully_random_seed3,sex_sanity_check,
0,0,auroc,0.8,6.0,epigenomic_c2_fully_random_seed3,sex_sanity_check,
0,1,accuracy,0.5,6.0,epigenomic_c2_fully_random_seed3,sex_sanity_check,
0,1,auroc,0.375,6.0,epigenomic_c2_fully_random_seed3,sex_sanity_check,
0,2,accuracy,0.6666666666666666,6.0,epigenomic_c2_fully_random_seed3,sex_sanity_check,
0,2,auroc,0.75,6.0,epigenomic_c2_fully_random_seed3,sex_sanity_check,
0,3,accuracy,0.8333333333333334,6.0,epigenomic_c2_fully_random_seed3,sex_sanity_check,
0,3,auroc,0.8,6.0,epigenomic_c2_fully_random_seed3,sex_sanity_check,
0,4,accuracy,0.6666666666666666,6.0,epigenomic_c2_fully_random_seed3,sex_sanity_check,
0,4,auroc,0.7777777777777779,6.0,epigenomic_c2_fully_random_seed3,sex_sanity_check,
0,5,accuracy,0.5,6.0,epigenomic_c2_fully_random_seed3,sex_sanity_check,
0,5,auroc,0.888888888888889,6.0,epigenomic_c2_fully_random_seed3,sex_sanity_check,
1,0,accuracy,0.5,6.0,epigenomic_c2_fully_random_seed3,sex_sanity_check,
1,0,auroc,0.5,6.0,epigenomic_c2_fully_random_seed3,sex_sanity_check,
1,1,accuracy,0.8333333333333334,6.0,epigenomic_c2_fully_random_seed3,sex_sanity_check,
1,1,auroc,0.8,6.0,epigenomic_c2_fully_random_seed3,sex_sanity_check,
1,2,accuracy,0.8333333333333334,6.0,epigenomic_c2_fully_random_seed3,sex_sanity_check,
1,2,auroc,0.6666666666666666,6.0,epigenomic_c2_fully_random_seed3,sex_sanity_check,
1,3,accuracy,0.8333333333333334,6.0,epigenomic_c2_fully_random_seed3,sex_sanity_check,
1,3,auroc,0.875,6.0,epigenomic_c2_fully_random_seed3,sex_sanity_check,
1,4,accuracy,0.6666666666666666,6.0,epigenomic_c2_fully_random_seed3,sex_sanity_check,
1,4,auroc,1.0,6.0,epigenomic_c2_fully_random_seed3,sex_sanity_check,
1,5,accuracy,0.6666666666666666,6.0,epigenomic_c2_fully_random_seed3,sex_sanity_check,
1,5,auroc,0.75,6.0,epigenomic_c2_fully_random_seed3,sex_sanity_check,
2,0,accuracy,0.8333333333333334,6.0,epigenomic_c2_fully_random_seed3,sex_sanity_check,
2,0,auroc,1.0,6.0,epigenomic_c2_fully_random_seed3,sex_sanity_check,
2,1,accuracy,0.5,6.0,epigenomic_c2_fully_random_seed3,sex_sanity_check,
2,1,auroc,0.888888888888889,6.0,epigenomic_c2_fully_random_seed3,sex_sanity_check,
2,2,accuracy,0.6666666666666666,6.0,epigenomic_c2_fully_random_seed3,sex_sanity_check,
2,2,auroc,1.0,6.0,epigenomic_c2_fully_random_seed3,sex_sanity_check,
2,3,accuracy,1.0,6.0,epigenomic_c2_fully_random_seed3,sex_sanity_check,
2,3,auroc,1.0,6.0,epigenomic_c2_fully_random_seed3,sex_sanity_check,
2,4,accuracy,0.5,6.0,epigenomic_c2_fully_random_seed3,sex_sanity_check,
2,4,auroc,,6.0,epigenomic_c2_fully_random_seed3,sex_sanity_check,
2,5,accuracy,0.3333333333333333,6.0,epigenomic_c2_fully_random_seed3,sex_sanity_check,
2,5,auroc,0.5,6.0,epigenomic_c2_fully_random_seed3,sex_sanity_check,
3,0,accuracy,0.3333333333333333,6.0,epigenomic_c2_fully_random_seed3,sex_sanity_check,
3,0,auroc,0.6666666666666666,6.0,epigenomic_c2_fully_random_seed3,sex_sanity_check,
3,1,accuracy,1.0,6.0,epigenomic_c2_fully_random_seed3,sex_sanity_check,
3,1,auroc,1.0,6.0,epigenomic_c2_fully_random_seed3,sex_sanity_check,
3,2,accuracy,0.8333333333333334,6.0,epigenomic_c2_fully_random_seed3,sex_sanity_check,
3,2,auroc,1.0,6.0,epigenomic_c2_fully_random_seed3,sex_sanity_check,
3,3,accuracy,0.5,6.0,epigenomic_c2_fully_random_seed3,sex_sanity_check,
3,3,auroc,0.6666666666666667,6.0,epigenomic_c2_fully_random_seed3,sex_sanity_check,
3,4,accuracy,0.6666666666666666,6.0,epigenomic_c2_fully_random_seed3,sex_sanity_check,
3,4,auroc,0.8,6.0,epigenomic_c2_fully_random_seed3,sex_sanity_check,
3,5,accuracy,0.8333333333333334,6.0,epigenomic_c2_fully_random_seed3,sex_sanity_check,
3,5,auroc,0.75,6.0,epigenomic_c2_fully_random_seed3,sex_sanity_check,
4,0,accuracy,0.6666666666666666,6.0,epigenomic_c2_fully_random_seed3,sex_sanity_check,
4,0,auroc,1.0,6.0,epigenomic_c2_fully_random_seed3,sex_sanity_check,
4,1,accuracy,0.8333333333333334,6.0,epigenomic_c2_fully_random_seed3,sex_sanity_check,
4,1,auroc,0.75,6.0,epigenomic_c2_fully_random_seed3,sex_sanity_check,
4,2,accuracy,0.8333333333333334,6.0,epigenomic_c2_fully_random_seed3,sex_sanity_check,
4,2,auroc,0.888888888888889,6.0,epigenomic_c2_fully_random_seed3,sex_sanity_check,
4,3,accuracy,0.3333333333333333,6.0,epigenomic_c2_fully_random_seed3,sex_sanity_check,
4,3,auroc,0.11111111111111112,6.0,epigenomic_c2_fully_random_seed3,sex_sanity_check,
4,4,accuracy,0.8333333333333334,6.0,epigenomic_c2_fully_random_seed3,sex_sanity_check,
4,4,auroc,1.0,6.0,epigenomic_c2_fully_random_seed3,sex_sanity_check,
4,5,accuracy,0.8333333333333334,6.0,epigenomic_c2_fully_random_seed3,sex_sanity_check,
4,5,auroc,,6.0,epigenomic_c2_fully_random_seed3,sex_sanity_check,
0,0,r2,-3.1862631145218883,,epigenomic_c2_fully_random_seed3,lib_size_leakage,
0,1,r2,-0.3424836272288465,,epigenomic_c2_fully_random_seed3,lib_size_leakage,
0,2,r2,-1.5425187065975203,,epigenomic_c2_fully_random_seed3,lib_size_leakage,
0,3,r2,-1.1779719744475416,,epigenomic_c2_fully_random_seed3,lib_size_leakage,
0,4,r2,-3.090673184713518,,epigenomic_c2_fully_random_seed3,lib_size_leakage,
0,5,r2,-0.5925742325605627,,epigenomic_c2_fully_random_seed3,lib_size_leakage,
1,0,r2,-0.5185446756866297,,epigenomic_c2_fully_random_seed3,lib_size_leakage,
1,1,r2,-2.7448395512016144,,epigenomic_c2_fully_random_seed3,lib_size_leakage,
1,2,r2,-6.083418940654324,,epigenomic_c2_fully_random_seed3,lib_size_leakage,
1,3,r2,-1.2350646341317089,,epigenomic_c2_fully_random_seed3,lib_size_leakage,
1,4,r2,-1.1517683445950255,,epigenomic_c2_fully_random_seed3,lib_size_leakage,
1,5,r2,-1.2968237978845867,,epigenomic_c2_fully_random_seed3,lib_size_leakage,
2,0,r2,-1.4846723053770945,,epigenomic_c2_fully_random_seed3,lib_size_leakage,
2,1,r2,-2.011088730885898,,epigenomic_c2_fully_random_seed3,lib_size_leakage,
2,2,r2,-1.2864004998495773,,epigenomic_c2_fully_random_seed3,lib_size_leakage,
2,3,r2,-0.21815466721700294,,epigenomic_c2_fully_random_seed3,lib_size_leakage,
2,4,r2,-3.245762720448747,,epigenomic_c2_fully_random_seed3,lib_size_leakage,
2,5,r2,-2.2229033907410414,,epigenomic_c2_fully_random_seed3,lib_size_leakage,
3,0,r2,-6.194001590429364,,epigenomic_c2_fully_random_seed3,lib_size_leakage,
3,1,r2,-1.0628889903181675,,epigenomic_c2_fully_random_seed3,lib_size_leakage,
3,2,r2,-0.7816045449700948,,epigenomic_c2_fully_random_seed3,lib_size_leakage,
3,3,r2,-0.375945199218755,,epigenomic_c2_fully_random_seed3,lib_size_leakage,
3,4,r2,-1.4915583159630175,,epigenomic_c2_fully_random_seed3,lib_size_leakage,
3,5,r2,-1.2900314893454365,,epigenomic_c2_fully_random_seed3,lib_size_leakage,
4,0,r2,-1.1799379384764621,,epigenomic_c2_fully_random_seed3,lib_size_leakage,
4,1,r2,-5.311823544636659,,epigenomic_c2_fully_random_seed3,lib_size_leakage,
4,2,r2,-1.5035447977394036,,epigenomic_c2_fully_random_seed3,lib_size_leakage,
4,3,r2,-3.4410250418993673,,epigenomic_c2_fully_random_seed3,lib_size_leakage,
4,4,r2,-1.4247357116976227,,epigenomic_c2_fully_random_seed3,lib_size_leakage,
4,5,r2,-0.6971587678752429,,epigenomic_c2_fully_random_seed3,lib_size_leakage,
0,0,accuracy,0.3246753246753247,,epigenomic_c2_fully_random_seed3,celltype_sanity_check,77.0
0,1,accuracy,0.2597402597402597,,epigenomic_c2_fully_random_seed3,celltype_sanity_check,77.0
0,2,accuracy,0.2857142857142857,,epigenomic_c2_fully_random_seed3,celltype_sanity_check,77.0
0,3,accuracy,0.44155844155844154,,epigenomic_c2_fully_random_seed3,celltype_sanity_check,77.0
0,4,accuracy,0.3246753246753247,,epigenomic_c2_fully_random_seed3,celltype_sanity_check,77.0
0,5,accuracy,0.2894736842105263,,epigenomic_c2_fully_random_seed3,celltype_sanity_check,76.0
1,0,accuracy,0.33766233766233766,,epigenomic_c2_fully_random_seed3,celltype_sanity_check,77.0
1,1,accuracy,0.33766233766233766,,epigenomic_c2_fully_random_seed3,celltype_sanity_check,77.0
1,2,accuracy,0.2597402597402597,,epigenomic_c2_fully_random_seed3,celltype_sanity_check,77.0
1,3,accuracy,0.24675324675324675,,epigenomic_c2_fully_random_seed3,celltype_sanity_check,77.0
1,4,accuracy,0.3246753246753247,,epigenomic_c2_fully_random_seed3,celltype_sanity_check,77.0
1,5,accuracy,0.3684210526315789,,epigenomic_c2_fully_random_seed3,celltype_sanity_check,76.0
2,0,accuracy,0.35064935064935066,,epigenomic_c2_fully_random_seed3,celltype_sanity_check,77.0
2,1,accuracy,0.2857142857142857,,epigenomic_c2_fully_random_seed3,celltype_sanity_check,77.0
2,2,accuracy,0.2987012987012987,,epigenomic_c2_fully_random_seed3,celltype_sanity_check,77.0
2,3,accuracy,0.2987012987012987,,epigenomic_c2_fully_random_seed3,celltype_sanity_check,77.0
2,4,accuracy,0.3116883116883117,,epigenomic_c2_fully_random_seed3,celltype_sanity_check,77.0
2,5,accuracy,0.2631578947368421,,epigenomic_c2_fully_random_seed3,celltype_sanity_check,76.0
3,0,accuracy,0.38961038961038963,,epigenomic_c2_fully_random_seed3,celltype_sanity_check,77.0
3,1,accuracy,0.24675324675324675,,epigenomic_c2_fully_random_seed3,celltype_sanity_check,77.0
3,2,accuracy,0.3246753246753247,,epigenomic_c2_fully_random_seed3,celltype_sanity_check,77.0
3,3,accuracy,0.2987012987012987,,epigenomic_c2_fully_random_seed3,celltype_sanity_check,77.0
3,4,accuracy,0.39473684210526316,,epigenomic_c2_fully_random_seed3,celltype_sanity_check,76.0
3,5,accuracy,0.3116883116883117,,epigenomic_c2_fully_random_seed3,celltype_sanity_check,77.0
4,0,accuracy,0.36363636363636365,,epigenomic_c2_fully_random_seed3,celltype_sanity_check,77.0
4,1,accuracy,0.3246753246753247,,epigenomic_c2_fully_random_seed3,celltype_sanity_check,77.0
4,2,accuracy,0.24675324675324675,,epigenomic_c2_fully_random_seed3,celltype_sanity_check,77.0
4,3,accuracy,0.36363636363636365,,epigenomic_c2_fully_random_seed3,celltype_sanity_check,77.0
4,4,accuracy,0.37662337662337664,,epigenomic_c2_fully_random_seed3,celltype_sanity_check,77.0
4,5,accuracy,0.27631578947368424,,epigenomic_c2_fully_random_seed3,celltype_sanity_check,76.0
0,0,accuracy,0.5,6.0,epigenomic_c1_degree_preserving_seed4,disease_status,
0,0,auroc,0.33333333333333337,6.0,epigenomic_c1_degree_preserving_seed4,disease_status,
0,1,accuracy,0.3333333333333333,6.0,epigenomic_c1_degree_preserving_seed4,disease_status,
0,1,auroc,0.22222222222222224,6.0,epigenomic_c1_degree_preserving_seed4,disease_status,
0,2,accuracy,0.5,6.0,epigenomic_c1_degree_preserving_seed4,disease_status,
0,2,auroc,0.3333333333333333,6.0,epigenomic_c1_degree_preserving_seed4,disease_status,
0,3,accuracy,0.5,6.0,epigenomic_c1_degree_preserving_seed4,disease_status,
0,3,auroc,0.4444444444444445,6.0,epigenomic_c1_degree_preserving_seed4,disease_status,
0,4,accuracy,0.3333333333333333,6.0,epigenomic_c1_degree_preserving_seed4,disease_status,
0,4,auroc,0.6666666666666667,6.0,epigenomic_c1_degree_preserving_seed4,disease_status,
0,5,accuracy,0.6666666666666666,6.0,epigenomic_c1_degree_preserving_seed4,disease_status,
0,5,auroc,0.5555555555555556,6.0,epigenomic_c1_degree_preserving_seed4,disease_status,
1,0,accuracy,0.3333333333333333,6.0,epigenomic_c1_degree_preserving_seed4,disease_status,
1,0,auroc,0.22222222222222224,6.0,epigenomic_c1_degree_preserving_seed4,disease_status,
1,1,accuracy,0.3333333333333333,6.0,epigenomic_c1_degree_preserving_seed4,disease_status,
1,1,auroc,0.33333333333333337,6.0,epigenomic_c1_degree_preserving_seed4,disease_status,
1,2,accuracy,0.6666666666666666,6.0,epigenomic_c1_degree_preserving_seed4,disease_status,
1,2,auroc,0.6666666666666667,6.0,epigenomic_c1_degree_preserving_seed4,disease_status,
1,3,accuracy,0.3333333333333333,6.0,epigenomic_c1_degree_preserving_seed4,disease_status,
1,3,auroc,0.4444444444444444,6.0,epigenomic_c1_degree_preserving_seed4,disease_status,
1,4,accuracy,0.16666666666666666,6.0,epigenomic_c1_degree_preserving_seed4,disease_status,
1,4,auroc,0.11111111111111112,6.0,epigenomic_c1_degree_preserving_seed4,disease_status,
1,5,accuracy,0.3333333333333333,6.0,epigenomic_c1_degree_preserving_seed4,disease_status,
1,5,auroc,0.3333333333333333,6.0,epigenomic_c1_degree_preserving_seed4,disease_status,
2,0,accuracy,0.0,6.0,epigenomic_c1_degree_preserving_seed4,disease_status,
2,0,auroc,0.0,6.0,epigenomic_c1_degree_preserving_seed4,disease_status,
2,1,accuracy,0.5,6.0,epigenomic_c1_degree_preserving_seed4,disease_status,
2,1,auroc,0.6666666666666667,6.0,epigenomic_c1_degree_preserving_seed4,disease_status,
2,2,accuracy,0.16666666666666666,6.0,epigenomic_c1_degree_preserving_seed4,disease_status,
2,2,auroc,0.11111111111111112,6.0,epigenomic_c1_degree_preserving_seed4,disease_status,
2,3,accuracy,0.5,6.0,epigenomic_c1_degree_preserving_seed4,disease_status,
2,3,auroc,0.5555555555555556,6.0,epigenomic_c1_degree_preserving_seed4,disease_status,
2,4,accuracy,0.5,6.0,epigenomic_c1_degree_preserving_seed4,disease_status,
2,4,auroc,0.6666666666666667,6.0,epigenomic_c1_degree_preserving_seed4,disease_status,
2,5,accuracy,0.6666666666666666,6.0,epigenomic_c1_degree_preserving_seed4,disease_status,
2,5,auroc,0.5555555555555556,6.0,epigenomic_c1_degree_preserving_seed4,disease_status,
3,0,accuracy,0.3333333333333333,6.0,epigenomic_c1_degree_preserving_seed4,disease_status,
3,0,auroc,0.11111111111111112,6.0,epigenomic_c1_degree_preserving_seed4,disease_status,
3,1,accuracy,0.6666666666666666,6.0,epigenomic_c1_degree_preserving_seed4,disease_status,
3,1,auroc,0.5555555555555556,6.0,epigenomic_c1_degree_preserving_seed4,disease_status,
3,2,accuracy,0.3333333333333333,6.0,epigenomic_c1_degree_preserving_seed4,disease_status,
3,2,auroc,0.22222222222222224,6.0,epigenomic_c1_degree_preserving_seed4,disease_status,
3,3,accuracy,0.3333333333333333,6.0,epigenomic_c1_degree_preserving_seed4,disease_status,
3,3,auroc,0.0,6.0,epigenomic_c1_degree_preserving_seed4,disease_status,
3,4,accuracy,0.6666666666666666,6.0,epigenomic_c1_degree_preserving_seed4,disease_status,
3,4,auroc,0.6666666666666667,6.0,epigenomic_c1_degree_preserving_seed4,disease_status,
3,5,accuracy,0.0,6.0,epigenomic_c1_degree_preserving_seed4,disease_status,
3,5,auroc,0.0,6.0,epigenomic_c1_degree_preserving_seed4,disease_status,
4,0,accuracy,0.3333333333333333,6.0,epigenomic_c1_degree_preserving_seed4,disease_status,
4,0,auroc,0.4444444444444445,6.0,epigenomic_c1_degree_preserving_seed4,disease_status,
4,1,accuracy,0.3333333333333333,6.0,epigenomic_c1_degree_preserving_seed4,disease_status,
4,1,auroc,0.0,6.0,epigenomic_c1_degree_preserving_seed4,disease_status,
4,2,accuracy,0.6666666666666666,6.0,epigenomic_c1_degree_preserving_seed4,disease_status,
4,2,auroc,0.888888888888889,6.0,epigenomic_c1_degree_preserving_seed4,disease_status,
4,3,accuracy,0.3333333333333333,6.0,epigenomic_c1_degree_preserving_seed4,disease_status,
4,3,auroc,0.33333333333333337,6.0,epigenomic_c1_degree_preserving_seed4,disease_status,
4,4,accuracy,0.6666666666666666,6.0,epigenomic_c1_degree_preserving_seed4,disease_status,
4,4,auroc,0.5555555555555556,6.0,epigenomic_c1_degree_preserving_seed4,disease_status,
4,5,accuracy,0.3333333333333333,6.0,epigenomic_c1_degree_preserving_seed4,disease_status,
4,5,auroc,0.3333333333333333,6.0,epigenomic_c1_degree_preserving_seed4,disease_status,
0,0,accuracy,0.5,6.0,epigenomic_c1_degree_preserving_seed4,sex_sanity_check,
0,0,auroc,0.4,6.0,epigenomic_c1_degree_preserving_seed4,sex_sanity_check,
0,1,accuracy,0.3333333333333333,6.0,epigenomic_c1_degree_preserving_seed4,sex_sanity_check,
0,1,auroc,0.5,6.0,epigenomic_c1_degree_preserving_seed4,sex_sanity_check,
0,2,accuracy,0.8333333333333334,6.0,epigenomic_c1_degree_preserving_seed4,sex_sanity_check,
0,2,auroc,0.875,6.0,epigenomic_c1_degree_preserving_seed4,sex_sanity_check,
0,3,accuracy,0.8333333333333334,6.0,epigenomic_c1_degree_preserving_seed4,sex_sanity_check,
0,3,auroc,0.6,6.0,epigenomic_c1_degree_preserving_seed4,sex_sanity_check,
0,4,accuracy,0.8333333333333334,6.0,epigenomic_c1_degree_preserving_seed4,sex_sanity_check,
0,4,auroc,1.0,6.0,epigenomic_c1_degree_preserving_seed4,sex_sanity_check,
0,5,accuracy,0.5,6.0,epigenomic_c1_degree_preserving_seed4,sex_sanity_check,
0,5,auroc,1.0,6.0,epigenomic_c1_degree_preserving_seed4,sex_sanity_check,
1,0,accuracy,0.5,6.0,epigenomic_c1_degree_preserving_seed4,sex_sanity_check,
1,0,auroc,0.625,6.0,epigenomic_c1_degree_preserving_seed4,sex_sanity_check,
1,1,accuracy,0.8333333333333334,6.0,epigenomic_c1_degree_preserving_seed4,sex_sanity_check,
1,1,auroc,1.0,6.0,epigenomic_c1_degree_preserving_seed4,sex_sanity_check,
1,2,accuracy,0.6666666666666666,6.0,epigenomic_c1_degree_preserving_seed4,sex_sanity_check,
1,2,auroc,0.6666666666666667,6.0,epigenomic_c1_degree_preserving_seed4,sex_sanity_check,
1,3,accuracy,0.6666666666666666,6.0,epigenomic_c1_degree_preserving_seed4,sex_sanity_check,
1,3,auroc,1.0,6.0,epigenomic_c1_degree_preserving_seed4,sex_sanity_check,
1,4,accuracy,0.6666666666666666,6.0,epigenomic_c1_degree_preserving_seed4,sex_sanity_check,
1,4,auroc,1.0,6.0,epigenomic_c1_degree_preserving_seed4,sex_sanity_check,
1,5,accuracy,0.5,6.0,epigenomic_c1_degree_preserving_seed4,sex_sanity_check,
1,5,auroc,0.75,6.0,epigenomic_c1_degree_preserving_seed4,sex_sanity_check,
2,0,accuracy,0.8333333333333334,6.0,epigenomic_c1_degree_preserving_seed4,sex_sanity_check,
2,0,auroc,1.0,6.0,epigenomic_c1_degree_preserving_seed4,sex_sanity_check,
2,1,accuracy,0.6666666666666666,6.0,epigenomic_c1_degree_preserving_seed4,sex_sanity_check,
2,1,auroc,1.0,6.0,epigenomic_c1_degree_preserving_seed4,sex_sanity_check,
2,2,accuracy,0.5,6.0,epigenomic_c1_degree_preserving_seed4,sex_sanity_check,
2,2,auroc,1.0,6.0,epigenomic_c1_degree_preserving_seed4,sex_sanity_check,
2,3,accuracy,0.8333333333333334,6.0,epigenomic_c1_degree_preserving_seed4,sex_sanity_check,
2,3,auroc,0.6,6.0,epigenomic_c1_degree_preserving_seed4,sex_sanity_check,
2,4,accuracy,0.3333333333333333,6.0,epigenomic_c1_degree_preserving_seed4,sex_sanity_check,
2,4,auroc,,6.0,epigenomic_c1_degree_preserving_seed4,sex_sanity_check,
2,5,accuracy,0.6666666666666666,6.0,epigenomic_c1_degree_preserving_seed4,sex_sanity_check,
2,5,auroc,0.75,6.0,epigenomic_c1_degree_preserving_seed4,sex_sanity_check,
3,0,accuracy,0.6666666666666666,6.0,epigenomic_c1_degree_preserving_seed4,sex_sanity_check,
3,0,auroc,0.7777777777777778,6.0,epigenomic_c1_degree_preserving_seed4,sex_sanity_check,
3,1,accuracy,0.8333333333333334,6.0,epigenomic_c1_degree_preserving_seed4,sex_sanity_check,
3,1,auroc,0.8,6.0,epigenomic_c1_degree_preserving_seed4,sex_sanity_check,
3,2,accuracy,0.8333333333333334,6.0,epigenomic_c1_degree_preserving_seed4,sex_sanity_check,
3,2,auroc,0.75,6.0,epigenomic_c1_degree_preserving_seed4,sex_sanity_check,
3,3,accuracy,0.5,6.0,epigenomic_c1_degree_preserving_seed4,sex_sanity_check,
3,3,auroc,1.0,6.0,epigenomic_c1_degree_preserving_seed4,sex_sanity_check,
3,4,accuracy,0.8333333333333334,6.0,epigenomic_c1_degree_preserving_seed4,sex_sanity_check,
3,4,auroc,1.0,6.0,epigenomic_c1_degree_preserving_seed4,sex_sanity_check,
3,5,accuracy,0.6666666666666666,6.0,epigenomic_c1_degree_preserving_seed4,sex_sanity_check,
3,5,auroc,0.75,6.0,epigenomic_c1_degree_preserving_seed4,sex_sanity_check,
4,0,accuracy,0.8333333333333334,6.0,epigenomic_c1_degree_preserving_seed4,sex_sanity_check,
4,0,auroc,1.0,6.0,epigenomic_c1_degree_preserving_seed4,sex_sanity_check,
4,1,accuracy,0.8333333333333334,6.0,epigenomic_c1_degree_preserving_seed4,sex_sanity_check,
4,1,auroc,1.0,6.0,epigenomic_c1_degree_preserving_seed4,sex_sanity_check,
4,2,accuracy,0.5,6.0,epigenomic_c1_degree_preserving_seed4,sex_sanity_check,
4,2,auroc,0.6666666666666666,6.0,epigenomic_c1_degree_preserving_seed4,sex_sanity_check,
4,3,accuracy,0.3333333333333333,6.0,epigenomic_c1_degree_preserving_seed4,sex_sanity_check,
4,3,auroc,0.22222222222222224,6.0,epigenomic_c1_degree_preserving_seed4,sex_sanity_check,
4,4,accuracy,0.8333333333333334,6.0,epigenomic_c1_degree_preserving_seed4,sex_sanity_check,
4,4,auroc,0.6,6.0,epigenomic_c1_degree_preserving_seed4,sex_sanity_check,
4,5,accuracy,0.8333333333333334,6.0,epigenomic_c1_degree_preserving_seed4,sex_sanity_check,
4,5,auroc,,6.0,epigenomic_c1_degree_preserving_seed4,sex_sanity_check,
0,0,r2,-2.4995644529570575,,epigenomic_c1_degree_preserving_seed4,lib_size_leakage,
0,1,r2,-0.5619765041531093,,epigenomic_c1_degree_preserving_seed4,lib_size_leakage,
0,2,r2,-0.8807158154496442,,epigenomic_c1_degree_preserving_seed4,lib_size_leakage,
0,3,r2,-0.7277497554920498,,epigenomic_c1_degree_preserving_seed4,lib_size_leakage,
0,4,r2,-3.3486554297564055,,epigenomic_c1_degree_preserving_seed4,lib_size_leakage,
0,5,r2,-0.6633581865309834,,epigenomic_c1_degree_preserving_seed4,lib_size_leakage,
1,0,r2,-0.5723763607500287,,epigenomic_c1_degree_preserving_seed4,lib_size_leakage,
1,1,r2,-1.4390769515296973,,epigenomic_c1_degree_preserving_seed4,lib_size_leakage,
1,2,r2,-7.35126816371902,,epigenomic_c1_degree_preserving_seed4,lib_size_leakage,
1,3,r2,-1.1009064536358828,,epigenomic_c1_degree_preserving_seed4,lib_size_leakage,
1,4,r2,-1.0168115718767416,,epigenomic_c1_degree_preserving_seed4,lib_size_leakage,
1,5,r2,-0.5300750734578445,,epigenomic_c1_degree_preserving_seed4,lib_size_leakage,
2,0,r2,-1.4546225282095655,,epigenomic_c1_degree_preserving_seed4,lib_size_leakage,
2,1,r2,-3.1157769339247796,,epigenomic_c1_degree_preserving_seed4,lib_size_leakage,
2,2,r2,-1.1361754109080642,,epigenomic_c1_degree_preserving_seed4,lib_size_leakage,
2,3,r2,-0.12321392543068788,,epigenomic_c1_degree_preserving_seed4,lib_size_leakage,
2,4,r2,-3.732198886185218,,epigenomic_c1_degree_preserving_seed4,lib_size_leakage,
2,5,r2,-0.6512786676038875,,epigenomic_c1_degree_preserving_seed4,lib_size_leakage,
3,0,r2,-4.3494566593079425,,epigenomic_c1_degree_preserving_seed4,lib_size_leakage,
3,1,r2,-1.231117494272068,,epigenomic_c1_degree_preserving_seed4,lib_size_leakage,
3,2,r2,-0.8697584770109075,,epigenomic_c1_degree_preserving_seed4,lib_size_leakage,
3,3,r2,-0.42199171810241576,,epigenomic_c1_degree_preserving_seed4,lib_size_leakage,
3,4,r2,-0.4811930173566876,,epigenomic_c1_degree_preserving_seed4,lib_size_leakage,
3,5,r2,-0.956881565334212,,epigenomic_c1_degree_preserving_seed4,lib_size_leakage,
4,0,r2,-1.86597012846764,,epigenomic_c1_degree_preserving_seed4,lib_size_leakage,
4,1,r2,-5.042812842197684,,epigenomic_c1_degree_preserving_seed4,lib_size_leakage,
4,2,r2,-0.7906951023702096,,epigenomic_c1_degree_preserving_seed4,lib_size_leakage,
4,3,r2,-1.5070076121312943,,epigenomic_c1_degree_preserving_seed4,lib_size_leakage,
4,4,r2,-0.5982103496588569,,epigenomic_c1_degree_preserving_seed4,lib_size_leakage,
4,5,r2,-0.35940153535437536,,epigenomic_c1_degree_preserving_seed4,lib_size_leakage,
0,0,accuracy,0.23376623376623376,,epigenomic_c1_degree_preserving_seed4,celltype_sanity_check,77.0
0,1,accuracy,0.2077922077922078,,epigenomic_c1_degree_preserving_seed4,celltype_sanity_check,77.0
0,2,accuracy,0.2727272727272727,,epigenomic_c1_degree_preserving_seed4,celltype_sanity_check,77.0
0,3,accuracy,0.2857142857142857,,epigenomic_c1_degree_preserving_seed4,celltype_sanity_check,77.0
0,4,accuracy,0.18181818181818182,,epigenomic_c1_degree_preserving_seed4,celltype_sanity_check,77.0
0,5,accuracy,0.23684210526315788,,epigenomic_c1_degree_preserving_seed4,celltype_sanity_check,76.0
1,0,accuracy,0.24675324675324675,,epigenomic_c1_degree_preserving_seed4,celltype_sanity_check,77.0
1,1,accuracy,0.2597402597402597,,epigenomic_c1_degree_preserving_seed4,celltype_sanity_check,77.0
1,2,accuracy,0.2077922077922078,,epigenomic_c1_degree_preserving_seed4,celltype_sanity_check,77.0
1,3,accuracy,0.19480519480519481,,epigenomic_c1_degree_preserving_seed4,celltype_sanity_check,77.0
1,4,accuracy,0.2597402597402597,,epigenomic_c1_degree_preserving_seed4,celltype_sanity_check,77.0
1,5,accuracy,0.3026315789473684,,epigenomic_c1_degree_preserving_seed4,celltype_sanity_check,76.0
2,0,accuracy,0.24675324675324675,,epigenomic_c1_degree_preserving_seed4,celltype_sanity_check,77.0
2,1,accuracy,0.24675324675324675,,epigenomic_c1_degree_preserving_seed4,celltype_sanity_check,77.0
2,2,accuracy,0.2077922077922078,,epigenomic_c1_degree_preserving_seed4,celltype_sanity_check,77.0
2,3,accuracy,0.22077922077922077,,epigenomic_c1_degree_preserving_seed4,celltype_sanity_check,77.0
2,4,accuracy,0.22077922077922077,,epigenomic_c1_degree_preserving_seed4,celltype_sanity_check,77.0
2,5,accuracy,0.19736842105263158,,epigenomic_c1_degree_preserving_seed4,celltype_sanity_check,76.0
3,0,accuracy,0.3246753246753247,,epigenomic_c1_degree_preserving_seed4,celltype_sanity_check,77.0
3,1,accuracy,0.19480519480519481,,epigenomic_c1_degree_preserving_seed4,celltype_sanity_check,77.0
3,2,accuracy,0.2597402597402597,,epigenomic_c1_degree_preserving_seed4,celltype_sanity_check,77.0
3,3,accuracy,0.2077922077922078,,epigenomic_c1_degree_preserving_seed4,celltype_sanity_check,77.0
3,4,accuracy,0.19736842105263158,,epigenomic_c1_degree_preserving_seed4,celltype_sanity_check,76.0
3,5,accuracy,0.19480519480519481,,epigenomic_c1_degree_preserving_seed4,celltype_sanity_check,77.0
4,0,accuracy,0.2987012987012987,,epigenomic_c1_degree_preserving_seed4,celltype_sanity_check,77.0
4,1,accuracy,0.22077922077922077,,epigenomic_c1_degree_preserving_seed4,celltype_sanity_check,77.0
4,2,accuracy,0.2077922077922078,,epigenomic_c1_degree_preserving_seed4,celltype_sanity_check,77.0
4,3,accuracy,0.2727272727272727,,epigenomic_c1_degree_preserving_seed4,celltype_sanity_check,77.0
4,4,accuracy,0.24675324675324675,,epigenomic_c1_degree_preserving_seed4,celltype_sanity_check,77.0
4,5,accuracy,0.17105263157894737,,epigenomic_c1_degree_preserving_seed4,celltype_sanity_check,76.0
0,0,accuracy,1.0,6.0,epigenomic_c2_fully_random_seed4,disease_status,
0,0,auroc,1.0,6.0,epigenomic_c2_fully_random_seed4,disease_status,
0,1,accuracy,0.5,6.0,epigenomic_c2_fully_random_seed4,disease_status,
0,1,auroc,0.3333333333333333,6.0,epigenomic_c2_fully_random_seed4,disease_status,
0,2,accuracy,0.5,6.0,epigenomic_c2_fully_random_seed4,disease_status,
0,2,auroc,0.3333333333333333,6.0,epigenomic_c2_fully_random_seed4,disease_status,
0,3,accuracy,0.8333333333333334,6.0,epigenomic_c2_fully_random_seed4,disease_status,
0,3,auroc,0.7777777777777779,6.0,epigenomic_c2_fully_random_seed4,disease_status,
0,4,accuracy,0.5,6.0,epigenomic_c2_fully_random_seed4,disease_status,
0,4,auroc,0.5555555555555556,6.0,epigenomic_c2_fully_random_seed4,disease_status,
0,5,accuracy,0.8333333333333334,6.0,epigenomic_c2_fully_random_seed4,disease_status,
0,5,auroc,0.7777777777777778,6.0,epigenomic_c2_fully_random_seed4,disease_status,
1,0,accuracy,0.3333333333333333,6.0,epigenomic_c2_fully_random_seed4,disease_status,
1,0,auroc,0.3333333333333333,6.0,epigenomic_c2_fully_random_seed4,disease_status,
1,1,accuracy,0.6666666666666666,6.0,epigenomic_c2_fully_random_seed4,disease_status,
1,1,auroc,0.7777777777777779,6.0,epigenomic_c2_fully_random_seed4,disease_status,
1,2,accuracy,0.8333333333333334,6.0,epigenomic_c2_fully_random_seed4,disease_status,
1,2,auroc,0.888888888888889,6.0,epigenomic_c2_fully_random_seed4,disease_status,
1,3,accuracy,0.6666666666666666,6.0,epigenomic_c2_fully_random_seed4,disease_status,
1,3,auroc,0.7777777777777778,6.0,epigenomic_c2_fully_random_seed4,disease_status,
1,4,accuracy,0.5,6.0,epigenomic_c2_fully_random_seed4,disease_status,
1,4,auroc,0.4444444444444445,6.0,epigenomic_c2_fully_random_seed4,disease_status,
1,5,accuracy,0.5,6.0,epigenomic_c2_fully_random_seed4,disease_status,
1,5,auroc,0.6666666666666666,6.0,epigenomic_c2_fully_random_seed4,disease_status,
2,0,accuracy,0.16666666666666666,6.0,epigenomic_c2_fully_random_seed4,disease_status,
2,0,auroc,0.0,6.0,epigenomic_c2_fully_random_seed4,disease_status,
2,1,accuracy,0.6666666666666666,6.0,epigenomic_c2_fully_random_seed4,disease_status,
2,1,auroc,0.6666666666666667,6.0,epigenomic_c2_fully_random_seed4,disease_status,
2,2,accuracy,0.6666666666666666,6.0,epigenomic_c2_fully_random_seed4,disease_status,
2,2,auroc,0.7777777777777779,6.0,epigenomic_c2_fully_random_seed4,disease_status,
2,3,accuracy,0.6666666666666666,6.0,epigenomic_c2_fully_random_seed4,disease_status,
2,3,auroc,0.5555555555555556,6.0,epigenomic_c2_fully_random_seed4,disease_status,
2,4,accuracy,0.6666666666666666,6.0,epigenomic_c2_fully_random_seed4,disease_status,
2,4,auroc,0.7777777777777778,6.0,epigenomic_c2_fully_random_seed4,disease_status,
2,5,accuracy,0.8333333333333334,6.0,epigenomic_c2_fully_random_seed4,disease_status,
2,5,auroc,0.888888888888889,6.0,epigenomic_c2_fully_random_seed4,disease_status,
3,0,accuracy,0.5,6.0,epigenomic_c2_fully_random_seed4,disease_status,
3,0,auroc,0.4444444444444445,6.0,epigenomic_c2_fully_random_seed4,disease_status,
3,1,accuracy,0.6666666666666666,6.0,epigenomic_c2_fully_random_seed4,disease_status,
3,1,auroc,0.888888888888889,6.0,epigenomic_c2_fully_random_seed4,disease_status,
3,2,accuracy,0.6666666666666666,6.0,epigenomic_c2_fully_random_seed4,disease_status,
3,2,auroc,0.4444444444444444,6.0,epigenomic_c2_fully_random_seed4,disease_status,
3,3,accuracy,0.5,6.0,epigenomic_c2_fully_random_seed4,disease_status,
3,3,auroc,0.7777777777777779,6.0,epigenomic_c2_fully_random_seed4,disease_status,
3,4,accuracy,0.6666666666666666,6.0,epigenomic_c2_fully_random_seed4,disease_status,
3,4,auroc,0.888888888888889,6.0,epigenomic_c2_fully_random_seed4,disease_status,
3,5,accuracy,0.5,6.0,epigenomic_c2_fully_random_seed4,disease_status,
3,5,auroc,0.7777777777777778,6.0,epigenomic_c2_fully_random_seed4,disease_status,
4,0,accuracy,0.5,6.0,epigenomic_c2_fully_random_seed4,disease_status,
4,0,auroc,0.6666666666666667,6.0,epigenomic_c2_fully_random_seed4,disease_status,
4,1,accuracy,0.6666666666666666,6.0,epigenomic_c2_fully_random_seed4,disease_status,
4,1,auroc,0.7777777777777779,6.0,epigenomic_c2_fully_random_seed4,disease_status,
4,2,accuracy,0.8333333333333334,6.0,epigenomic_c2_fully_random_seed4,disease_status,
4,2,auroc,0.888888888888889,6.0,epigenomic_c2_fully_random_seed4,disease_status,
4,3,accuracy,0.5,6.0,epigenomic_c2_fully_random_seed4,disease_status,
4,3,auroc,0.6666666666666667,6.0,epigenomic_c2_fully_random_seed4,disease_status,
4,4,accuracy,0.8333333333333334,6.0,epigenomic_c2_fully_random_seed4,disease_status,
4,4,auroc,0.888888888888889,6.0,epigenomic_c2_fully_random_seed4,disease_status,
4,5,accuracy,0.5,6.0,epigenomic_c2_fully_random_seed4,disease_status,
4,5,auroc,0.5555555555555556,6.0,epigenomic_c2_fully_random_seed4,disease_status,
0,0,accuracy,0.8333333333333334,6.0,epigenomic_c2_fully_random_seed4,sex_sanity_check,
0,0,auroc,0.8,6.0,epigenomic_c2_fully_random_seed4,sex_sanity_check,
0,1,accuracy,0.5,6.0,epigenomic_c2_fully_random_seed4,sex_sanity_check,
0,1,auroc,0.375,6.0,epigenomic_c2_fully_random_seed4,sex_sanity_check,
0,2,accuracy,0.8333333333333334,6.0,epigenomic_c2_fully_random_seed4,sex_sanity_check,
0,2,auroc,0.875,6.0,epigenomic_c2_fully_random_seed4,sex_sanity_check,
0,3,accuracy,0.8333333333333334,6.0,epigenomic_c2_fully_random_seed4,sex_sanity_check,
0,3,auroc,0.8,6.0,epigenomic_c2_fully_random_seed4,sex_sanity_check,
0,4,accuracy,0.6666666666666666,6.0,epigenomic_c2_fully_random_seed4,sex_sanity_check,
0,4,auroc,0.6666666666666666,6.0,epigenomic_c2_fully_random_seed4,sex_sanity_check,
0,5,accuracy,0.5,6.0,epigenomic_c2_fully_random_seed4,sex_sanity_check,
0,5,auroc,0.888888888888889,6.0,epigenomic_c2_fully_random_seed4,sex_sanity_check,
1,0,accuracy,0.5,6.0,epigenomic_c2_fully_random_seed4,sex_sanity_check,
1,0,auroc,0.375,6.0,epigenomic_c2_fully_random_seed4,sex_sanity_check,
1,1,accuracy,0.5,6.0,epigenomic_c2_fully_random_seed4,sex_sanity_check,
1,1,auroc,0.8,6.0,epigenomic_c2_fully_random_seed4,sex_sanity_check,
1,2,accuracy,1.0,6.0,epigenomic_c2_fully_random_seed4,sex_sanity_check,
1,2,auroc,1.0,6.0,epigenomic_c2_fully_random_seed4,sex_sanity_check,
1,3,accuracy,0.6666666666666666,6.0,epigenomic_c2_fully_random_seed4,sex_sanity_check,
1,3,auroc,0.875,6.0,epigenomic_c2_fully_random_seed4,sex_sanity_check,
1,4,accuracy,0.8333333333333334,6.0,epigenomic_c2_fully_random_seed4,sex_sanity_check,
1,4,auroc,1.0,6.0,epigenomic_c2_fully_random_seed4,sex_sanity_check,
1,5,accuracy,0.6666666666666666,6.0,epigenomic_c2_fully_random_seed4,sex_sanity_check,
1,5,auroc,0.875,6.0,epigenomic_c2_fully_random_seed4,sex_sanity_check,
2,0,accuracy,1.0,6.0,epigenomic_c2_fully_random_seed4,sex_sanity_check,
2,0,auroc,1.0,6.0,epigenomic_c2_fully_random_seed4,sex_sanity_check,
2,1,accuracy,0.8333333333333334,6.0,epigenomic_c2_fully_random_seed4,sex_sanity_check,
2,1,auroc,1.0,6.0,epigenomic_c2_fully_random_seed4,sex_sanity_check,
2,2,accuracy,0.5,6.0,epigenomic_c2_fully_random_seed4,sex_sanity_check,
2,2,auroc,0.75,6.0,epigenomic_c2_fully_random_seed4,sex_sanity_check,
2,3,accuracy,1.0,6.0,epigenomic_c2_fully_random_seed4,sex_sanity_check,
2,3,auroc,1.0,6.0,epigenomic_c2_fully_random_seed4,sex_sanity_check,
2,4,accuracy,0.16666666666666666,6.0,epigenomic_c2_fully_random_seed4,sex_sanity_check,
2,4,auroc,,6.0,epigenomic_c2_fully_random_seed4,sex_sanity_check,
2,5,accuracy,0.6666666666666666,6.0,epigenomic_c2_fully_random_seed4,sex_sanity_check,
2,5,auroc,0.75,6.0,epigenomic_c2_fully_random_seed4,sex_sanity_check,
3,0,accuracy,0.5,6.0,epigenomic_c2_fully_random_seed4,sex_sanity_check,
3,0,auroc,0.6666666666666666,6.0,epigenomic_c2_fully_random_seed4,sex_sanity_check,
3,1,accuracy,0.8333333333333334,6.0,epigenomic_c2_fully_random_seed4,sex_sanity_check,
3,1,auroc,0.8,6.0,epigenomic_c2_fully_random_seed4,sex_sanity_check,
3,2,accuracy,0.6666666666666666,6.0,epigenomic_c2_fully_random_seed4,sex_sanity_check,
3,2,auroc,0.75,6.0,epigenomic_c2_fully_random_seed4,sex_sanity_check,
3,3,accuracy,0.3333333333333333,6.0,epigenomic_c2_fully_random_seed4,sex_sanity_check,
3,3,auroc,0.3333333333333333,6.0,epigenomic_c2_fully_random_seed4,sex_sanity_check,
3,4,accuracy,0.8333333333333334,6.0,epigenomic_c2_fully_random_seed4,sex_sanity_check,
3,4,auroc,1.0,6.0,epigenomic_c2_fully_random_seed4,sex_sanity_check,
3,5,accuracy,0.8333333333333334,6.0,epigenomic_c2_fully_random_seed4,sex_sanity_check,
3,5,auroc,0.75,6.0,epigenomic_c2_fully_random_seed4,sex_sanity_check,
4,0,accuracy,0.6666666666666666,6.0,epigenomic_c2_fully_random_seed4,sex_sanity_check,
4,0,auroc,1.0,6.0,epigenomic_c2_fully_random_seed4,sex_sanity_check,
4,1,accuracy,0.8333333333333334,6.0,epigenomic_c2_fully_random_seed4,sex_sanity_check,
4,1,auroc,0.75,6.0,epigenomic_c2_fully_random_seed4,sex_sanity_check,
4,2,accuracy,0.6666666666666666,6.0,epigenomic_c2_fully_random_seed4,sex_sanity_check,
4,2,auroc,1.0,6.0,epigenomic_c2_fully_random_seed4,sex_sanity_check,
4,3,accuracy,0.16666666666666666,6.0,epigenomic_c2_fully_random_seed4,sex_sanity_check,
4,3,auroc,0.11111111111111112,6.0,epigenomic_c2_fully_random_seed4,sex_sanity_check,
4,4,accuracy,0.8333333333333334,6.0,epigenomic_c2_fully_random_seed4,sex_sanity_check,
4,4,auroc,1.0,6.0,epigenomic_c2_fully_random_seed4,sex_sanity_check,
4,5,accuracy,0.8333333333333334,6.0,epigenomic_c2_fully_random_seed4,sex_sanity_check,
4,5,auroc,,6.0,epigenomic_c2_fully_random_seed4,sex_sanity_check,
0,0,r2,-2.89869768948208,,epigenomic_c2_fully_random_seed4,lib_size_leakage,
0,1,r2,-0.3863310568415501,,epigenomic_c2_fully_random_seed4,lib_size_leakage,
0,2,r2,-0.8352610390980875,,epigenomic_c2_fully_random_seed4,lib_size_leakage,
0,3,r2,-1.2335500337949306,,epigenomic_c2_fully_random_seed4,lib_size_leakage,
0,4,r2,-4.95297518197796,,epigenomic_c2_fully_random_seed4,lib_size_leakage,
0,5,r2,-0.14981715954906116,,epigenomic_c2_fully_random_seed4,lib_size_leakage,
1,0,r2,-0.6002211965426374,,epigenomic_c2_fully_random_seed4,lib_size_leakage,
1,1,r2,-2.3817750483540587,,epigenomic_c2_fully_random_seed4,lib_size_leakage,
1,2,r2,-9.536984663704747,,epigenomic_c2_fully_random_seed4,lib_size_leakage,
1,3,r2,-1.9461826785534133,,epigenomic_c2_fully_random_seed4,lib_size_leakage,
1,4,r2,-1.1848878702587347,,epigenomic_c2_fully_random_seed4,lib_size_leakage,
1,5,r2,-1.3755161017187807,,epigenomic_c2_fully_random_seed4,lib_size_leakage,
2,0,r2,-3.034793051238025,,epigenomic_c2_fully_random_seed4,lib_size_leakage,
2,1,r2,-3.2846551344542165,,epigenomic_c2_fully_random_seed4,lib_size_leakage,
2,2,r2,-1.6027737597944336,,epigenomic_c2_fully_random_seed4,lib_size_leakage,
2,3,r2,-0.45999561551855384,,epigenomic_c2_fully_random_seed4,lib_size_leakage,
2,4,r2,-4.4424609183599575,,epigenomic_c2_fully_random_seed4,lib_size_leakage,
2,5,r2,-0.9244090306884463,,epigenomic_c2_fully_random_seed4,lib_size_leakage,
3,0,r2,-5.447252075190538,,epigenomic_c2_fully_random_seed4,lib_size_leakage,
3,1,r2,-1.3602074632989885,,epigenomic_c2_fully_random_seed4,lib_size_leakage,
3,2,r2,-1.686650816304601,,epigenomic_c2_fully_random_seed4,lib_size_leakage,
3,3,r2,-0.5221110973687089,,epigenomic_c2_fully_random_seed4,lib_size_leakage,
3,4,r2,-1.7237363959364642,,epigenomic_c2_fully_random_seed4,lib_size_leakage,
3,5,r2,-1.4229943957756643,,epigenomic_c2_fully_random_seed4,lib_size_leakage,
4,0,r2,-1.562752784428695,,epigenomic_c2_fully_random_seed4,lib_size_leakage,
4,1,r2,-6.781320960111642,,epigenomic_c2_fully_random_seed4,lib_size_leakage,
4,2,r2,-1.4981000475895137,,epigenomic_c2_fully_random_seed4,lib_size_leakage,
4,3,r2,-1.9659269120078648,,epigenomic_c2_fully_random_seed4,lib_size_leakage,
4,4,r2,-1.1548044426978965,,epigenomic_c2_fully_random_seed4,lib_size_leakage,
4,5,r2,-0.5194403998242827,,epigenomic_c2_fully_random_seed4,lib_size_leakage,
0,0,accuracy,0.2597402597402597,,epigenomic_c2_fully_random_seed4,celltype_sanity_check,77.0
0,1,accuracy,0.2987012987012987,,epigenomic_c2_fully_random_seed4,celltype_sanity_check,77.0
0,2,accuracy,0.2727272727272727,,epigenomic_c2_fully_random_seed4,celltype_sanity_check,77.0
0,3,accuracy,0.37662337662337664,,epigenomic_c2_fully_random_seed4,celltype_sanity_check,77.0
0,4,accuracy,0.3246753246753247,,epigenomic_c2_fully_random_seed4,celltype_sanity_check,77.0
0,5,accuracy,0.25,,epigenomic_c2_fully_random_seed4,celltype_sanity_check,76.0
1,0,accuracy,0.35064935064935066,,epigenomic_c2_fully_random_seed4,celltype_sanity_check,77.0
1,1,accuracy,0.3116883116883117,,epigenomic_c2_fully_random_seed4,celltype_sanity_check,77.0
1,2,accuracy,0.18181818181818182,,epigenomic_c2_fully_random_seed4,celltype_sanity_check,77.0
1,3,accuracy,0.2597402597402597,,epigenomic_c2_fully_random_seed4,celltype_sanity_check,77.0
1,4,accuracy,0.2597402597402597,,epigenomic_c2_fully_random_seed4,celltype_sanity_check,77.0
1,5,accuracy,0.35526315789473684,,epigenomic_c2_fully_random_seed4,celltype_sanity_check,76.0
2,0,accuracy,0.2727272727272727,,epigenomic_c2_fully_random_seed4,celltype_sanity_check,77.0
2,1,accuracy,0.2597402597402597,,epigenomic_c2_fully_random_seed4,celltype_sanity_check,77.0
2,2,accuracy,0.22077922077922077,,epigenomic_c2_fully_random_seed4,celltype_sanity_check,77.0
2,3,accuracy,0.2077922077922078,,epigenomic_c2_fully_random_seed4,celltype_sanity_check,77.0
2,4,accuracy,0.38961038961038963,,epigenomic_c2_fully_random_seed4,celltype_sanity_check,77.0
2,5,accuracy,0.32894736842105265,,epigenomic_c2_fully_random_seed4,celltype_sanity_check,76.0
3,0,accuracy,0.33766233766233766,,epigenomic_c2_fully_random_seed4,celltype_sanity_check,77.0
3,1,accuracy,0.23376623376623376,,epigenomic_c2_fully_random_seed4,celltype_sanity_check,77.0
3,2,accuracy,0.3246753246753247,,epigenomic_c2_fully_random_seed4,celltype_sanity_check,77.0
3,3,accuracy,0.2987012987012987,,epigenomic_c2_fully_random_seed4,celltype_sanity_check,77.0
3,4,accuracy,0.3684210526315789,,epigenomic_c2_fully_random_seed4,celltype_sanity_check,76.0
3,5,accuracy,0.2597402597402597,,epigenomic_c2_fully_random_seed4,celltype_sanity_check,77.0
4,0,accuracy,0.2727272727272727,,epigenomic_c2_fully_random_seed4,celltype_sanity_check,77.0
4,1,accuracy,0.35064935064935066,,epigenomic_c2_fully_random_seed4,celltype_sanity_check,77.0
4,2,accuracy,0.19480519480519481,,epigenomic_c2_fully_random_seed4,celltype_sanity_check,77.0
4,3,accuracy,0.36363636363636365,,epigenomic_c2_fully_random_seed4,celltype_sanity_check,77.0
4,4,accuracy,0.24675324675324675,,epigenomic_c2_fully_random_seed4,celltype_sanity_check,77.0
4,5,accuracy,0.32894736842105265,,epigenomic_c2_fully_random_seed4,celltype_sanity_check,76.0
0,0,accuracy,0.6666666666666666,6.0,combined_baseline_pca,disease_status,
0,0,auroc,0.5555555555555556,6.0,combined_baseline_pca,disease_status,
0,1,accuracy,0.5,6.0,combined_baseline_pca,disease_status,
0,1,auroc,0.5555555555555556,6.0,combined_baseline_pca,disease_status,
0,2,accuracy,0.5,6.0,combined_baseline_pca,disease_status,
0,2,auroc,0.3333333333333333,6.0,combined_baseline_pca,disease_status,
0,3,accuracy,0.3333333333333333,6.0,combined_baseline_pca,disease_status,
0,3,auroc,0.33333333333333337,6.0,combined_baseline_pca,disease_status,
0,4,accuracy,0.3333333333333333,6.0,combined_baseline_pca,disease_status,
0,4,auroc,0.33333333333333337,6.0,combined_baseline_pca,disease_status,
0,5,accuracy,0.6666666666666666,6.0,combined_baseline_pca,disease_status,
0,5,auroc,0.7777777777777779,6.0,combined_baseline_pca,disease_status,
1,0,accuracy,0.16666666666666666,6.0,combined_baseline_pca,disease_status,
1,0,auroc,0.22222222222222224,6.0,combined_baseline_pca,disease_status,
1,1,accuracy,0.3333333333333333,6.0,combined_baseline_pca,disease_status,
1,1,auroc,0.0,6.0,combined_baseline_pca,disease_status,
1,2,accuracy,0.5,6.0,combined_baseline_pca,disease_status,
1,2,auroc,0.22222222222222224,6.0,combined_baseline_pca,disease_status,
1,3,accuracy,0.6666666666666666,6.0,combined_baseline_pca,disease_status,
1,3,auroc,0.7777777777777779,6.0,combined_baseline_pca,disease_status,
1,4,accuracy,0.3333333333333333,6.0,combined_baseline_pca,disease_status,
1,4,auroc,0.33333333333333337,6.0,combined_baseline_pca,disease_status,
1,5,accuracy,0.3333333333333333,6.0,combined_baseline_pca,disease_status,
1,5,auroc,0.4444444444444444,6.0,combined_baseline_pca,disease_status,
2,0,accuracy,0.16666666666666666,6.0,combined_baseline_pca,disease_status,
2,0,auroc,0.11111111111111112,6.0,combined_baseline_pca,disease_status,
2,1,accuracy,0.5,6.0,combined_baseline_pca,disease_status,
2,1,auroc,0.4444444444444445,6.0,combined_baseline_pca,disease_status,
2,2,accuracy,0.5,6.0,combined_baseline_pca,disease_status,
2,2,auroc,0.6666666666666667,6.0,combined_baseline_pca,disease_status,
2,3,accuracy,0.6666666666666666,6.0,combined_baseline_pca,disease_status,
2,3,auroc,0.7777777777777778,6.0,combined_baseline_pca,disease_status,
2,4,accuracy,0.6666666666666666,6.0,combined_baseline_pca,disease_status,
2,4,auroc,0.4444444444444444,6.0,combined_baseline_pca,disease_status,
2,5,accuracy,0.6666666666666666,6.0,combined_baseline_pca,disease_status,
2,5,auroc,0.5555555555555556,6.0,combined_baseline_pca,disease_status,
3,0,accuracy,0.16666666666666666,6.0,combined_baseline_pca,disease_status,
3,0,auroc,0.22222222222222224,6.0,combined_baseline_pca,disease_status,
3,1,accuracy,0.3333333333333333,6.0,combined_baseline_pca,disease_status,
3,1,auroc,0.33333333333333337,6.0,combined_baseline_pca,disease_status,
3,2,accuracy,0.3333333333333333,6.0,combined_baseline_pca,disease_status,
3,2,auroc,0.4444444444444445,6.0,combined_baseline_pca,disease_status,
3,3,accuracy,0.6666666666666666,6.0,combined_baseline_pca,disease_status,
3,3,auroc,0.5555555555555556,6.0,combined_baseline_pca,disease_status,
3,4,accuracy,0.5,6.0,combined_baseline_pca,disease_status,
3,4,auroc,0.7777777777777779,6.0,combined_baseline_pca,disease_status,
3,5,accuracy,0.16666666666666666,6.0,combined_baseline_pca,disease_status,
3,5,auroc,0.22222222222222224,6.0,combined_baseline_pca,disease_status,
4,0,accuracy,0.5,6.0,combined_baseline_pca,disease_status,
4,0,auroc,0.5555555555555556,6.0,combined_baseline_pca,disease_status,
4,1,accuracy,0.5,6.0,combined_baseline_pca,disease_status,
4,1,auroc,0.33333333333333337,6.0,combined_baseline_pca,disease_status,
4,2,accuracy,0.8333333333333334,6.0,combined_baseline_pca,disease_status,
4,2,auroc,0.7777777777777778,6.0,combined_baseline_pca,disease_status,
4,3,accuracy,0.6666666666666666,6.0,combined_baseline_pca,disease_status,
4,3,auroc,0.6666666666666667,6.0,combined_baseline_pca,disease_status,
4,4,accuracy,0.3333333333333333,6.0,combined_baseline_pca,disease_status,
4,4,auroc,0.33333333333333337,6.0,combined_baseline_pca,disease_status,
4,5,accuracy,0.3333333333333333,6.0,combined_baseline_pca,disease_status,
4,5,auroc,0.3333333333333333,6.0,combined_baseline_pca,disease_status,
0,0,accuracy,1.0,6.0,combined_baseline_pca,sex_sanity_check,
0,0,auroc,1.0,6.0,combined_baseline_pca,sex_sanity_check,
0,1,accuracy,0.5,6.0,combined_baseline_pca,sex_sanity_check,
0,1,auroc,0.625,6.0,combined_baseline_pca,sex_sanity_check,
0,2,accuracy,0.8333333333333334,6.0,combined_baseline_pca,sex_sanity_check,
0,2,auroc,1.0,6.0,combined_baseline_pca,sex_sanity_check,
0,3,accuracy,0.6666666666666666,6.0,combined_baseline_pca,sex_sanity_check,
0,3,auroc,0.8,6.0,combined_baseline_pca,sex_sanity_check,
0,4,accuracy,0.8333333333333334,6.0,combined_baseline_pca,sex_sanity_check,
0,4,auroc,0.888888888888889,6.0,combined_baseline_pca,sex_sanity_check,
0,5,accuracy,0.5,6.0,combined_baseline_pca,sex_sanity_check,
0,5,auroc,0.5555555555555556,6.0,combined_baseline_pca,sex_sanity_check,
1,0,accuracy,0.5,6.0,combined_baseline_pca,sex_sanity_check,
1,0,auroc,0.75,6.0,combined_baseline_pca,sex_sanity_check,
1,1,accuracy,0.6666666666666666,6.0,combined_baseline_pca,sex_sanity_check,
1,1,auroc,1.0,6.0,combined_baseline_pca,sex_sanity_check,
1,2,accuracy,0.8333333333333334,6.0,combined_baseline_pca,sex_sanity_check,
1,2,auroc,1.0,6.0,combined_baseline_pca,sex_sanity_check,
1,3,accuracy,0.8333333333333334,6.0,combined_baseline_pca,sex_sanity_check,
1,3,auroc,1.0,6.0,combined_baseline_pca,sex_sanity_check,
1,4,accuracy,0.8333333333333334,6.0,combined_baseline_pca,sex_sanity_check,
1,4,auroc,1.0,6.0,combined_baseline_pca,sex_sanity_check,
1,5,accuracy,0.5,6.0,combined_baseline_pca,sex_sanity_check,
1,5,auroc,0.75,6.0,combined_baseline_pca,sex_sanity_check,
2,0,accuracy,1.0,6.0,combined_baseline_pca,sex_sanity_check,
2,0,auroc,1.0,6.0,combined_baseline_pca,sex_sanity_check,
2,1,accuracy,0.8333333333333334,6.0,combined_baseline_pca,sex_sanity_check,
2,1,auroc,1.0,6.0,combined_baseline_pca,sex_sanity_check,
2,2,accuracy,0.6666666666666666,6.0,combined_baseline_pca,sex_sanity_check,
2,2,auroc,0.75,6.0,combined_baseline_pca,sex_sanity_check,
2,3,accuracy,0.8333333333333334,6.0,combined_baseline_pca,sex_sanity_check,
2,3,auroc,1.0,6.0,combined_baseline_pca,sex_sanity_check,
2,4,accuracy,0.16666666666666666,6.0,combined_baseline_pca,sex_sanity_check,
2,4,auroc,,6.0,combined_baseline_pca,sex_sanity_check,
2,5,accuracy,0.6666666666666666,6.0,combined_baseline_pca,sex_sanity_check,
2,5,auroc,0.625,6.0,combined_baseline_pca,sex_sanity_check,
3,0,accuracy,0.6666666666666666,6.0,combined_baseline_pca,sex_sanity_check,
3,0,auroc,0.888888888888889,6.0,combined_baseline_pca,sex_sanity_check,
3,1,accuracy,0.8333333333333334,6.0,combined_baseline_pca,sex_sanity_check,
3,1,auroc,0.8,6.0,combined_baseline_pca,sex_sanity_check,
3,2,accuracy,0.8333333333333334,6.0,combined_baseline_pca,sex_sanity_check,
3,2,auroc,0.875,6.0,combined_baseline_pca,sex_sanity_check,
3,3,accuracy,0.5,6.0,combined_baseline_pca,sex_sanity_check,
3,3,auroc,0.5555555555555556,6.0,combined_baseline_pca,sex_sanity_check,
3,4,accuracy,1.0,6.0,combined_baseline_pca,sex_sanity_check,
3,4,auroc,1.0,6.0,combined_baseline_pca,sex_sanity_check,
3,5,accuracy,0.6666666666666666,6.0,combined_baseline_pca,sex_sanity_check,
3,5,auroc,0.75,6.0,combined_baseline_pca,sex_sanity_check,
4,0,accuracy,0.8333333333333334,6.0,combined_baseline_pca,sex_sanity_check,
4,0,auroc,1.0,6.0,combined_baseline_pca,sex_sanity_check,
4,1,accuracy,0.6666666666666666,6.0,combined_baseline_pca,sex_sanity_check,
4,1,auroc,0.75,6.0,combined_baseline_pca,sex_sanity_check,
4,2,accuracy,0.8333333333333334,6.0,combined_baseline_pca,sex_sanity_check,
4,2,auroc,1.0,6.0,combined_baseline_pca,sex_sanity_check,
4,3,accuracy,0.5,6.0,combined_baseline_pca,sex_sanity_check,
4,3,auroc,0.0,6.0,combined_baseline_pca,sex_sanity_check,
4,4,accuracy,0.8333333333333334,6.0,combined_baseline_pca,sex_sanity_check,
4,4,auroc,1.0,6.0,combined_baseline_pca,sex_sanity_check,
4,5,accuracy,0.8333333333333334,6.0,combined_baseline_pca,sex_sanity_check,
4,5,auroc,,6.0,combined_baseline_pca,sex_sanity_check,
0,0,r2,0.5379584563946248,,combined_baseline_pca,lib_size_leakage,
0,1,r2,0.6959274853717268,,combined_baseline_pca,lib_size_leakage,
0,2,r2,0.6820546069977371,,combined_baseline_pca,lib_size_leakage,
0,3,r2,0.5690025396069036,,combined_baseline_pca,lib_size_leakage,
0,4,r2,0.3708054076271172,,combined_baseline_pca,lib_size_leakage,
0,5,r2,0.6612130645913291,,combined_baseline_pca,lib_size_leakage,
1,0,r2,0.6812933744366643,,combined_baseline_pca,lib_size_leakage,
1,1,r2,0.4401901724437195,,combined_baseline_pca,lib_size_leakage,
1,2,r2,-0.08177128943252132,,combined_baseline_pca,lib_size_leakage,
1,3,r2,0.6011923707274941,,combined_baseline_pca,lib_size_leakage,
1,4,r2,0.7292230355670695,,combined_baseline_pca,lib_size_leakage,
1,5,r2,0.7351247440800839,,combined_baseline_pca,lib_size_leakage,
2,0,r2,0.5615922102096831,,combined_baseline_pca,lib_size_leakage,
2,1,r2,0.5607514362502072,,combined_baseline_pca,lib_size_leakage,
2,2,r2,0.6656937756662933,,combined_baseline_pca,lib_size_leakage,
2,3,r2,0.6410252502287973,,combined_baseline_pca,lib_size_leakage,
2,4,r2,0.509671411786452,,combined_baseline_pca,lib_size_leakage,
2,5,r2,0.7266653190880876,,combined_baseline_pca,lib_size_leakage,
3,0,r2,0.40651271298683067,,combined_baseline_pca,lib_size_leakage,
3,1,r2,0.69884511103724,,combined_baseline_pca,lib_size_leakage,
3,2,r2,0.6286079028844365,,combined_baseline_pca,lib_size_leakage,
3,3,r2,0.6679486803271296,,combined_baseline_pca,lib_size_leakage,
3,4,r2,0.7355274539719762,,combined_baseline_pca,lib_size_leakage,
3,5,r2,0.5625890030638444,,combined_baseline_pca,lib_size_leakage,
4,0,r2,0.6502333634006039,,combined_baseline_pca,lib_size_leakage,
4,1,r2,0.352712036062492,,combined_baseline_pca,lib_size_leakage,
4,2,r2,0.6258745657049107,,combined_baseline_pca,lib_size_leakage,
4,3,r2,0.596788835820584,,combined_baseline_pca,lib_size_leakage,
4,4,r2,0.5958537453655838,,combined_baseline_pca,lib_size_leakage,
4,5,r2,0.6413741788809837,,combined_baseline_pca,lib_size_leakage,
0,0,accuracy,0.2597402597402597,,combined_baseline_pca,celltype_sanity_check,77.0
0,1,accuracy,0.2987012987012987,,combined_baseline_pca,celltype_sanity_check,77.0
0,2,accuracy,0.2857142857142857,,combined_baseline_pca,celltype_sanity_check,77.0
0,3,accuracy,0.38961038961038963,,combined_baseline_pca,celltype_sanity_check,77.0
0,4,accuracy,0.2727272727272727,,combined_baseline_pca,celltype_sanity_check,77.0
0,5,accuracy,0.32894736842105265,,combined_baseline_pca,celltype_sanity_check,76.0
1,0,accuracy,0.2857142857142857,,combined_baseline_pca,celltype_sanity_check,77.0
1,1,accuracy,0.2987012987012987,,combined_baseline_pca,celltype_sanity_check,77.0
1,2,accuracy,0.2987012987012987,,combined_baseline_pca,celltype_sanity_check,77.0
1,3,accuracy,0.3246753246753247,,combined_baseline_pca,celltype_sanity_check,77.0
1,4,accuracy,0.2857142857142857,,combined_baseline_pca,celltype_sanity_check,77.0
1,5,accuracy,0.3684210526315789,,combined_baseline_pca,celltype_sanity_check,76.0
2,0,accuracy,0.2987012987012987,,combined_baseline_pca,celltype_sanity_check,77.0
2,1,accuracy,0.33766233766233766,,combined_baseline_pca,celltype_sanity_check,77.0
2,2,accuracy,0.33766233766233766,,combined_baseline_pca,celltype_sanity_check,77.0
2,3,accuracy,0.3116883116883117,,combined_baseline_pca,celltype_sanity_check,77.0
2,4,accuracy,0.33766233766233766,,combined_baseline_pca,celltype_sanity_check,77.0
2,5,accuracy,0.3157894736842105,,combined_baseline_pca,celltype_sanity_check,76.0
3,0,accuracy,0.3246753246753247,,combined_baseline_pca,celltype_sanity_check,77.0
3,1,accuracy,0.2987012987012987,,combined_baseline_pca,celltype_sanity_check,77.0
3,2,accuracy,0.33766233766233766,,combined_baseline_pca,celltype_sanity_check,77.0
3,3,accuracy,0.2987012987012987,,combined_baseline_pca,celltype_sanity_check,77.0
3,4,accuracy,0.3157894736842105,,combined_baseline_pca,celltype_sanity_check,76.0
3,5,accuracy,0.35064935064935066,,combined_baseline_pca,celltype_sanity_check,77.0
4,0,accuracy,0.3116883116883117,,combined_baseline_pca,celltype_sanity_check,77.0
4,1,accuracy,0.2857142857142857,,combined_baseline_pca,celltype_sanity_check,77.0
4,2,accuracy,0.2987012987012987,,combined_baseline_pca,celltype_sanity_check,77.0
4,3,accuracy,0.33766233766233766,,combined_baseline_pca,celltype_sanity_check,77.0
4,4,accuracy,0.33766233766233766,,combined_baseline_pca,celltype_sanity_check,77.0
4,5,accuracy,0.3026315789473684,,combined_baseline_pca,celltype_sanity_check,76.0
0,0,accuracy,0.3333333333333333,6.0,combined_real,disease_status,
0,0,auroc,0.33333333333333337,6.0,combined_real,disease_status,
0,1,accuracy,0.5,6.0,combined_real,disease_status,
0,1,auroc,0.4444444444444445,6.0,combined_real,disease_status,
0,2,accuracy,0.6666666666666666,6.0,combined_real,disease_status,
0,2,auroc,0.6666666666666667,6.0,combined_real,disease_status,
0,3,accuracy,0.6666666666666666,6.0,combined_real,disease_status,
0,3,auroc,0.5555555555555556,6.0,combined_real,disease_status,
0,4,accuracy,0.8333333333333334,6.0,combined_real,disease_status,
0,4,auroc,0.6666666666666667,6.0,combined_real,disease_status,
0,5,accuracy,0.6666666666666666,6.0,combined_real,disease_status,
0,5,auroc,0.5555555555555556,6.0,combined_real,disease_status,
1,0,accuracy,0.3333333333333333,6.0,combined_real,disease_status,
1,0,auroc,0.3333333333333333,6.0,combined_real,disease_status,
1,1,accuracy,0.5,6.0,combined_real,disease_status,
1,1,auroc,0.22222222222222224,6.0,combined_real,disease_status,
1,2,accuracy,0.6666666666666666,6.0,combined_real,disease_status,
1,2,auroc,0.5555555555555556,6.0,combined_real,disease_status,
1,3,accuracy,0.6666666666666666,6.0,combined_real,disease_status,
1,3,auroc,1.0,6.0,combined_real,disease_status,
1,4,accuracy,0.5,6.0,combined_real,disease_status,
1,4,auroc,0.4444444444444445,6.0,combined_real,disease_status,
1,5,accuracy,0.3333333333333333,6.0,combined_real,disease_status,
1,5,auroc,0.4444444444444444,6.0,combined_real,disease_status,
2,0,accuracy,0.5,6.0,combined_real,disease_status,
2,0,auroc,0.33333333333333337,6.0,combined_real,disease_status,
2,1,accuracy,0.3333333333333333,6.0,combined_real,disease_status,
2,1,auroc,0.4444444444444444,6.0,combined_real,disease_status,
2,2,accuracy,0.3333333333333333,6.0,combined_real,disease_status,
2,2,auroc,0.4444444444444444,6.0,combined_real,disease_status,
2,3,accuracy,0.5,6.0,combined_real,disease_status,
2,3,auroc,0.6666666666666666,6.0,combined_real,disease_status,
2,4,accuracy,0.6666666666666666,6.0,combined_real,disease_status,
2,4,auroc,0.888888888888889,6.0,combined_real,disease_status,
2,5,accuracy,0.8333333333333334,6.0,combined_real,disease_status,
2,5,auroc,0.6666666666666666,6.0,combined_real,disease_status,
3,0,accuracy,0.5,6.0,combined_real,disease_status,
3,0,auroc,0.33333333333333337,6.0,combined_real,disease_status,
3,1,accuracy,0.5,6.0,combined_real,disease_status,
3,1,auroc,0.4444444444444445,6.0,combined_real,disease_status,
3,2,accuracy,0.5,6.0,combined_real,disease_status,
3,2,auroc,0.4444444444444445,6.0,combined_real,disease_status,
3,3,accuracy,0.6666666666666666,6.0,combined_real,disease_status,
3,3,auroc,0.888888888888889,6.0,combined_real,disease_status,
3,4,accuracy,0.6666666666666666,6.0,combined_real,disease_status,
3,4,auroc,0.888888888888889,6.0,combined_real,disease_status,
3,5,accuracy,0.16666666666666666,6.0,combined_real,disease_status,
3,5,auroc,0.0,6.0,combined_real,disease_status,
4,0,accuracy,0.5,6.0,combined_real,disease_status,
4,0,auroc,0.6666666666666667,6.0,combined_real,disease_status,
4,1,accuracy,0.6666666666666666,6.0,combined_real,disease_status,
4,1,auroc,0.5555555555555556,6.0,combined_real,disease_status,
4,2,accuracy,0.6666666666666666,6.0,combined_real,disease_status,
4,2,auroc,0.7777777777777778,6.0,combined_real,disease_status,
4,3,accuracy,0.5,6.0,combined_real,disease_status,
4,3,auroc,0.0,6.0,combined_real,disease_status,
4,4,accuracy,0.6666666666666666,6.0,combined_real,disease_status,
4,4,auroc,0.4444444444444445,6.0,combined_real,disease_status,
4,5,accuracy,0.16666666666666666,6.0,combined_real,disease_status,
4,5,auroc,0.3333333333333333,6.0,combined_real,disease_status,
0,0,accuracy,0.6666666666666666,6.0,combined_real,sex_sanity_check,
0,0,auroc,0.6,6.0,combined_real,sex_sanity_check,
0,1,accuracy,0.3333333333333333,6.0,combined_real,sex_sanity_check,
0,1,auroc,0.125,6.0,combined_real,sex_sanity_check,
0,2,accuracy,0.8333333333333334,6.0,combined_real,sex_sanity_check,
0,2,auroc,1.0,6.0,combined_real,sex_sanity_check,
0,3,accuracy,0.6666666666666666,6.0,combined_real,sex_sanity_check,
0,3,auroc,0.2,6.0,combined_real,sex_sanity_check,
0,4,accuracy,0.5,6.0,combined_real,sex_sanity_check,
0,4,auroc,0.7777777777777779,6.0,combined_real,sex_sanity_check,
0,5,accuracy,0.5,6.0,combined_real,sex_sanity_check,
0,5,auroc,1.0,6.0,combined_real,sex_sanity_check,
1,0,accuracy,0.5,6.0,combined_real,sex_sanity_check,
1,0,auroc,0.625,6.0,combined_real,sex_sanity_check,
1,1,accuracy,0.5,6.0,combined_real,sex_sanity_check,
1,1,auroc,0.8,6.0,combined_real,sex_sanity_check,
1,2,accuracy,0.6666666666666666,6.0,combined_real,sex_sanity_check,
1,2,auroc,0.7777777777777778,6.0,combined_real,sex_sanity_check,
1,3,accuracy,0.6666666666666666,6.0,combined_real,sex_sanity_check,
1,3,auroc,0.875,6.0,combined_real,sex_sanity_check,
1,4,accuracy,0.8333333333333334,6.0,combined_real,sex_sanity_check,
1,4,auroc,1.0,6.0,combined_real,sex_sanity_check,
1,5,accuracy,0.6666666666666666,6.0,combined_real,sex_sanity_check,
1,5,auroc,0.625,6.0,combined_real,sex_sanity_check,
2,0,accuracy,1.0,6.0,combined_real,sex_sanity_check,
2,0,auroc,1.0,6.0,combined_real,sex_sanity_check,
2,1,accuracy,0.6666666666666666,6.0,combined_real,sex_sanity_check,
2,1,auroc,0.7777777777777778,6.0,combined_real,sex_sanity_check,
2,2,accuracy,0.5,6.0,combined_real,sex_sanity_check,
2,2,auroc,0.875,6.0,combined_real,sex_sanity_check,
2,3,accuracy,1.0,6.0,combined_real,sex_sanity_check,
2,3,auroc,1.0,6.0,combined_real,sex_sanity_check,
2,4,accuracy,0.16666666666666666,6.0,combined_real,sex_sanity_check,
2,4,auroc,,6.0,combined_real,sex_sanity_check,
2,5,accuracy,0.5,6.0,combined_real,sex_sanity_check,
2,5,auroc,0.5,6.0,combined_real,sex_sanity_check,
3,0,accuracy,0.6666666666666666,6.0,combined_real,sex_sanity_check,
3,0,auroc,0.6666666666666667,6.0,combined_real,sex_sanity_check,
3,1,accuracy,0.6666666666666666,6.0,combined_real,sex_sanity_check,
3,1,auroc,0.8,6.0,combined_real,sex_sanity_check,
3,2,accuracy,0.6666666666666666,6.0,combined_real,sex_sanity_check,
3,2,auroc,0.875,6.0,combined_real,sex_sanity_check,
3,3,accuracy,0.3333333333333333,6.0,combined_real,sex_sanity_check,
3,3,auroc,0.3333333333333333,6.0,combined_real,sex_sanity_check,
3,4,accuracy,0.8333333333333334,6.0,combined_real,sex_sanity_check,
3,4,auroc,1.0,6.0,combined_real,sex_sanity_check,
3,5,accuracy,0.5,6.0,combined_real,sex_sanity_check,
3,5,auroc,0.625,6.0,combined_real,sex_sanity_check,
4,0,accuracy,0.6666666666666666,6.0,combined_real,sex_sanity_check,
4,0,auroc,0.7777777777777778,6.0,combined_real,sex_sanity_check,
4,1,accuracy,0.3333333333333333,6.0,combined_real,sex_sanity_check,
4,1,auroc,0.25,6.0,combined_real,sex_sanity_check,
4,2,accuracy,0.6666666666666666,6.0,combined_real,sex_sanity_check,
4,2,auroc,0.7777777777777778,6.0,combined_real,sex_sanity_check,
4,3,accuracy,0.5,6.0,combined_real,sex_sanity_check,
4,3,auroc,0.0,6.0,combined_real,sex_sanity_check,
4,4,accuracy,0.6666666666666666,6.0,combined_real,sex_sanity_check,
4,4,auroc,1.0,6.0,combined_real,sex_sanity_check,
4,5,accuracy,0.8333333333333334,6.0,combined_real,sex_sanity_check,
4,5,auroc,,6.0,combined_real,sex_sanity_check,
0,0,r2,-1.1718981816272551,,combined_real,lib_size_leakage,
0,1,r2,0.3977158581341216,,combined_real,lib_size_leakage,
0,2,r2,-0.174402145992111,,combined_real,lib_size_leakage,
0,3,r2,0.11054225251131589,,combined_real,lib_size_leakage,
0,4,r2,-1.6240989436078341,,combined_real,lib_size_leakage,
0,5,r2,-0.06830851077641076,,combined_real,lib_size_leakage,
1,0,r2,0.2834277277321461,,combined_real,lib_size_leakage,
1,1,r2,0.003008587917025629,,combined_real,lib_size_leakage,
1,2,r2,-4.448555286277018,,combined_real,lib_size_leakage,
1,3,r2,0.1727110663710223,,combined_real,lib_size_leakage,
1,4,r2,-0.3773351781204346,,combined_real,lib_size_leakage,
1,5,r2,-0.07637668003565556,,combined_real,lib_size_leakage,
2,0,r2,-0.7709098575592135,,combined_real,lib_size_leakage,
2,1,r2,-0.7606193054796955,,combined_real,lib_size_leakage,
2,2,r2,0.04609388647391133,,combined_real,lib_size_leakage,
2,3,r2,0.3748128303550723,,combined_real,lib_size_leakage,
2,4,r2,-1.2499571034451273,,combined_real,lib_size_leakage,
2,5,r2,0.029035342749429427,,combined_real,lib_size_leakage,
3,0,r2,-1.152395836700237,,combined_real,lib_size_leakage,
3,1,r2,-0.3169132193547115,,combined_real,lib_size_leakage,
3,2,r2,-0.2934584003065275,,combined_real,lib_size_leakage,
3,3,r2,0.22752921668612502,,combined_real,lib_size_leakage,
3,4,r2,0.16329455223957645,,combined_real,lib_size_leakage,
3,5,r2,-0.15080336413851803,,combined_real,lib_size_leakage,
4,0,r2,-0.4593759300113418,,combined_real,lib_size_leakage,
4,1,r2,-1.7352701662218672,,combined_real,lib_size_leakage,
4,2,r2,0.015037555645524225,,combined_real,lib_size_leakage,
4,3,r2,-0.8300800705393161,,combined_real,lib_size_leakage,
4,4,r2,0.06986786395162248,,combined_real,lib_size_leakage,
4,5,r2,0.32896069907022096,,combined_real,lib_size_leakage,
0,0,accuracy,0.2857142857142857,,combined_real,celltype_sanity_check,77.0
0,1,accuracy,0.2857142857142857,,combined_real,celltype_sanity_check,77.0
0,2,accuracy,0.38961038961038963,,combined_real,celltype_sanity_check,77.0
0,3,accuracy,0.35064935064935066,,combined_real,celltype_sanity_check,77.0
0,4,accuracy,0.24675324675324675,,combined_real,celltype_sanity_check,77.0
0,5,accuracy,0.3684210526315789,,combined_real,celltype_sanity_check,76.0
1,0,accuracy,0.24675324675324675,,combined_real,celltype_sanity_check,77.0
1,1,accuracy,0.3246753246753247,,combined_real,celltype_sanity_check,77.0
1,2,accuracy,0.23376623376623376,,combined_real,celltype_sanity_check,77.0
1,3,accuracy,0.3246753246753247,,combined_real,celltype_sanity_check,77.0
1,4,accuracy,0.4155844155844156,,combined_real,celltype_sanity_check,77.0
1,5,accuracy,0.3684210526315789,,combined_real,celltype_sanity_check,76.0
2,0,accuracy,0.33766233766233766,,combined_real,celltype_sanity_check,77.0
2,1,accuracy,0.2987012987012987,,combined_real,celltype_sanity_check,77.0
2,2,accuracy,0.3246753246753247,,combined_real,celltype_sanity_check,77.0
2,3,accuracy,0.3116883116883117,,combined_real,celltype_sanity_check,77.0
2,4,accuracy,0.3116883116883117,,combined_real,celltype_sanity_check,77.0
2,5,accuracy,0.35526315789473684,,combined_real,celltype_sanity_check,76.0
3,0,accuracy,0.4025974025974026,,combined_real,celltype_sanity_check,77.0
3,1,accuracy,0.3246753246753247,,combined_real,celltype_sanity_check,77.0
3,2,accuracy,0.33766233766233766,,combined_real,celltype_sanity_check,77.0
3,3,accuracy,0.2987012987012987,,combined_real,celltype_sanity_check,77.0
3,4,accuracy,0.3684210526315789,,combined_real,celltype_sanity_check,76.0
3,5,accuracy,0.2987012987012987,,combined_real,celltype_sanity_check,77.0
4,0,accuracy,0.35064935064935066,,combined_real,celltype_sanity_check,77.0
4,1,accuracy,0.24675324675324675,,combined_real,celltype_sanity_check,77.0
4,2,accuracy,0.33766233766233766,,combined_real,celltype_sanity_check,77.0
4,3,accuracy,0.37662337662337664,,combined_real,celltype_sanity_check,77.0
4,4,accuracy,0.3246753246753247,,combined_real,celltype_sanity_check,77.0
4,5,accuracy,0.3157894736842105,,combined_real,celltype_sanity_check,76.0
0,0,accuracy,0.6666666666666666,6.0,combined_c1_degree_preserving_seed0,disease_status,
0,0,auroc,0.33333333333333337,6.0,combined_c1_degree_preserving_seed0,disease_status,
0,1,accuracy,0.5,6.0,combined_c1_degree_preserving_seed0,disease_status,
0,1,auroc,0.5555555555555556,6.0,combined_c1_degree_preserving_seed0,disease_status,
0,2,accuracy,0.5,6.0,combined_c1_degree_preserving_seed0,disease_status,
0,2,auroc,0.4444444444444444,6.0,combined_c1_degree_preserving_seed0,disease_status,
0,3,accuracy,0.6666666666666666,6.0,combined_c1_degree_preserving_seed0,disease_status,
0,3,auroc,0.33333333333333337,6.0,combined_c1_degree_preserving_seed0,disease_status,
0,4,accuracy,0.5,6.0,combined_c1_degree_preserving_seed0,disease_status,
0,4,auroc,0.4444444444444444,6.0,combined_c1_degree_preserving_seed0,disease_status,
0,5,accuracy,0.3333333333333333,6.0,combined_c1_degree_preserving_seed0,disease_status,
0,5,auroc,0.33333333333333337,6.0,combined_c1_degree_preserving_seed0,disease_status,
1,0,accuracy,0.6666666666666666,6.0,combined_c1_degree_preserving_seed0,disease_status,
1,0,auroc,0.4444444444444445,6.0,combined_c1_degree_preserving_seed0,disease_status,
1,1,accuracy,0.16666666666666666,6.0,combined_c1_degree_preserving_seed0,disease_status,
1,1,auroc,0.22222222222222224,6.0,combined_c1_degree_preserving_seed0,disease_status,
1,2,accuracy,0.0,6.0,combined_c1_degree_preserving_seed0,disease_status,
1,2,auroc,0.0,6.0,combined_c1_degree_preserving_seed0,disease_status,
1,3,accuracy,0.3333333333333333,6.0,combined_c1_degree_preserving_seed0,disease_status,
1,3,auroc,0.5555555555555556,6.0,combined_c1_degree_preserving_seed0,disease_status,
1,4,accuracy,0.5,6.0,combined_c1_degree_preserving_seed0,disease_status,
1,4,auroc,0.5555555555555556,6.0,combined_c1_degree_preserving_seed0,disease_status,
1,5,accuracy,0.3333333333333333,6.0,combined_c1_degree_preserving_seed0,disease_status,
1,5,auroc,0.4444444444444445,6.0,combined_c1_degree_preserving_seed0,disease_status,
2,0,accuracy,0.16666666666666666,6.0,combined_c1_degree_preserving_seed0,disease_status,
2,0,auroc,0.0,6.0,combined_c1_degree_preserving_seed0,disease_status,
2,1,accuracy,0.5,6.0,combined_c1_degree_preserving_seed0,disease_status,
2,1,auroc,0.6666666666666667,6.0,combined_c1_degree_preserving_seed0,disease_status,
2,2,accuracy,0.3333333333333333,6.0,combined_c1_degree_preserving_seed0,disease_status,
2,2,auroc,0.6666666666666666,6.0,combined_c1_degree_preserving_seed0,disease_status,
2,3,accuracy,0.5,6.0,combined_c1_degree_preserving_seed0,disease_status,
2,3,auroc,0.6666666666666666,6.0,combined_c1_degree_preserving_seed0,disease_status,
2,4,accuracy,0.5,6.0,combined_c1_degree_preserving_seed0,disease_status,
2,4,auroc,0.6666666666666667,6.0,combined_c1_degree_preserving_seed0,disease_status,
2,5,accuracy,0.16666666666666666,6.0,combined_c1_degree_preserving_seed0,disease_status,
2,5,auroc,0.11111111111111112,6.0,combined_c1_degree_preserving_seed0,disease_status,
3,0,accuracy,0.3333333333333333,6.0,combined_c1_degree_preserving_seed0,disease_status,
3,0,auroc,0.22222222222222224,6.0,combined_c1_degree_preserving_seed0,disease_status,
3,1,accuracy,0.5,6.0,combined_c1_degree_preserving_seed0,disease_status,
3,1,auroc,0.6666666666666667,6.0,combined_c1_degree_preserving_seed0,disease_status,
3,2,accuracy,0.5,6.0,combined_c1_degree_preserving_seed0,disease_status,
3,2,auroc,0.4444444444444445,6.0,combined_c1_degree_preserving_seed0,disease_status,
3,3,accuracy,0.5,6.0,combined_c1_degree_preserving_seed0,disease_status,
3,3,auroc,0.5555555555555556,6.0,combined_c1_degree_preserving_seed0,disease_status,
3,4,accuracy,0.16666666666666666,6.0,combined_c1_degree_preserving_seed0,disease_status,
3,4,auroc,0.33333333333333337,6.0,combined_c1_degree_preserving_seed0,disease_status,
3,5,accuracy,0.16666666666666666,6.0,combined_c1_degree_preserving_seed0,disease_status,
3,5,auroc,0.0,6.0,combined_c1_degree_preserving_seed0,disease_status,
4,0,accuracy,0.3333333333333333,6.0,combined_c1_degree_preserving_seed0,disease_status,
4,0,auroc,0.22222222222222224,6.0,combined_c1_degree_preserving_seed0,disease_status,
4,1,accuracy,0.3333333333333333,6.0,combined_c1_degree_preserving_seed0,disease_status,
4,1,auroc,0.4444444444444445,6.0,combined_c1_degree_preserving_seed0,disease_status,
4,2,accuracy,0.6666666666666666,6.0,combined_c1_degree_preserving_seed0,disease_status,
4,2,auroc,0.7777777777777778,6.0,combined_c1_degree_preserving_seed0,disease_status,
4,3,accuracy,0.3333333333333333,6.0,combined_c1_degree_preserving_seed0,disease_status,
4,3,auroc,0.4444444444444444,6.0,combined_c1_degree_preserving_seed0,disease_status,
4,4,accuracy,0.6666666666666666,6.0,combined_c1_degree_preserving_seed0,disease_status,
4,4,auroc,0.5555555555555556,6.0,combined_c1_degree_preserving_seed0,disease_status,
4,5,accuracy,0.3333333333333333,6.0,combined_c1_degree_preserving_seed0,disease_status,
4,5,auroc,0.33333333333333337,6.0,combined_c1_degree_preserving_seed0,disease_status,
0,0,accuracy,0.8333333333333334,6.0,combined_c1_degree_preserving_seed0,sex_sanity_check,
0,0,auroc,1.0,6.0,combined_c1_degree_preserving_seed0,sex_sanity_check,
0,1,accuracy,0.5,6.0,combined_c1_degree_preserving_seed0,sex_sanity_check,
0,1,auroc,0.375,6.0,combined_c1_degree_preserving_seed0,sex_sanity_check,
0,2,accuracy,0.8333333333333334,6.0,combined_c1_degree_preserving_seed0,sex_sanity_check,
0,2,auroc,0.75,6.0,combined_c1_degree_preserving_seed0,sex_sanity_check,
0,3,accuracy,0.6666666666666666,6.0,combined_c1_degree_preserving_seed0,sex_sanity_check,
0,3,auroc,0.6,6.0,combined_c1_degree_preserving_seed0,sex_sanity_check,
0,4,accuracy,0.5,6.0,combined_c1_degree_preserving_seed0,sex_sanity_check,
0,4,auroc,0.7777777777777779,6.0,combined_c1_degree_preserving_seed0,sex_sanity_check,
0,5,accuracy,0.5,6.0,combined_c1_degree_preserving_seed0,sex_sanity_check,
0,5,auroc,0.7777777777777779,6.0,combined_c1_degree_preserving_seed0,sex_sanity_check,
1,0,accuracy,0.6666666666666666,6.0,combined_c1_degree_preserving_seed0,sex_sanity_check,
1,0,auroc,0.625,6.0,combined_c1_degree_preserving_seed0,sex_sanity_check,
1,1,accuracy,0.5,6.0,combined_c1_degree_preserving_seed0,sex_sanity_check,
1,1,auroc,1.0,6.0,combined_c1_degree_preserving_seed0,sex_sanity_check,
1,2,accuracy,0.8333333333333334,6.0,combined_c1_degree_preserving_seed0,sex_sanity_check,
1,2,auroc,0.888888888888889,6.0,combined_c1_degree_preserving_seed0,sex_sanity_check,
1,3,accuracy,0.8333333333333334,6.0,combined_c1_degree_preserving_seed0,sex_sanity_check,
1,3,auroc,1.0,6.0,combined_c1_degree_preserving_seed0,sex_sanity_check,
1,4,accuracy,1.0,6.0,combined_c1_degree_preserving_seed0,sex_sanity_check,
1,4,auroc,1.0,6.0,combined_c1_degree_preserving_seed0,sex_sanity_check,
1,5,accuracy,0.6666666666666666,6.0,combined_c1_degree_preserving_seed0,sex_sanity_check,
1,5,auroc,0.625,6.0,combined_c1_degree_preserving_seed0,sex_sanity_check,
2,0,accuracy,1.0,6.0,combined_c1_degree_preserving_seed0,sex_sanity_check,
2,0,auroc,1.0,6.0,combined_c1_degree_preserving_seed0,sex_sanity_check,
2,1,accuracy,0.8333333333333334,6.0,combined_c1_degree_preserving_seed0,sex_sanity_check,
2,1,auroc,1.0,6.0,combined_c1_degree_preserving_seed0,sex_sanity_check,
2,2,accuracy,0.6666666666666666,6.0,combined_c1_degree_preserving_seed0,sex_sanity_check,
2,2,auroc,0.75,6.0,combined_c1_degree_preserving_seed0,sex_sanity_check,
2,3,accuracy,0.6666666666666666,6.0,combined_c1_degree_preserving_seed0,sex_sanity_check,
2,3,auroc,0.6,6.0,combined_c1_degree_preserving_seed0,sex_sanity_check,
2,4,accuracy,0.16666666666666666,6.0,combined_c1_degree_preserving_seed0,sex_sanity_check,
2,4,auroc,,6.0,combined_c1_degree_preserving_seed0,sex_sanity_check,
2,5,accuracy,0.8333333333333334,6.0,combined_c1_degree_preserving_seed0,sex_sanity_check,
2,5,auroc,0.625,6.0,combined_c1_degree_preserving_seed0,sex_sanity_check,
3,0,accuracy,0.8333333333333334,6.0,combined_c1_degree_preserving_seed0,sex_sanity_check,
3,0,auroc,0.7777777777777778,6.0,combined_c1_degree_preserving_seed0,sex_sanity_check,
3,1,accuracy,0.6666666666666666,6.0,combined_c1_degree_preserving_seed0,sex_sanity_check,
3,1,auroc,1.0,6.0,combined_c1_degree_preserving_seed0,sex_sanity_check,
3,2,accuracy,0.8333333333333334,6.0,combined_c1_degree_preserving_seed0,sex_sanity_check,
3,2,auroc,0.625,6.0,combined_c1_degree_preserving_seed0,sex_sanity_check,
3,3,accuracy,0.6666666666666666,6.0,combined_c1_degree_preserving_seed0,sex_sanity_check,
3,3,auroc,0.5555555555555556,6.0,combined_c1_degree_preserving_seed0,sex_sanity_check,
3,4,accuracy,0.8333333333333334,6.0,combined_c1_degree_preserving_seed0,sex_sanity_check,
3,4,auroc,1.0,6.0,combined_c1_degree_preserving_seed0,sex_sanity_check,
3,5,accuracy,0.6666666666666666,6.0,combined_c1_degree_preserving_seed0,sex_sanity_check,
3,5,auroc,0.625,6.0,combined_c1_degree_preserving_seed0,sex_sanity_check,
4,0,accuracy,0.8333333333333334,6.0,combined_c1_degree_preserving_seed0,sex_sanity_check,
4,0,auroc,1.0,6.0,combined_c1_degree_preserving_seed0,sex_sanity_check,
4,1,accuracy,0.6666666666666666,6.0,combined_c1_degree_preserving_seed0,sex_sanity_check,
4,1,auroc,0.875,6.0,combined_c1_degree_preserving_seed0,sex_sanity_check,
4,2,accuracy,0.6666666666666666,6.0,combined_c1_degree_preserving_seed0,sex_sanity_check,
4,2,auroc,0.7777777777777778,6.0,combined_c1_degree_preserving_seed0,sex_sanity_check,
4,3,accuracy,0.3333333333333333,6.0,combined_c1_degree_preserving_seed0,sex_sanity_check,
4,3,auroc,0.0,6.0,combined_c1_degree_preserving_seed0,sex_sanity_check,
4,4,accuracy,0.8333333333333334,6.0,combined_c1_degree_preserving_seed0,sex_sanity_check,
4,4,auroc,1.0,6.0,combined_c1_degree_preserving_seed0,sex_sanity_check,
4,5,accuracy,0.8333333333333334,6.0,combined_c1_degree_preserving_seed0,sex_sanity_check,
4,5,auroc,,6.0,combined_c1_degree_preserving_seed0,sex_sanity_check,
0,0,r2,-2.2271538775864457,,combined_c1_degree_preserving_seed0,lib_size_leakage,
0,1,r2,0.17683266830422162,,combined_c1_degree_preserving_seed0,lib_size_leakage,
0,2,r2,-1.1477149733833887,,combined_c1_degree_preserving_seed0,lib_size_leakage,
0,3,r2,-1.6786502421919982,,combined_c1_degree_preserving_seed0,lib_size_leakage,
0,4,r2,-3.122319864540006,,combined_c1_degree_preserving_seed0,lib_size_leakage,
0,5,r2,-1.378295258005093,,combined_c1_degree_preserving_seed0,lib_size_leakage,
1,0,r2,0.0204316341037748,,combined_c1_degree_preserving_seed0,lib_size_leakage,
1,1,r2,-1.4974018025291764,,combined_c1_degree_preserving_seed0,lib_size_leakage,
1,2,r2,-7.089206889750537,,combined_c1_degree_preserving_seed0,lib_size_leakage,
1,3,r2,-1.3400190523602578,,combined_c1_degree_preserving_seed0,lib_size_leakage,
1,4,r2,-1.402590579716903,,combined_c1_degree_preserving_seed0,lib_size_leakage,
1,5,r2,-0.8491600105582873,,combined_c1_degree_preserving_seed0,lib_size_leakage,
2,0,r2,-1.753616496256869,,combined_c1_degree_preserving_seed0,lib_size_leakage,
2,1,r2,-1.953357061200574,,combined_c1_degree_preserving_seed0,lib_size_leakage,
2,2,r2,-0.7191779926690132,,combined_c1_degree_preserving_seed0,lib_size_leakage,
2,3,r2,-0.04445993580901475,,combined_c1_degree_preserving_seed0,lib_size_leakage,
2,4,r2,-3.612965090258202,,combined_c1_degree_preserving_seed0,lib_size_leakage,
2,5,r2,-1.0031293943016326,,combined_c1_degree_preserving_seed0,lib_size_leakage,
3,0,r2,-6.9865866857313765,,combined_c1_degree_preserving_seed0,lib_size_leakage,
3,1,r2,-1.4511206722923222,,combined_c1_degree_preserving_seed0,lib_size_leakage,
3,2,r2,-1.523128993335046,,combined_c1_degree_preserving_seed0,lib_size_leakage,
3,3,r2,-0.42059199251458157,,combined_c1_degree_preserving_seed0,lib_size_leakage,
3,4,r2,0.047189803587872725,,combined_c1_degree_preserving_seed0,lib_size_leakage,
3,5,r2,-1.1801110896876539,,combined_c1_degree_preserving_seed0,lib_size_leakage,
4,0,r2,-1.6549277340760011,,combined_c1_degree_preserving_seed0,lib_size_leakage,
4,1,r2,-5.405078316860439,,combined_c1_degree_preserving_seed0,lib_size_leakage,
4,2,r2,-2.107892829844925,,combined_c1_degree_preserving_seed0,lib_size_leakage,
4,3,r2,-1.4465886203522307,,combined_c1_degree_preserving_seed0,lib_size_leakage,
4,4,r2,-1.0449580741735316,,combined_c1_degree_preserving_seed0,lib_size_leakage,
4,5,r2,0.05921975572881233,,combined_c1_degree_preserving_seed0,lib_size_leakage,
0,0,accuracy,0.3246753246753247,,combined_c1_degree_preserving_seed0,celltype_sanity_check,77.0
0,1,accuracy,0.22077922077922077,,combined_c1_degree_preserving_seed0,celltype_sanity_check,77.0
0,2,accuracy,0.3246753246753247,,combined_c1_degree_preserving_seed0,celltype_sanity_check,77.0
0,3,accuracy,0.35064935064935066,,combined_c1_degree_preserving_seed0,celltype_sanity_check,77.0
0,4,accuracy,0.42857142857142855,,combined_c1_degree_preserving_seed0,celltype_sanity_check,77.0
0,5,accuracy,0.4342105263157895,,combined_c1_degree_preserving_seed0,celltype_sanity_check,76.0
1,0,accuracy,0.35064935064935066,,combined_c1_degree_preserving_seed0,celltype_sanity_check,77.0
1,1,accuracy,0.3116883116883117,,combined_c1_degree_preserving_seed0,celltype_sanity_check,77.0
1,2,accuracy,0.24675324675324675,,combined_c1_degree_preserving_seed0,celltype_sanity_check,77.0
1,3,accuracy,0.44155844155844154,,combined_c1_degree_preserving_seed0,celltype_sanity_check,77.0
1,4,accuracy,0.37662337662337664,,combined_c1_degree_preserving_seed0,celltype_sanity_check,77.0
1,5,accuracy,0.35526315789473684,,combined_c1_degree_preserving_seed0,celltype_sanity_check,76.0
2,0,accuracy,0.3246753246753247,,combined_c1_degree_preserving_seed0,celltype_sanity_check,77.0
2,1,accuracy,0.36363636363636365,,combined_c1_degree_preserving_seed0,celltype_sanity_check,77.0
2,2,accuracy,0.3246753246753247,,combined_c1_degree_preserving_seed0,celltype_sanity_check,77.0
2,3,accuracy,0.2987012987012987,,combined_c1_degree_preserving_seed0,celltype_sanity_check,77.0
2,4,accuracy,0.4025974025974026,,combined_c1_degree_preserving_seed0,celltype_sanity_check,77.0
2,5,accuracy,0.2631578947368421,,combined_c1_degree_preserving_seed0,celltype_sanity_check,76.0
3,0,accuracy,0.35064935064935066,,combined_c1_degree_preserving_seed0,celltype_sanity_check,77.0
3,1,accuracy,0.2727272727272727,,combined_c1_degree_preserving_seed0,celltype_sanity_check,77.0
3,2,accuracy,0.36363636363636365,,combined_c1_degree_preserving_seed0,celltype_sanity_check,77.0
3,3,accuracy,0.38961038961038963,,combined_c1_degree_preserving_seed0,celltype_sanity_check,77.0
3,4,accuracy,0.27631578947368424,,combined_c1_degree_preserving_seed0,celltype_sanity_check,76.0
3,5,accuracy,0.33766233766233766,,combined_c1_degree_preserving_seed0,celltype_sanity_check,77.0
4,0,accuracy,0.37662337662337664,,combined_c1_degree_preserving_seed0,celltype_sanity_check,77.0
4,1,accuracy,0.3246753246753247,,combined_c1_degree_preserving_seed0,celltype_sanity_check,77.0
4,2,accuracy,0.2727272727272727,,combined_c1_degree_preserving_seed0,celltype_sanity_check,77.0
4,3,accuracy,0.36363636363636365,,combined_c1_degree_preserving_seed0,celltype_sanity_check,77.0
4,4,accuracy,0.33766233766233766,,combined_c1_degree_preserving_seed0,celltype_sanity_check,77.0
4,5,accuracy,0.3157894736842105,,combined_c1_degree_preserving_seed0,celltype_sanity_check,76.0
0,0,accuracy,0.6666666666666666,6.0,combined_c2_fully_random_seed0,disease_status,
0,0,auroc,1.0,6.0,combined_c2_fully_random_seed0,disease_status,
0,1,accuracy,0.5,6.0,combined_c2_fully_random_seed0,disease_status,
0,1,auroc,0.33333333333333337,6.0,combined_c2_fully_random_seed0,disease_status,
0,2,accuracy,0.5,6.0,combined_c2_fully_random_seed0,disease_status,
0,2,auroc,0.4444444444444444,6.0,combined_c2_fully_random_seed0,disease_status,
0,3,accuracy,0.16666666666666666,6.0,combined_c2_fully_random_seed0,disease_status,
0,3,auroc,0.22222222222222224,6.0,combined_c2_fully_random_seed0,disease_status,
0,4,accuracy,0.5,6.0,combined_c2_fully_random_seed0,disease_status,
0,4,auroc,0.5555555555555556,6.0,combined_c2_fully_random_seed0,disease_status,
0,5,accuracy,0.5,6.0,combined_c2_fully_random_seed0,disease_status,
0,5,auroc,0.6666666666666666,6.0,combined_c2_fully_random_seed0,disease_status,
1,0,accuracy,0.5,6.0,combined_c2_fully_random_seed0,disease_status,
1,0,auroc,0.22222222222222224,6.0,combined_c2_fully_random_seed0,disease_status,
1,1,accuracy,0.16666666666666666,6.0,combined_c2_fully_random_seed0,disease_status,
1,1,auroc,0.0,6.0,combined_c2_fully_random_seed0,disease_status,
1,2,accuracy,0.6666666666666666,6.0,combined_c2_fully_random_seed0,disease_status,
1,2,auroc,0.7777777777777778,6.0,combined_c2_fully_random_seed0,disease_status,
1,3,accuracy,0.5,6.0,combined_c2_fully_random_seed0,disease_status,
1,3,auroc,0.4444444444444444,6.0,combined_c2_fully_random_seed0,disease_status,
1,4,accuracy,0.3333333333333333,6.0,combined_c2_fully_random_seed0,disease_status,
1,4,auroc,0.4444444444444444,6.0,combined_c2_fully_random_seed0,disease_status,
1,5,accuracy,0.16666666666666666,6.0,combined_c2_fully_random_seed0,disease_status,
1,5,auroc,0.3333333333333333,6.0,combined_c2_fully_random_seed0,disease_status,
2,0,accuracy,0.3333333333333333,6.0,combined_c2_fully_random_seed0,disease_status,
2,0,auroc,0.0,6.0,combined_c2_fully_random_seed0,disease_status,
2,1,accuracy,0.8333333333333334,6.0,combined_c2_fully_random_seed0,disease_status,
2,1,auroc,0.888888888888889,6.0,combined_c2_fully_random_seed0,disease_status,
2,2,accuracy,0.6666666666666666,6.0,combined_c2_fully_random_seed0,disease_status,
2,2,auroc,0.7777777777777779,6.0,combined_c2_fully_random_seed0,disease_status,
2,3,accuracy,0.5,6.0,combined_c2_fully_random_seed0,disease_status,
2,3,auroc,0.6666666666666666,6.0,combined_c2_fully_random_seed0,disease_status,
2,4,accuracy,0.6666666666666666,6.0,combined_c2_fully_random_seed0,disease_status,
2,4,auroc,0.3333333333333333,6.0,combined_c2_fully_random_seed0,disease_status,
2,5,accuracy,0.8333333333333334,6.0,combined_c2_fully_random_seed0,disease_status,
2,5,auroc,0.7777777777777779,6.0,combined_c2_fully_random_seed0,disease_status,
3,0,accuracy,0.6666666666666666,6.0,combined_c2_fully_random_seed0,disease_status,
3,0,auroc,0.4444444444444445,6.0,combined_c2_fully_random_seed0,disease_status,
3,1,accuracy,0.8333333333333334,6.0,combined_c2_fully_random_seed0,disease_status,
3,1,auroc,1.0,6.0,combined_c2_fully_random_seed0,disease_status,
3,2,accuracy,0.16666666666666666,6.0,combined_c2_fully_random_seed0,disease_status,
3,2,auroc,0.22222222222222224,6.0,combined_c2_fully_random_seed0,disease_status,
3,3,accuracy,0.3333333333333333,6.0,combined_c2_fully_random_seed0,disease_status,
3,3,auroc,0.33333333333333337,6.0,combined_c2_fully_random_seed0,disease_status,
3,4,accuracy,0.6666666666666666,6.0,combined_c2_fully_random_seed0,disease_status,
3,4,auroc,0.5555555555555556,6.0,combined_c2_fully_random_seed0,disease_status,
3,5,accuracy,0.16666666666666666,6.0,combined_c2_fully_random_seed0,disease_status,
3,5,auroc,0.11111111111111112,6.0,combined_c2_fully_random_seed0,disease_status,
4,0,accuracy,0.16666666666666666,6.0,combined_c2_fully_random_seed0,disease_status,
4,0,auroc,0.33333333333333337,6.0,combined_c2_fully_random_seed0,disease_status,
4,1,accuracy,0.5,6.0,combined_c2_fully_random_seed0,disease_status,
4,1,auroc,0.33333333333333337,6.0,combined_c2_fully_random_seed0,disease_status,
4,2,accuracy,0.6666666666666666,6.0,combined_c2_fully_random_seed0,disease_status,
4,2,auroc,0.888888888888889,6.0,combined_c2_fully_random_seed0,disease_status,
4,3,accuracy,0.16666666666666666,6.0,combined_c2_fully_random_seed0,disease_status,
4,3,auroc,0.22222222222222224,6.0,combined_c2_fully_random_seed0,disease_status,
4,4,accuracy,0.5,6.0,combined_c2_fully_random_seed0,disease_status,
4,4,auroc,0.6666666666666667,6.0,combined_c2_fully_random_seed0,disease_status,
4,5,accuracy,0.3333333333333333,6.0,combined_c2_fully_random_seed0,disease_status,
4,5,auroc,0.3333333333333333,6.0,combined_c2_fully_random_seed0,disease_status,
0,0,accuracy,0.6666666666666666,6.0,combined_c2_fully_random_seed0,sex_sanity_check,
0,0,auroc,0.8,6.0,combined_c2_fully_random_seed0,sex_sanity_check,
0,1,accuracy,0.3333333333333333,6.0,combined_c2_fully_random_seed0,sex_sanity_check,
0,1,auroc,0.5,6.0,combined_c2_fully_random_seed0,sex_sanity_check,
0,2,accuracy,0.6666666666666666,6.0,combined_c2_fully_random_seed0,sex_sanity_check,
0,2,auroc,0.75,6.0,combined_c2_fully_random_seed0,sex_sanity_check,
0,3,accuracy,0.8333333333333334,6.0,combined_c2_fully_random_seed0,sex_sanity_check,
0,3,auroc,0.4,6.0,combined_c2_fully_random_seed0,sex_sanity_check,
0,4,accuracy,0.6666666666666666,6.0,combined_c2_fully_random_seed0,sex_sanity_check,
0,4,auroc,0.5555555555555556,6.0,combined_c2_fully_random_seed0,sex_sanity_check,
0,5,accuracy,0.5,6.0,combined_c2_fully_random_seed0,sex_sanity_check,
0,5,auroc,0.7777777777777779,6.0,combined_c2_fully_random_seed0,sex_sanity_check,
1,0,accuracy,0.5,6.0,combined_c2_fully_random_seed0,sex_sanity_check,
1,0,auroc,0.375,6.0,combined_c2_fully_random_seed0,sex_sanity_check,
1,1,accuracy,0.5,6.0,combined_c2_fully_random_seed0,sex_sanity_check,
1,1,auroc,1.0,6.0,combined_c2_fully_random_seed0,sex_sanity_check,
1,2,accuracy,0.5,6.0,combined_c2_fully_random_seed0,sex_sanity_check,
1,2,auroc,0.5555555555555556,6.0,combined_c2_fully_random_seed0,sex_sanity_check,
1,3,accuracy,0.5,6.0,combined_c2_fully_random_seed0,sex_sanity_check,
1,3,auroc,0.75,6.0,combined_c2_fully_random_seed0,sex_sanity_check,
1,4,accuracy,0.6666666666666666,6.0,combined_c2_fully_random_seed0,sex_sanity_check,
1,4,auroc,0.875,6.0,combined_c2_fully_random_seed0,sex_sanity_check,
1,5,accuracy,0.6666666666666666,6.0,combined_c2_fully_random_seed0,sex_sanity_check,
1,5,auroc,0.75,6.0,combined_c2_fully_random_seed0,sex_sanity_check,
2,0,accuracy,0.6666666666666666,6.0,combined_c2_fully_random_seed0,sex_sanity_check,
2,0,auroc,0.875,6.0,combined_c2_fully_random_seed0,sex_sanity_check,
2,1,accuracy,0.6666666666666666,6.0,combined_c2_fully_random_seed0,sex_sanity_check,
2,1,auroc,1.0,6.0,combined_c2_fully_random_seed0,sex_sanity_check,
2,2,accuracy,0.5,6.0,combined_c2_fully_random_seed0,sex_sanity_check,
2,2,auroc,1.0,6.0,combined_c2_fully_random_seed0,sex_sanity_check,
2,3,accuracy,0.8333333333333334,6.0,combined_c2_fully_random_seed0,sex_sanity_check,
2,3,auroc,0.8,6.0,combined_c2_fully_random_seed0,sex_sanity_check,
2,4,accuracy,0.16666666666666666,6.0,combined_c2_fully_random_seed0,sex_sanity_check,
2,4,auroc,,6.0,combined_c2_fully_random_seed0,sex_sanity_check,
2,5,accuracy,0.3333333333333333,6.0,combined_c2_fully_random_seed0,sex_sanity_check,
2,5,auroc,0.5,6.0,combined_c2_fully_random_seed0,sex_sanity_check,
3,0,accuracy,0.5,6.0,combined_c2_fully_random_seed0,sex_sanity_check,
3,0,auroc,0.7777777777777778,6.0,combined_c2_fully_random_seed0,sex_sanity_check,
3,1,accuracy,0.6666666666666666,6.0,combined_c2_fully_random_seed0,sex_sanity_check,
3,1,auroc,0.8,6.0,combined_c2_fully_random_seed0,sex_sanity_check,
3,2,accuracy,0.5,6.0,combined_c2_fully_random_seed0,sex_sanity_check,
3,2,auroc,0.625,6.0,combined_c2_fully_random_seed0,sex_sanity_check,
3,3,accuracy,0.16666666666666666,6.0,combined_c2_fully_random_seed0,sex_sanity_check,
3,3,auroc,0.22222222222222224,6.0,combined_c2_fully_random_seed0,sex_sanity_check,
3,4,accuracy,0.6666666666666666,6.0,combined_c2_fully_random_seed0,sex_sanity_check,
3,4,auroc,0.8,6.0,combined_c2_fully_random_seed0,sex_sanity_check,
3,5,accuracy,0.8333333333333334,6.0,combined_c2_fully_random_seed0,sex_sanity_check,
3,5,auroc,0.625,6.0,combined_c2_fully_random_seed0,sex_sanity_check,
4,0,accuracy,0.6666666666666666,6.0,combined_c2_fully_random_seed0,sex_sanity_check,
4,0,auroc,0.888888888888889,6.0,combined_c2_fully_random_seed0,sex_sanity_check,
4,1,accuracy,0.16666666666666666,6.0,combined_c2_fully_random_seed0,sex_sanity_check,
4,1,auroc,0.25,6.0,combined_c2_fully_random_seed0,sex_sanity_check,
4,2,accuracy,0.6666666666666666,6.0,combined_c2_fully_random_seed0,sex_sanity_check,
4,2,auroc,0.888888888888889,6.0,combined_c2_fully_random_seed0,sex_sanity_check,
4,3,accuracy,0.16666666666666666,6.0,combined_c2_fully_random_seed0,sex_sanity_check,
4,3,auroc,0.11111111111111112,6.0,combined_c2_fully_random_seed0,sex_sanity_check,
4,4,accuracy,0.8333333333333334,6.0,combined_c2_fully_random_seed0,sex_sanity_check,
4,4,auroc,0.6,6.0,combined_c2_fully_random_seed0,sex_sanity_check,
4,5,accuracy,0.8333333333333334,6.0,combined_c2_fully_random_seed0,sex_sanity_check,
4,5,auroc,,6.0,combined_c2_fully_random_seed0,sex_sanity_check,
0,0,r2,-1.68427587575282,,combined_c2_fully_random_seed0,lib_size_leakage,
0,1,r2,-0.6954107890684824,,combined_c2_fully_random_seed0,lib_size_leakage,
0,2,r2,-2.573199400194474,,combined_c2_fully_random_seed0,lib_size_leakage,
0,3,r2,-0.84886959416161,,combined_c2_fully_random_seed0,lib_size_leakage,
0,4,r2,-5.352904123099038,,combined_c2_fully_random_seed0,lib_size_leakage,
0,5,r2,-2.279189238096164,,combined_c2_fully_random_seed0,lib_size_leakage,
1,0,r2,-0.8787278575882691,,combined_c2_fully_random_seed0,lib_size_leakage,
1,1,r2,-2.5865361468591908,,combined_c2_fully_random_seed0,lib_size_leakage,
1,2,r2,-17.635537898059805,,combined_c2_fully_random_seed0,lib_size_leakage,
1,3,r2,-1.7250562262579643,,combined_c2_fully_random_seed0,lib_size_leakage,
1,4,r2,-1.4705122340971828,,combined_c2_fully_random_seed0,lib_size_leakage,
1,5,r2,-1.3165771765054806,,combined_c2_fully_random_seed0,lib_size_leakage,
2,0,r2,-3.9080446106816966,,combined_c2_fully_random_seed0,lib_size_leakage,
2,1,r2,-1.4538278239650775,,combined_c2_fully_random_seed0,lib_size_leakage,
2,2,r2,-1.9858720756292452,,combined_c2_fully_random_seed0,lib_size_leakage,
2,3,r2,-0.22002672492981556,,combined_c2_fully_random_seed0,lib_size_leakage,
2,4,r2,-6.911116474480915,,combined_c2_fully_random_seed0,lib_size_leakage,
2,5,r2,-3.620208168545073,,combined_c2_fully_random_seed0,lib_size_leakage,
3,0,r2,-8.704423025131963,,combined_c2_fully_random_seed0,lib_size_leakage,
3,1,r2,-2.1476680404392763,,combined_c2_fully_random_seed0,lib_size_leakage,
3,2,r2,-2.3161894058873727,,combined_c2_fully_random_seed0,lib_size_leakage,
3,3,r2,-1.3876369919051905,,combined_c2_fully_random_seed0,lib_size_leakage,
3,4,r2,-1.4439907180678824,,combined_c2_fully_random_seed0,lib_size_leakage,
3,5,r2,-1.2938142175665766,,combined_c2_fully_random_seed0,lib_size_leakage,
4,0,r2,-2.421656937414505,,combined_c2_fully_random_seed0,lib_size_leakage,
4,1,r2,-9.056379459875156,,combined_c2_fully_random_seed0,lib_size_leakage,
4,2,r2,-2.362105915547248,,combined_c2_fully_random_seed0,lib_size_leakage,
4,3,r2,-3.147568602057331,,combined_c2_fully_random_seed0,lib_size_leakage,
4,4,r2,-1.2183859473235796,,combined_c2_fully_random_seed0,lib_size_leakage,
4,5,r2,-0.817932954009118,,combined_c2_fully_random_seed0,lib_size_leakage,
0,0,accuracy,0.2727272727272727,,combined_c2_fully_random_seed0,celltype_sanity_check,77.0
0,1,accuracy,0.2987012987012987,,combined_c2_fully_random_seed0,celltype_sanity_check,77.0
0,2,accuracy,0.2987012987012987,,combined_c2_fully_random_seed0,celltype_sanity_check,77.0
0,3,accuracy,0.38961038961038963,,combined_c2_fully_random_seed0,celltype_sanity_check,77.0
0,4,accuracy,0.35064935064935066,,combined_c2_fully_random_seed0,celltype_sanity_check,77.0
0,5,accuracy,0.3026315789473684,,combined_c2_fully_random_seed0,celltype_sanity_check,76.0
1,0,accuracy,0.35064935064935066,,combined_c2_fully_random_seed0,celltype_sanity_check,77.0
1,1,accuracy,0.3116883116883117,,combined_c2_fully_random_seed0,celltype_sanity_check,77.0
1,2,accuracy,0.2077922077922078,,combined_c2_fully_random_seed0,celltype_sanity_check,77.0
1,3,accuracy,0.3246753246753247,,combined_c2_fully_random_seed0,celltype_sanity_check,77.0
1,4,accuracy,0.3116883116883117,,combined_c2_fully_random_seed0,celltype_sanity_check,77.0
1,5,accuracy,0.3684210526315789,,combined_c2_fully_random_seed0,celltype_sanity_check,76.0
2,0,accuracy,0.3246753246753247,,combined_c2_fully_random_seed0,celltype_sanity_check,77.0
2,1,accuracy,0.3246753246753247,,combined_c2_fully_random_seed0,celltype_sanity_check,77.0
2,2,accuracy,0.2987012987012987,,combined_c2_fully_random_seed0,celltype_sanity_check,77.0
2,3,accuracy,0.24675324675324675,,combined_c2_fully_random_seed0,celltype_sanity_check,77.0
2,4,accuracy,0.37662337662337664,,combined_c2_fully_random_seed0,celltype_sanity_check,77.0
2,5,accuracy,0.3157894736842105,,combined_c2_fully_random_seed0,celltype_sanity_check,76.0
3,0,accuracy,0.36363636363636365,,combined_c2_fully_random_seed0,celltype_sanity_check,77.0
3,1,accuracy,0.24675324675324675,,combined_c2_fully_random_seed0,celltype_sanity_check,77.0
3,2,accuracy,0.3246753246753247,,combined_c2_fully_random_seed0,celltype_sanity_check,77.0
3,3,accuracy,0.3246753246753247,,combined_c2_fully_random_seed0,celltype_sanity_check,77.0
3,4,accuracy,0.39473684210526316,,combined_c2_fully_random_seed0,celltype_sanity_check,76.0
3,5,accuracy,0.2857142857142857,,combined_c2_fully_random_seed0,celltype_sanity_check,77.0
4,0,accuracy,0.35064935064935066,,combined_c2_fully_random_seed0,celltype_sanity_check,77.0
4,1,accuracy,0.3116883116883117,,combined_c2_fully_random_seed0,celltype_sanity_check,77.0
4,2,accuracy,0.2597402597402597,,combined_c2_fully_random_seed0,celltype_sanity_check,77.0
4,3,accuracy,0.44155844155844154,,combined_c2_fully_random_seed0,celltype_sanity_check,77.0
4,4,accuracy,0.35064935064935066,,combined_c2_fully_random_seed0,celltype_sanity_check,77.0
4,5,accuracy,0.34210526315789475,,combined_c2_fully_random_seed0,celltype_sanity_check,76.0
0,0,accuracy,0.5,6.0,combined_only_tf_real_seed0,disease_status,
0,0,auroc,0.6666666666666667,6.0,combined_only_tf_real_seed0,disease_status,
0,1,accuracy,0.6666666666666666,6.0,combined_only_tf_real_seed0,disease_status,
0,1,auroc,0.4444444444444445,6.0,combined_only_tf_real_seed0,disease_status,
0,2,accuracy,0.5,6.0,combined_only_tf_real_seed0,disease_status,
0,2,auroc,0.4444444444444444,6.0,combined_only_tf_real_seed0,disease_status,
0,3,accuracy,0.5,6.0,combined_only_tf_real_seed0,disease_status,
0,3,auroc,0.22222222222222224,6.0,combined_only_tf_real_seed0,disease_status,
0,4,accuracy,0.3333333333333333,6.0,combined_only_tf_real_seed0,disease_status,
0,4,auroc,0.33333333333333337,6.0,combined_only_tf_real_seed0,disease_status,
0,5,accuracy,0.5,6.0,combined_only_tf_real_seed0,disease_status,
0,5,auroc,0.3333333333333333,6.0,combined_only_tf_real_seed0,disease_status,
1,0,accuracy,0.3333333333333333,6.0,combined_only_tf_real_seed0,disease_status,
1,0,auroc,0.33333333333333337,6.0,combined_only_tf_real_seed0,disease_status,
1,1,accuracy,0.16666666666666666,6.0,combined_only_tf_real_seed0,disease_status,
1,1,auroc,0.11111111111111112,6.0,combined_only_tf_real_seed0,disease_status,
1,2,accuracy,0.3333333333333333,6.0,combined_only_tf_real_seed0,disease_status,
1,2,auroc,0.22222222222222224,6.0,combined_only_tf_real_seed0,disease_status,
1,3,accuracy,0.6666666666666666,6.0,combined_only_tf_real_seed0,disease_status,
1,3,auroc,0.7777777777777779,6.0,combined_only_tf_real_seed0,disease_status,
1,4,accuracy,0.3333333333333333,6.0,combined_only_tf_real_seed0,disease_status,
1,4,auroc,0.22222222222222224,6.0,combined_only_tf_real_seed0,disease_status,
1,5,accuracy,0.3333333333333333,6.0,combined_only_tf_real_seed0,disease_status,
1,5,auroc,0.3333333333333333,6.0,combined_only_tf_real_seed0,disease_status,
2,0,accuracy,0.16666666666666666,6.0,combined_only_tf_real_seed0,disease_status,
2,0,auroc,0.11111111111111112,6.0,combined_only_tf_real_seed0,disease_status,
2,1,accuracy,0.5,6.0,combined_only_tf_real_seed0,disease_status,
2,1,auroc,0.5555555555555556,6.0,combined_only_tf_real_seed0,disease_status,
2,2,accuracy,0.3333333333333333,6.0,combined_only_tf_real_seed0,disease_status,
2,2,auroc,0.6666666666666666,6.0,combined_only_tf_real_seed0,disease_status,
2,3,accuracy,0.6666666666666666,6.0,combined_only_tf_real_seed0,disease_status,
2,3,auroc,0.6666666666666666,6.0,combined_only_tf_real_seed0,disease_status,
2,4,accuracy,0.6666666666666666,6.0,combined_only_tf_real_seed0,disease_status,
2,4,auroc,0.7777777777777778,6.0,combined_only_tf_real_seed0,disease_status,
2,5,accuracy,0.5,6.0,combined_only_tf_real_seed0,disease_status,
2,5,auroc,0.4444444444444444,6.0,combined_only_tf_real_seed0,disease_status,
3,0,accuracy,0.6666666666666666,6.0,combined_only_tf_real_seed0,disease_status,
3,0,auroc,0.5555555555555556,6.0,combined_only_tf_real_seed0,disease_status,
3,1,accuracy,0.5,6.0,combined_only_tf_real_seed0,disease_status,
3,1,auroc,0.4444444444444444,6.0,combined_only_tf_real_seed0,disease_status,
3,2,accuracy,0.5,6.0,combined_only_tf_real_seed0,disease_status,
3,2,auroc,0.5555555555555556,6.0,combined_only_tf_real_seed0,disease_status,
3,3,accuracy,0.5,6.0,combined_only_tf_real_seed0,disease_status,
3,3,auroc,0.4444444444444445,6.0,combined_only_tf_real_seed0,disease_status,
3,4,accuracy,0.5,6.0,combined_only_tf_real_seed0,disease_status,
3,4,auroc,0.6666666666666667,6.0,combined_only_tf_real_seed0,disease_status,
3,5,accuracy,0.16666666666666666,6.0,combined_only_tf_real_seed0,disease_status,
3,5,auroc,0.0,6.0,combined_only_tf_real_seed0,disease_status,
4,0,accuracy,0.3333333333333333,6.0,combined_only_tf_real_seed0,disease_status,
4,0,auroc,0.22222222222222224,6.0,combined_only_tf_real_seed0,disease_status,
4,1,accuracy,0.3333333333333333,6.0,combined_only_tf_real_seed0,disease_status,
4,1,auroc,0.4444444444444445,6.0,combined_only_tf_real_seed0,disease_status,
4,2,accuracy,0.6666666666666666,6.0,combined_only_tf_real_seed0,disease_status,
4,2,auroc,0.7777777777777778,6.0,combined_only_tf_real_seed0,disease_status,
4,3,accuracy,0.5,6.0,combined_only_tf_real_seed0,disease_status,
4,3,auroc,0.4444444444444444,6.0,combined_only_tf_real_seed0,disease_status,
4,4,accuracy,0.6666666666666666,6.0,combined_only_tf_real_seed0,disease_status,
4,4,auroc,0.4444444444444445,6.0,combined_only_tf_real_seed0,disease_status,
4,5,accuracy,0.16666666666666666,6.0,combined_only_tf_real_seed0,disease_status,
4,5,auroc,0.3333333333333333,6.0,combined_only_tf_real_seed0,disease_status,
0,0,accuracy,0.8333333333333334,6.0,combined_only_tf_real_seed0,sex_sanity_check,
0,0,auroc,0.8,6.0,combined_only_tf_real_seed0,sex_sanity_check,
0,1,accuracy,0.3333333333333333,6.0,combined_only_tf_real_seed0,sex_sanity_check,
0,1,auroc,0.5,6.0,combined_only_tf_real_seed0,sex_sanity_check,
0,2,accuracy,1.0,6.0,combined_only_tf_real_seed0,sex_sanity_check,
0,2,auroc,1.0,6.0,combined_only_tf_real_seed0,sex_sanity_check,
0,3,accuracy,0.6666666666666666,6.0,combined_only_tf_real_seed0,sex_sanity_check,
0,3,auroc,0.6,6.0,combined_only_tf_real_seed0,sex_sanity_check,
0,4,accuracy,0.3333333333333333,6.0,combined_only_tf_real_seed0,sex_sanity_check,
0,4,auroc,0.5555555555555556,6.0,combined_only_tf_real_seed0,sex_sanity_check,
0,5,accuracy,0.5,6.0,combined_only_tf_real_seed0,sex_sanity_check,
0,5,auroc,0.888888888888889,6.0,combined_only_tf_real_seed0,sex_sanity_check,
1,0,accuracy,0.5,6.0,combined_only_tf_real_seed0,sex_sanity_check,
1,0,auroc,0.5,6.0,combined_only_tf_real_seed0,sex_sanity_check,
1,1,accuracy,0.5,6.0,combined_only_tf_real_seed0,sex_sanity_check,
1,1,auroc,1.0,6.0,combined_only_tf_real_seed0,sex_sanity_check,
1,2,accuracy,1.0,6.0,combined_only_tf_real_seed0,sex_sanity_check,
1,2,auroc,1.0,6.0,combined_only_tf_real_seed0,sex_sanity_check,
1,3,accuracy,0.5,6.0,combined_only_tf_real_seed0,sex_sanity_check,
1,3,auroc,0.75,6.0,combined_only_tf_real_seed0,sex_sanity_check,
1,4,accuracy,1.0,6.0,combined_only_tf_real_seed0,sex_sanity_check,
1,4,auroc,1.0,6.0,combined_only_tf_real_seed0,sex_sanity_check,
1,5,accuracy,0.5,6.0,combined_only_tf_real_seed0,sex_sanity_check,
1,5,auroc,0.625,6.0,combined_only_tf_real_seed0,sex_sanity_check,
2,0,accuracy,0.8333333333333334,6.0,combined_only_tf_real_seed0,sex_sanity_check,
2,0,auroc,1.0,6.0,combined_only_tf_real_seed0,sex_sanity_check,
2,1,accuracy,0.6666666666666666,6.0,combined_only_tf_real_seed0,sex_sanity_check,
2,1,auroc,1.0,6.0,combined_only_tf_real_seed0,sex_sanity_check,
2,2,accuracy,0.6666666666666666,6.0,combined_only_tf_real_seed0,sex_sanity_check,
2,2,auroc,0.875,6.0,combined_only_tf_real_seed0,sex_sanity_check,
2,3,accuracy,1.0,6.0,combined_only_tf_real_seed0,sex_sanity_check,
2,3,auroc,1.0,6.0,combined_only_tf_real_seed0,sex_sanity_check,
2,4,accuracy,0.16666666666666666,6.0,combined_only_tf_real_seed0,sex_sanity_check,
2,4,auroc,,6.0,combined_only_tf_real_seed0,sex_sanity_check,
2,5,accuracy,0.5,6.0,combined_only_tf_real_seed0,sex_sanity_check,
2,5,auroc,0.5,6.0,combined_only_tf_real_seed0,sex_sanity_check,
3,0,accuracy,0.5,6.0,combined_only_tf_real_seed0,sex_sanity_check,
3,0,auroc,0.6666666666666666,6.0,combined_only_tf_real_seed0,sex_sanity_check,
3,1,accuracy,0.6666666666666666,6.0,combined_only_tf_real_seed0,sex_sanity_check,
3,1,auroc,0.8,6.0,combined_only_tf_real_seed0,sex_sanity_check,
3,2,accuracy,0.6666666666666666,6.0,combined_only_tf_real_seed0,sex_sanity_check,
3,2,auroc,0.875,6.0,combined_only_tf_real_seed0,sex_sanity_check,
3,3,accuracy,0.16666666666666666,6.0,combined_only_tf_real_seed0,sex_sanity_check,
3,3,auroc,0.3333333333333333,6.0,combined_only_tf_real_seed0,sex_sanity_check,
3,4,accuracy,1.0,6.0,combined_only_tf_real_seed0,sex_sanity_check,
3,4,auroc,1.0,6.0,combined_only_tf_real_seed0,sex_sanity_check,
3,5,accuracy,0.6666666666666666,6.0,combined_only_tf_real_seed0,sex_sanity_check,
3,5,auroc,0.625,6.0,combined_only_tf_real_seed0,sex_sanity_check,
4,0,accuracy,0.5,6.0,combined_only_tf_real_seed0,sex_sanity_check,
4,0,auroc,1.0,6.0,combined_only_tf_real_seed0,sex_sanity_check,
4,1,accuracy,0.3333333333333333,6.0,combined_only_tf_real_seed0,sex_sanity_check,
4,1,auroc,0.25,6.0,combined_only_tf_real_seed0,sex_sanity_check,
4,2,accuracy,0.8333333333333334,6.0,combined_only_tf_real_seed0,sex_sanity_check,
4,2,auroc,1.0,6.0,combined_only_tf_real_seed0,sex_sanity_check,
4,3,accuracy,0.3333333333333333,6.0,combined_only_tf_real_seed0,sex_sanity_check,
4,3,auroc,0.0,6.0,combined_only_tf_real_seed0,sex_sanity_check,
4,4,accuracy,0.8333333333333334,6.0,combined_only_tf_real_seed0,sex_sanity_check,
4,4,auroc,1.0,6.0,combined_only_tf_real_seed0,sex_sanity_check,
4,5,accuracy,0.8333333333333334,6.0,combined_only_tf_real_seed0,sex_sanity_check,
4,5,auroc,,6.0,combined_only_tf_real_seed0,sex_sanity_check,
0,0,r2,-2.3256178843343136,,combined_only_tf_real_seed0,lib_size_leakage,
0,1,r2,0.19856672228598427,,combined_only_tf_real_seed0,lib_size_leakage,
0,2,r2,-1.2067352403587805,,combined_only_tf_real_seed0,lib_size_leakage,
0,3,r2,-0.27897661563209186,,combined_only_tf_real_seed0,lib_size_leakage,
0,4,r2,-2.2667667298498952,,combined_only_tf_real_seed0,lib_size_leakage,
0,5,r2,-1.0592705008112322,,combined_only_tf_real_seed0,lib_size_leakage,
1,0,r2,0.12799173510195905,,combined_only_tf_real_seed0,lib_size_leakage,
1,1,r2,-0.5508353435651951,,combined_only_tf_real_seed0,lib_size_leakage,
1,2,r2,-7.943026575818445,,combined_only_tf_real_seed0,lib_size_leakage,
1,3,r2,-0.965048788318696,,combined_only_tf_real_seed0,lib_size_leakage,
1,4,r2,-0.6787119085767588,,combined_only_tf_real_seed0,lib_size_leakage,
1,5,r2,-0.3832874181853634,,combined_only_tf_real_seed0,lib_size_leakage,
2,0,r2,-1.1452360832511506,,combined_only_tf_real_seed0,lib_size_leakage,
2,1,r2,-1.1960081973031853,,combined_only_tf_real_seed0,lib_size_leakage,
2,2,r2,-0.5133614288072041,,combined_only_tf_real_seed0,lib_size_leakage,
2,3,r2,0.29259307535288315,,combined_only_tf_real_seed0,lib_size_leakage,
2,4,r2,-1.582984139592274,,combined_only_tf_real_seed0,lib_size_leakage,
2,5,r2,-1.1595032573031947,,combined_only_tf_real_seed0,lib_size_leakage,
3,0,r2,-4.346478149342544,,combined_only_tf_real_seed0,lib_size_leakage,
3,1,r2,-0.5397242031492406,,combined_only_tf_real_seed0,lib_size_leakage,
3,2,r2,-0.8825648763983407,,combined_only_tf_real_seed0,lib_size_leakage,
3,3,r2,0.006707982645400845,,combined_only_tf_real_seed0,lib_size_leakage,
3,4,r2,-0.21649865908096344,,combined_only_tf_real_seed0,lib_size_leakage,
3,5,r2,-0.39323011379890915,,combined_only_tf_real_seed0,lib_size_leakage,
4,0,r2,-1.1867523224268997,,combined_only_tf_real_seed0,lib_size_leakage,
4,1,r2,-5.006309805254132,,combined_only_tf_real_seed0,lib_size_leakage,
4,2,r2,-0.2643092478627327,,combined_only_tf_real_seed0,lib_size_leakage,
4,3,r2,-1.7893466287931012,,combined_only_tf_real_seed0,lib_size_leakage,
4,4,r2,-0.15263600623208462,,combined_only_tf_real_seed0,lib_size_leakage,
4,5,r2,0.14641946605065137,,combined_only_tf_real_seed0,lib_size_leakage,
0,0,accuracy,0.42857142857142855,,combined_only_tf_real_seed0,celltype_sanity_check,77.0
0,1,accuracy,0.4805194805194805,,combined_only_tf_real_seed0,celltype_sanity_check,77.0
0,2,accuracy,0.4675324675324675,,combined_only_tf_real_seed0,celltype_sanity_check,77.0
0,3,accuracy,0.4935064935064935,,combined_only_tf_real_seed0,celltype_sanity_check,77.0
0,4,accuracy,0.35064935064935066,,combined_only_tf_real_seed0,celltype_sanity_check,77.0
0,5,accuracy,0.39473684210526316,,combined_only_tf_real_seed0,celltype_sanity_check,76.0
1,0,accuracy,0.44155844155844154,,combined_only_tf_real_seed0,celltype_sanity_check,77.0
1,1,accuracy,0.4025974025974026,,combined_only_tf_real_seed0,celltype_sanity_check,77.0
1,2,accuracy,0.3116883116883117,,combined_only_tf_real_seed0,celltype_sanity_check,77.0
1,3,accuracy,0.4155844155844156,,combined_only_tf_real_seed0,celltype_sanity_check,77.0
1,4,accuracy,0.42857142857142855,,combined_only_tf_real_seed0,celltype_sanity_check,77.0
1,5,accuracy,0.42105263157894735,,combined_only_tf_real_seed0,celltype_sanity_check,76.0
2,0,accuracy,0.4155844155844156,,combined_only_tf_real_seed0,celltype_sanity_check,77.0
2,1,accuracy,0.37662337662337664,,combined_only_tf_real_seed0,celltype_sanity_check,77.0
2,2,accuracy,0.2987012987012987,,combined_only_tf_real_seed0,celltype_sanity_check,77.0
2,3,accuracy,0.45454545454545453,,combined_only_tf_real_seed0,celltype_sanity_check,77.0
2,4,accuracy,0.5064935064935064,,combined_only_tf_real_seed0,celltype_sanity_check,77.0
2,5,accuracy,0.3815789473684211,,combined_only_tf_real_seed0,celltype_sanity_check,76.0
3,0,accuracy,0.5064935064935064,,combined_only_tf_real_seed0,celltype_sanity_check,77.0
3,1,accuracy,0.3116883116883117,,combined_only_tf_real_seed0,celltype_sanity_check,77.0
3,2,accuracy,0.38961038961038963,,combined_only_tf_real_seed0,celltype_sanity_check,77.0
3,3,accuracy,0.36363636363636365,,combined_only_tf_real_seed0,celltype_sanity_check,77.0
3,4,accuracy,0.4342105263157895,,combined_only_tf_real_seed0,celltype_sanity_check,76.0
3,5,accuracy,0.36363636363636365,,combined_only_tf_real_seed0,celltype_sanity_check,77.0
4,0,accuracy,0.44155844155844154,,combined_only_tf_real_seed0,celltype_sanity_check,77.0
4,1,accuracy,0.3246753246753247,,combined_only_tf_real_seed0,celltype_sanity_check,77.0
4,2,accuracy,0.35064935064935066,,combined_only_tf_real_seed0,celltype_sanity_check,77.0
4,3,accuracy,0.5064935064935064,,combined_only_tf_real_seed0,celltype_sanity_check,77.0
4,4,accuracy,0.37662337662337664,,combined_only_tf_real_seed0,celltype_sanity_check,77.0
4,5,accuracy,0.39473684210526316,,combined_only_tf_real_seed0,celltype_sanity_check,76.0
0,0,accuracy,0.8333333333333334,6.0,combined_only_epi_real_seed0,disease_status,
0,0,auroc,0.6666666666666666,6.0,combined_only_epi_real_seed0,disease_status,
0,1,accuracy,0.5,6.0,combined_only_epi_real_seed0,disease_status,
0,1,auroc,0.5555555555555556,6.0,combined_only_epi_real_seed0,disease_status,
0,2,accuracy,0.3333333333333333,6.0,combined_only_epi_real_seed0,disease_status,
0,2,auroc,0.5555555555555556,6.0,combined_only_epi_real_seed0,disease_status,
0,3,accuracy,0.6666666666666666,6.0,combined_only_epi_real_seed0,disease_status,
0,3,auroc,0.33333333333333337,6.0,combined_only_epi_real_seed0,disease_status,
0,4,accuracy,0.3333333333333333,6.0,combined_only_epi_real_seed0,disease_status,
0,4,auroc,0.4444444444444445,6.0,combined_only_epi_real_seed0,disease_status,
0,5,accuracy,0.6666666666666666,6.0,combined_only_epi_real_seed0,disease_status,
0,5,auroc,0.888888888888889,6.0,combined_only_epi_real_seed0,disease_status,
1,0,accuracy,0.3333333333333333,6.0,combined_only_epi_real_seed0,disease_status,
1,0,auroc,0.0,6.0,combined_only_epi_real_seed0,disease_status,
1,1,accuracy,0.3333333333333333,6.0,combined_only_epi_real_seed0,disease_status,
1,1,auroc,0.0,6.0,combined_only_epi_real_seed0,disease_status,
1,2,accuracy,0.6666666666666666,6.0,combined_only_epi_real_seed0,disease_status,
1,2,auroc,0.6666666666666667,6.0,combined_only_epi_real_seed0,disease_status,
1,3,accuracy,0.5,6.0,combined_only_epi_real_seed0,disease_status,
1,3,auroc,0.4444444444444445,6.0,combined_only_epi_real_seed0,disease_status,
1,4,accuracy,0.6666666666666666,6.0,combined_only_epi_real_seed0,disease_status,
1,4,auroc,0.888888888888889,6.0,combined_only_epi_real_seed0,disease_status,
1,5,accuracy,0.5,6.0,combined_only_epi_real_seed0,disease_status,
1,5,auroc,0.3333333333333333,6.0,combined_only_epi_real_seed0,disease_status,
2,0,accuracy,0.5,6.0,combined_only_epi_real_seed0,disease_status,
2,0,auroc,0.22222222222222224,6.0,combined_only_epi_real_seed0,disease_status,
2,1,accuracy,0.8333333333333334,6.0,combined_only_epi_real_seed0,disease_status,
2,1,auroc,0.888888888888889,6.0,combined_only_epi_real_seed0,disease_status,
2,2,accuracy,0.5,6.0,combined_only_epi_real_seed0,disease_status,
2,2,auroc,0.5555555555555556,6.0,combined_only_epi_real_seed0,disease_status,
2,3,accuracy,0.6666666666666666,6.0,combined_only_epi_real_seed0,disease_status,
2,3,auroc,0.6666666666666666,6.0,combined_only_epi_real_seed0,disease_status,
2,4,accuracy,0.3333333333333333,6.0,combined_only_epi_real_seed0,disease_status,
2,4,auroc,0.22222222222222224,6.0,combined_only_epi_real_seed0,disease_status,
2,5,accuracy,0.6666666666666666,6.0,combined_only_epi_real_seed0,disease_status,
2,5,auroc,0.888888888888889,6.0,combined_only_epi_real_seed0,disease_status,
3,0,accuracy,0.5,6.0,combined_only_epi_real_seed0,disease_status,
3,0,auroc,0.4444444444444445,6.0,combined_only_epi_real_seed0,disease_status,
3,1,accuracy,0.8333333333333334,6.0,combined_only_epi_real_seed0,disease_status,
3,1,auroc,0.7777777777777778,6.0,combined_only_epi_real_seed0,disease_status,
3,2,accuracy,0.5,6.0,combined_only_epi_real_seed0,disease_status,
3,2,auroc,0.33333333333333337,6.0,combined_only_epi_real_seed0,disease_status,
3,3,accuracy,0.6666666666666666,6.0,combined_only_epi_real_seed0,disease_status,
3,3,auroc,0.6666666666666667,6.0,combined_only_epi_real_seed0,disease_status,
3,4,accuracy,0.3333333333333333,6.0,combined_only_epi_real_seed0,disease_status,
3,4,auroc,0.5555555555555556,6.0,combined_only_epi_real_seed0,disease_status,
3,5,accuracy,0.3333333333333333,6.0,combined_only_epi_real_seed0,disease_status,
3,5,auroc,0.22222222222222224,6.0,combined_only_epi_real_seed0,disease_status,
4,0,accuracy,0.5,6.0,combined_only_epi_real_seed0,disease_status,
4,0,auroc,0.4444444444444445,6.0,combined_only_epi_real_seed0,disease_status,
4,1,accuracy,0.5,6.0,combined_only_epi_real_seed0,disease_status,
4,1,auroc,0.4444444444444444,6.0,combined_only_epi_real_seed0,disease_status,
4,2,accuracy,0.8333333333333334,6.0,combined_only_epi_real_seed0,disease_status,
4,2,auroc,0.7777777777777779,6.0,combined_only_epi_real_seed0,disease_status,
4,3,accuracy,0.3333333333333333,6.0,combined_only_epi_real_seed0,disease_status,
4,3,auroc,0.3333333333333333,6.0,combined_only_epi_real_seed0,disease_status,
4,4,accuracy,0.8333333333333334,6.0,combined_only_epi_real_seed0,disease_status,
4,4,auroc,0.7777777777777778,6.0,combined_only_epi_real_seed0,disease_status,
4,5,accuracy,0.3333333333333333,6.0,combined_only_epi_real_seed0,disease_status,
4,5,auroc,0.22222222222222224,6.0,combined_only_epi_real_seed0,disease_status,
0,0,accuracy,0.6666666666666666,6.0,combined_only_epi_real_seed0,sex_sanity_check,
0,0,auroc,0.8,6.0,combined_only_epi_real_seed0,sex_sanity_check,
0,1,accuracy,0.3333333333333333,6.0,combined_only_epi_real_seed0,sex_sanity_check,
0,1,auroc,0.375,6.0,combined_only_epi_real_seed0,sex_sanity_check,
0,2,accuracy,0.5,6.0,combined_only_epi_real_seed0,sex_sanity_check,
0,2,auroc,0.75,6.0,combined_only_epi_real_seed0,sex_sanity_check,
0,3,accuracy,0.8333333333333334,6.0,combined_only_epi_real_seed0,sex_sanity_check,
0,3,auroc,0.2,6.0,combined_only_epi_real_seed0,sex_sanity_check,
0,4,accuracy,0.5,6.0,combined_only_epi_real_seed0,sex_sanity_check,
0,4,auroc,0.4444444444444444,6.0,combined_only_epi_real_seed0,sex_sanity_check,
0,5,accuracy,0.5,6.0,combined_only_epi_real_seed0,sex_sanity_check,
0,5,auroc,0.7777777777777779,6.0,combined_only_epi_real_seed0,sex_sanity_check,
1,0,accuracy,0.5,6.0,combined_only_epi_real_seed0,sex_sanity_check,
1,0,auroc,0.375,6.0,combined_only_epi_real_seed0,sex_sanity_check,
1,1,accuracy,0.6666666666666666,6.0,combined_only_epi_real_seed0,sex_sanity_check,
1,1,auroc,1.0,6.0,combined_only_epi_real_seed0,sex_sanity_check,
1,2,accuracy,0.5,6.0,combined_only_epi_real_seed0,sex_sanity_check,
1,2,auroc,0.4444444444444445,6.0,combined_only_epi_real_seed0,sex_sanity_check,
1,3,accuracy,0.6666666666666666,6.0,combined_only_epi_real_seed0,sex_sanity_check,
1,3,auroc,0.75,6.0,combined_only_epi_real_seed0,sex_sanity_check,
1,4,accuracy,0.6666666666666666,6.0,combined_only_epi_real_seed0,sex_sanity_check,
1,4,auroc,1.0,6.0,combined_only_epi_real_seed0,sex_sanity_check,
1,5,accuracy,0.6666666666666666,6.0,combined_only_epi_real_seed0,sex_sanity_check,
1,5,auroc,0.625,6.0,combined_only_epi_real_seed0,sex_sanity_check,
2,0,accuracy,0.6666666666666666,6.0,combined_only_epi_real_seed0,sex_sanity_check,
2,0,auroc,0.75,6.0,combined_only_epi_real_seed0,sex_sanity_check,
2,1,accuracy,0.6666666666666666,6.0,combined_only_epi_real_seed0,sex_sanity_check,
2,1,auroc,1.0,6.0,combined_only_epi_real_seed0,sex_sanity_check,
2,2,accuracy,0.5,6.0,combined_only_epi_real_seed0,sex_sanity_check,
2,2,auroc,0.75,6.0,combined_only_epi_real_seed0,sex_sanity_check,
2,3,accuracy,0.8333333333333334,6.0,combined_only_epi_real_seed0,sex_sanity_check,
2,3,auroc,0.4,6.0,combined_only_epi_real_seed0,sex_sanity_check,
2,4,accuracy,0.3333333333333333,6.0,combined_only_epi_real_seed0,sex_sanity_check,
2,4,auroc,,6.0,combined_only_epi_real_seed0,sex_sanity_check,
2,5,accuracy,0.5,6.0,combined_only_epi_real_seed0,sex_sanity_check,
2,5,auroc,0.5,6.0,combined_only_epi_real_seed0,sex_sanity_check,
3,0,accuracy,0.5,6.0,combined_only_epi_real_seed0,sex_sanity_check,
3,0,auroc,0.7777777777777778,6.0,combined_only_epi_real_seed0,sex_sanity_check,
3,1,accuracy,0.8333333333333334,6.0,combined_only_epi_real_seed0,sex_sanity_check,
3,1,auroc,0.8,6.0,combined_only_epi_real_seed0,sex_sanity_check,
3,2,accuracy,0.6666666666666666,6.0,combined_only_epi_real_seed0,sex_sanity_check,
3,2,auroc,0.5,6.0,combined_only_epi_real_seed0,sex_sanity_check,
3,3,accuracy,0.16666666666666666,6.0,combined_only_epi_real_seed0,sex_sanity_check,
3,3,auroc,0.22222222222222224,6.0,combined_only_epi_real_seed0,sex_sanity_check,
3,4,accuracy,0.6666666666666666,6.0,combined_only_epi_real_seed0,sex_sanity_check,
3,4,auroc,0.8,6.0,combined_only_epi_real_seed0,sex_sanity_check,
3,5,accuracy,0.8333333333333334,6.0,combined_only_epi_real_seed0,sex_sanity_check,
3,5,auroc,0.75,6.0,combined_only_epi_real_seed0,sex_sanity_check,
4,0,accuracy,0.6666666666666666,6.0,combined_only_epi_real_seed0,sex_sanity_check,
4,0,auroc,1.0,6.0,combined_only_epi_real_seed0,sex_sanity_check,
4,1,accuracy,0.3333333333333333,6.0,combined_only_epi_real_seed0,sex_sanity_check,
4,1,auroc,0.375,6.0,combined_only_epi_real_seed0,sex_sanity_check,
4,2,accuracy,0.6666666666666666,6.0,combined_only_epi_real_seed0,sex_sanity_check,
4,2,auroc,0.7777777777777778,6.0,combined_only_epi_real_seed0,sex_sanity_check,
4,3,accuracy,0.16666666666666666,6.0,combined_only_epi_real_seed0,sex_sanity_check,
4,3,auroc,0.0,6.0,combined_only_epi_real_seed0,sex_sanity_check,
4,4,accuracy,0.8333333333333334,6.0,combined_only_epi_real_seed0,sex_sanity_check,
4,4,auroc,1.0,6.0,combined_only_epi_real_seed0,sex_sanity_check,
4,5,accuracy,0.8333333333333334,6.0,combined_only_epi_real_seed0,sex_sanity_check,
4,5,auroc,,6.0,combined_only_epi_real_seed0,sex_sanity_check,
0,0,r2,-1.9019073863832872,,combined_only_epi_real_seed0,lib_size_leakage,
0,1,r2,-0.11169489641851449,,combined_only_epi_real_seed0,lib_size_leakage,
0,2,r2,-1.872024054971595,,combined_only_epi_real_seed0,lib_size_leakage,
0,3,r2,-0.8290028706091908,,combined_only_epi_real_seed0,lib_size_leakage,
0,4,r2,-3.0457737675678693,,combined_only_epi_real_seed0,lib_size_leakage,
0,5,r2,-0.8119113461440097,,combined_only_epi_real_seed0,lib_size_leakage,
1,0,r2,-0.12747916851980756,,combined_only_epi_real_seed0,lib_size_leakage,
1,1,r2,-2.1057609557093286,,combined_only_epi_real_seed0,lib_size_leakage,
1,2,r2,-11.381280148137535,,combined_only_epi_real_seed0,lib_size_leakage,
1,3,r2,-1.7721522013603184,,combined_only_epi_real_seed0,lib_size_leakage,
1,4,r2,-1.0951646941621687,,combined_only_epi_real_seed0,lib_size_leakage,
1,5,r2,-0.7867148002661475,,combined_only_epi_real_seed0,lib_size_leakage,
2,0,r2,-2.960097533846506,,combined_only_epi_real_seed0,lib_size_leakage,
2,1,r2,-1.5629832888321062,,combined_only_epi_real_seed0,lib_size_leakage,
2,2,r2,-0.7534039048329868,,combined_only_epi_real_seed0,lib_size_leakage,
2,3,r2,-0.34274420342234446,,combined_only_epi_real_seed0,lib_size_leakage,
2,4,r2,-2.941280722820245,,combined_only_epi_real_seed0,lib_size_leakage,
2,5,r2,-1.7321985429554725,,combined_only_epi_real_seed0,lib_size_leakage,
3,0,r2,-5.428632792951733,,combined_only_epi_real_seed0,lib_size_leakage,
3,1,r2,-1.0234688895528894,,combined_only_epi_real_seed0,lib_size_leakage,
3,2,r2,-1.9592628293099503,,combined_only_epi_real_seed0,lib_size_leakage,
3,3,r2,-0.8380986990968633,,combined_only_epi_real_seed0,lib_size_leakage,
3,4,r2,-0.8393404137053673,,combined_only_epi_real_seed0,lib_size_leakage,
3,5,r2,-0.5775296795311811,,combined_only_epi_real_seed0,lib_size_leakage,
4,0,r2,-1.7604436639051193,,combined_only_epi_real_seed0,lib_size_leakage,
4,1,r2,-7.629263730353678,,combined_only_epi_real_seed0,lib_size_leakage,
4,2,r2,-0.9479613062207375,,combined_only_epi_real_seed0,lib_size_leakage,
4,3,r2,-1.3824002449932622,,combined_only_epi_real_seed0,lib_size_leakage,
4,4,r2,-0.6039243420379283,,combined_only_epi_real_seed0,lib_size_leakage,
4,5,r2,-0.2581364821314991,,combined_only_epi_real_seed0,lib_size_leakage,
0,0,accuracy,0.2077922077922078,,combined_only_epi_real_seed0,celltype_sanity_check,77.0
0,1,accuracy,0.18181818181818182,,combined_only_epi_real_seed0,celltype_sanity_check,77.0
0,2,accuracy,0.2857142857142857,,combined_only_epi_real_seed0,celltype_sanity_check,77.0
0,3,accuracy,0.2727272727272727,,combined_only_epi_real_seed0,celltype_sanity_check,77.0
0,4,accuracy,0.23376623376623376,,combined_only_epi_real_seed0,celltype_sanity_check,77.0
0,5,accuracy,0.2631578947368421,,combined_only_epi_real_seed0,celltype_sanity_check,76.0
1,0,accuracy,0.14285714285714285,,combined_only_epi_real_seed0,celltype_sanity_check,77.0
1,1,accuracy,0.2597402597402597,,combined_only_epi_real_seed0,celltype_sanity_check,77.0
1,2,accuracy,0.12987012987012986,,combined_only_epi_real_seed0,celltype_sanity_check,77.0
1,3,accuracy,0.2077922077922078,,combined_only_epi_real_seed0,celltype_sanity_check,77.0
1,4,accuracy,0.35064935064935066,,combined_only_epi_real_seed0,celltype_sanity_check,77.0
1,5,accuracy,0.32894736842105265,,combined_only_epi_real_seed0,celltype_sanity_check,76.0
2,0,accuracy,0.33766233766233766,,combined_only_epi_real_seed0,celltype_sanity_check,77.0
2,1,accuracy,0.22077922077922077,,combined_only_epi_real_seed0,celltype_sanity_check,77.0
2,2,accuracy,0.18181818181818182,,combined_only_epi_real_seed0,celltype_sanity_check,77.0
2,3,accuracy,0.22077922077922077,,combined_only_epi_real_seed0,celltype_sanity_check,77.0
2,4,accuracy,0.2077922077922078,,combined_only_epi_real_seed0,celltype_sanity_check,77.0
2,5,accuracy,0.27631578947368424,,combined_only_epi_real_seed0,celltype_sanity_check,76.0
3,0,accuracy,0.2727272727272727,,combined_only_epi_real_seed0,celltype_sanity_check,77.0
3,1,accuracy,0.22077922077922077,,combined_only_epi_real_seed0,celltype_sanity_check,77.0
3,2,accuracy,0.2727272727272727,,combined_only_epi_real_seed0,celltype_sanity_check,77.0
3,3,accuracy,0.23376623376623376,,combined_only_epi_real_seed0,celltype_sanity_check,77.0
3,4,accuracy,0.2236842105263158,,combined_only_epi_real_seed0,celltype_sanity_check,76.0
3,5,accuracy,0.22077922077922077,,combined_only_epi_real_seed0,celltype_sanity_check,77.0
4,0,accuracy,0.23376623376623376,,combined_only_epi_real_seed0,celltype_sanity_check,77.0
4,1,accuracy,0.23376623376623376,,combined_only_epi_real_seed0,celltype_sanity_check,77.0
4,2,accuracy,0.15584415584415584,,combined_only_epi_real_seed0,celltype_sanity_check,77.0
4,3,accuracy,0.3116883116883117,,combined_only_epi_real_seed0,celltype_sanity_check,77.0
4,4,accuracy,0.2727272727272727,,combined_only_epi_real_seed0,celltype_sanity_check,77.0
4,5,accuracy,0.2631578947368421,,combined_only_epi_real_seed0,celltype_sanity_check,76.0
0,0,accuracy,0.3333333333333333,6.0,combined_c1_degree_preserving_seed1,disease_status,
0,0,auroc,0.33333333333333337,6.0,combined_c1_degree_preserving_seed1,disease_status,
0,1,accuracy,0.3333333333333333,6.0,combined_c1_degree_preserving_seed1,disease_status,
0,1,auroc,0.4444444444444445,6.0,combined_c1_degree_preserving_seed1,disease_status,
0,2,accuracy,0.5,6.0,combined_c1_degree_preserving_seed1,disease_status,
0,2,auroc,0.5555555555555556,6.0,combined_c1_degree_preserving_seed1,disease_status,
0,3,accuracy,0.6666666666666666,6.0,combined_c1_degree_preserving_seed1,disease_status,
0,3,auroc,0.6666666666666667,6.0,combined_c1_degree_preserving_seed1,disease_status,
0,4,accuracy,0.6666666666666666,6.0,combined_c1_degree_preserving_seed1,disease_status,
0,4,auroc,0.6666666666666667,6.0,combined_c1_degree_preserving_seed1,disease_status,
0,5,accuracy,0.5,6.0,combined_c1_degree_preserving_seed1,disease_status,
0,5,auroc,0.5555555555555556,6.0,combined_c1_degree_preserving_seed1,disease_status,
1,0,accuracy,0.3333333333333333,6.0,combined_c1_degree_preserving_seed1,disease_status,
1,0,auroc,0.4444444444444445,6.0,combined_c1_degree_preserving_seed1,disease_status,
1,1,accuracy,0.5,6.0,combined_c1_degree_preserving_seed1,disease_status,
1,1,auroc,0.22222222222222224,6.0,combined_c1_degree_preserving_seed1,disease_status,
1,2,accuracy,0.6666666666666666,6.0,combined_c1_degree_preserving_seed1,disease_status,
1,2,auroc,0.33333333333333337,6.0,combined_c1_degree_preserving_seed1,disease_status,
1,3,accuracy,0.3333333333333333,6.0,combined_c1_degree_preserving_seed1,disease_status,
1,3,auroc,0.4444444444444444,6.0,combined_c1_degree_preserving_seed1,disease_status,
1,4,accuracy,0.6666666666666666,6.0,combined_c1_degree_preserving_seed1,disease_status,
1,4,auroc,0.4444444444444445,6.0,combined_c1_degree_preserving_seed1,disease_status,
1,5,accuracy,0.5,6.0,combined_c1_degree_preserving_seed1,disease_status,
1,5,auroc,0.6666666666666666,6.0,combined_c1_degree_preserving_seed1,disease_status,
2,0,accuracy,0.16666666666666666,6.0,combined_c1_degree_preserving_seed1,disease_status,
2,0,auroc,0.11111111111111112,6.0,combined_c1_degree_preserving_seed1,disease_status,
2,1,accuracy,0.5,6.0,combined_c1_degree_preserving_seed1,disease_status,
2,1,auroc,0.7777777777777779,6.0,combined_c1_degree_preserving_seed1,disease_status,
2,2,accuracy,0.6666666666666666,6.0,combined_c1_degree_preserving_seed1,disease_status,
2,2,auroc,0.6666666666666667,6.0,combined_c1_degree_preserving_seed1,disease_status,
2,3,accuracy,0.5,6.0,combined_c1_degree_preserving_seed1,disease_status,
2,3,auroc,0.5555555555555556,6.0,combined_c1_degree_preserving_seed1,disease_status,
2,4,accuracy,0.8333333333333334,6.0,combined_c1_degree_preserving_seed1,disease_status,
2,4,auroc,0.6666666666666666,6.0,combined_c1_degree_preserving_seed1,disease_status,
2,5,accuracy,0.5,6.0,combined_c1_degree_preserving_seed1,disease_status,
2,5,auroc,0.4444444444444445,6.0,combined_c1_degree_preserving_seed1,disease_status,
3,0,accuracy,0.5,6.0,combined_c1_degree_preserving_seed1,disease_status,
3,0,auroc,0.4444444444444445,6.0,combined_c1_degree_preserving_seed1,disease_status,
3,1,accuracy,0.3333333333333333,6.0,combined_c1_degree_preserving_seed1,disease_status,
3,1,auroc,0.22222222222222224,6.0,combined_c1_degree_preserving_seed1,disease_status,
3,2,accuracy,0.5,6.0,combined_c1_degree_preserving_seed1,disease_status,
3,2,auroc,0.4444444444444445,6.0,combined_c1_degree_preserving_seed1,disease_status,
3,3,accuracy,0.5,6.0,combined_c1_degree_preserving_seed1,disease_status,
3,3,auroc,0.7777777777777779,6.0,combined_c1_degree_preserving_seed1,disease_status,
3,4,accuracy,0.6666666666666666,6.0,combined_c1_degree_preserving_seed1,disease_status,
3,4,auroc,0.7777777777777778,6.0,combined_c1_degree_preserving_seed1,disease_status,
3,5,accuracy,0.3333333333333333,6.0,combined_c1_degree_preserving_seed1,disease_status,
3,5,auroc,0.3333333333333333,6.0,combined_c1_degree_preserving_seed1,disease_status,
4,0,accuracy,0.3333333333333333,6.0,combined_c1_degree_preserving_seed1,disease_status,
4,0,auroc,0.5555555555555556,6.0,combined_c1_degree_preserving_seed1,disease_status,
4,1,accuracy,0.5,6.0,combined_c1_degree_preserving_seed1,disease_status,
4,1,auroc,0.33333333333333337,6.0,combined_c1_degree_preserving_seed1,disease_status,
4,2,accuracy,0.8333333333333334,6.0,combined_c1_degree_preserving_seed1,disease_status,
4,2,auroc,0.7777777777777778,6.0,combined_c1_degree_preserving_seed1,disease_status,
4,3,accuracy,0.5,6.0,combined_c1_degree_preserving_seed1,disease_status,
4,3,auroc,0.3333333333333333,6.0,combined_c1_degree_preserving_seed1,disease_status,
4,4,accuracy,0.5,6.0,combined_c1_degree_preserving_seed1,disease_status,
4,4,auroc,0.5555555555555556,6.0,combined_c1_degree_preserving_seed1,disease_status,
4,5,accuracy,0.3333333333333333,6.0,combined_c1_degree_preserving_seed1,disease_status,
4,5,auroc,0.33333333333333337,6.0,combined_c1_degree_preserving_seed1,disease_status,
0,0,accuracy,0.6666666666666666,6.0,combined_c1_degree_preserving_seed1,sex_sanity_check,
0,0,auroc,0.8,6.0,combined_c1_degree_preserving_seed1,sex_sanity_check,
0,1,accuracy,0.3333333333333333,6.0,combined_c1_degree_preserving_seed1,sex_sanity_check,
0,1,auroc,0.375,6.0,combined_c1_degree_preserving_seed1,sex_sanity_check,
0,2,accuracy,0.8333333333333334,6.0,combined_c1_degree_preserving_seed1,sex_sanity_check,
0,2,auroc,0.875,6.0,combined_c1_degree_preserving_seed1,sex_sanity_check,
0,3,accuracy,0.6666666666666666,6.0,combined_c1_degree_preserving_seed1,sex_sanity_check,
0,3,auroc,0.6,6.0,combined_c1_degree_preserving_seed1,sex_sanity_check,
0,4,accuracy,0.8333333333333334,6.0,combined_c1_degree_preserving_seed1,sex_sanity_check,
0,4,auroc,0.7777777777777779,6.0,combined_c1_degree_preserving_seed1,sex_sanity_check,
0,5,accuracy,0.5,6.0,combined_c1_degree_preserving_seed1,sex_sanity_check,
0,5,auroc,0.7777777777777779,6.0,combined_c1_degree_preserving_seed1,sex_sanity_check,
1,0,accuracy,0.5,6.0,combined_c1_degree_preserving_seed1,sex_sanity_check,
1,0,auroc,0.625,6.0,combined_c1_degree_preserving_seed1,sex_sanity_check,
1,1,accuracy,0.5,6.0,combined_c1_degree_preserving_seed1,sex_sanity_check,
1,1,auroc,0.8,6.0,combined_c1_degree_preserving_seed1,sex_sanity_check,
1,2,accuracy,0.8333333333333334,6.0,combined_c1_degree_preserving_seed1,sex_sanity_check,
1,2,auroc,1.0,6.0,combined_c1_degree_preserving_seed1,sex_sanity_check,
1,3,accuracy,0.6666666666666666,6.0,combined_c1_degree_preserving_seed1,sex_sanity_check,
1,3,auroc,1.0,6.0,combined_c1_degree_preserving_seed1,sex_sanity_check,
1,4,accuracy,0.8333333333333334,6.0,combined_c1_degree_preserving_seed1,sex_sanity_check,
1,4,auroc,0.875,6.0,combined_c1_degree_preserving_seed1,sex_sanity_check,
1,5,accuracy,0.6666666666666666,6.0,combined_c1_degree_preserving_seed1,sex_sanity_check,
1,5,auroc,0.75,6.0,combined_c1_degree_preserving_seed1,sex_sanity_check,
2,0,accuracy,0.8333333333333334,6.0,combined_c1_degree_preserving_seed1,sex_sanity_check,
2,0,auroc,1.0,6.0,combined_c1_degree_preserving_seed1,sex_sanity_check,
2,1,accuracy,0.6666666666666666,6.0,combined_c1_degree_preserving_seed1,sex_sanity_check,
2,1,auroc,1.0,6.0,combined_c1_degree_preserving_seed1,sex_sanity_check,
2,2,accuracy,0.6666666666666666,6.0,combined_c1_degree_preserving_seed1,sex_sanity_check,
2,2,auroc,0.625,6.0,combined_c1_degree_preserving_seed1,sex_sanity_check,
2,3,accuracy,0.6666666666666666,6.0,combined_c1_degree_preserving_seed1,sex_sanity_check,
2,3,auroc,0.8,6.0,combined_c1_degree_preserving_seed1,sex_sanity_check,
2,4,accuracy,0.16666666666666666,6.0,combined_c1_degree_preserving_seed1,sex_sanity_check,
2,4,auroc,,6.0,combined_c1_degree_preserving_seed1,sex_sanity_check,
2,5,accuracy,0.6666666666666666,6.0,combined_c1_degree_preserving_seed1,sex_sanity_check,
2,5,auroc,0.5,6.0,combined_c1_degree_preserving_seed1,sex_sanity_check,
3,0,accuracy,0.5,6.0,combined_c1_degree_preserving_seed1,sex_sanity_check,
3,0,auroc,0.7777777777777778,6.0,combined_c1_degree_preserving_seed1,sex_sanity_check,
3,1,accuracy,0.6666666666666666,6.0,combined_c1_degree_preserving_seed1,sex_sanity_check,
3,1,auroc,0.8,6.0,combined_c1_degree_preserving_seed1,sex_sanity_check,
3,2,accuracy,0.6666666666666666,6.0,combined_c1_degree_preserving_seed1,sex_sanity_check,
3,2,auroc,0.5,6.0,combined_c1_degree_preserving_seed1,sex_sanity_check,
3,3,accuracy,0.5,6.0,combined_c1_degree_preserving_seed1,sex_sanity_check,
3,3,auroc,0.4444444444444444,6.0,combined_c1_degree_preserving_seed1,sex_sanity_check,
3,4,accuracy,0.8333333333333334,6.0,combined_c1_degree_preserving_seed1,sex_sanity_check,
3,4,auroc,0.8,6.0,combined_c1_degree_preserving_seed1,sex_sanity_check,
3,5,accuracy,0.5,6.0,combined_c1_degree_preserving_seed1,sex_sanity_check,
3,5,auroc,0.75,6.0,combined_c1_degree_preserving_seed1,sex_sanity_check,
4,0,accuracy,0.8333333333333334,6.0,combined_c1_degree_preserving_seed1,sex_sanity_check,
4,0,auroc,1.0,6.0,combined_c1_degree_preserving_seed1,sex_sanity_check,
4,1,accuracy,0.8333333333333334,6.0,combined_c1_degree_preserving_seed1,sex_sanity_check,
4,1,auroc,0.625,6.0,combined_c1_degree_preserving_seed1,sex_sanity_check,
4,2,accuracy,0.5,6.0,combined_c1_degree_preserving_seed1,sex_sanity_check,
4,2,auroc,0.888888888888889,6.0,combined_c1_degree_preserving_seed1,sex_sanity_check,
4,3,accuracy,0.16666666666666666,6.0,combined_c1_degree_preserving_seed1,sex_sanity_check,
4,3,auroc,0.0,6.0,combined_c1_degree_preserving_seed1,sex_sanity_check,
4,4,accuracy,0.8333333333333334,6.0,combined_c1_degree_preserving_seed1,sex_sanity_check,
4,4,auroc,1.0,6.0,combined_c1_degree_preserving_seed1,sex_sanity_check,
4,5,accuracy,0.8333333333333334,6.0,combined_c1_degree_preserving_seed1,sex_sanity_check,
4,5,auroc,,6.0,combined_c1_degree_preserving_seed1,sex_sanity_check,
0,0,r2,-2.06504571376716,,combined_c1_degree_preserving_seed1,lib_size_leakage,
0,1,r2,0.031926653344483746,,combined_c1_degree_preserving_seed1,lib_size_leakage,
0,2,r2,-0.9462415881479298,,combined_c1_degree_preserving_seed1,lib_size_leakage,
0,3,r2,-1.1905441694709706,,combined_c1_degree_preserving_seed1,lib_size_leakage,
0,4,r2,-3.588884570654363,,combined_c1_degree_preserving_seed1,lib_size_leakage,
0,5,r2,-0.8032495449356145,,combined_c1_degree_preserving_seed1,lib_size_leakage,
1,0,r2,-0.2936101921242271,,combined_c1_degree_preserving_seed1,lib_size_leakage,
1,1,r2,-1.2707472854854585,,combined_c1_degree_preserving_seed1,lib_size_leakage,
1,2,r2,-7.788895687382164,,combined_c1_degree_preserving_seed1,lib_size_leakage,
1,3,r2,-1.4954904385837287,,combined_c1_degree_preserving_seed1,lib_size_leakage,
1,4,r2,-0.8301503439177678,,combined_c1_degree_preserving_seed1,lib_size_leakage,
1,5,r2,-0.8057053201607267,,combined_c1_degree_preserving_seed1,lib_size_leakage,
2,0,r2,-0.7940613491887902,,combined_c1_degree_preserving_seed1,lib_size_leakage,
2,1,r2,-2.4077888479209224,,combined_c1_degree_preserving_seed1,lib_size_leakage,
2,2,r2,-1.4410222608319763,,combined_c1_degree_preserving_seed1,lib_size_leakage,
2,3,r2,0.18643915643224096,,combined_c1_degree_preserving_seed1,lib_size_leakage,
2,4,r2,-4.118990698741113,,combined_c1_degree_preserving_seed1,lib_size_leakage,
2,5,r2,-1.1038732117635104,,combined_c1_degree_preserving_seed1,lib_size_leakage,
3,0,r2,-4.6153789889700345,,combined_c1_degree_preserving_seed1,lib_size_leakage,
3,1,r2,-1.0660354987721181,,combined_c1_degree_preserving_seed1,lib_size_leakage,
3,2,r2,-0.7276451536144557,,combined_c1_degree_preserving_seed1,lib_size_leakage,
3,3,r2,-0.4129973021996822,,combined_c1_degree_preserving_seed1,lib_size_leakage,
3,4,r2,-0.40454952179549974,,combined_c1_degree_preserving_seed1,lib_size_leakage,
3,5,r2,-0.6752781842564155,,combined_c1_degree_preserving_seed1,lib_size_leakage,
4,0,r2,-0.8750523596847981,,combined_c1_degree_preserving_seed1,lib_size_leakage,
4,1,r2,-8.984497895642926,,combined_c1_degree_preserving_seed1,lib_size_leakage,
4,2,r2,-2.00973187573109,,combined_c1_degree_preserving_seed1,lib_size_leakage,
4,3,r2,-0.7926281834770246,,combined_c1_degree_preserving_seed1,lib_size_leakage,
4,4,r2,-0.9462932337845888,,combined_c1_degree_preserving_seed1,lib_size_leakage,
4,5,r2,-0.1569983121337144,,combined_c1_degree_preserving_seed1,lib_size_leakage,
0,0,accuracy,0.2727272727272727,,combined_c1_degree_preserving_seed1,celltype_sanity_check,77.0
0,1,accuracy,0.2987012987012987,,combined_c1_degree_preserving_seed1,celltype_sanity_check,77.0
0,2,accuracy,0.2857142857142857,,combined_c1_degree_preserving_seed1,celltype_sanity_check,77.0
0,3,accuracy,0.36363636363636365,,combined_c1_degree_preserving_seed1,celltype_sanity_check,77.0
0,4,accuracy,0.33766233766233766,,combined_c1_degree_preserving_seed1,celltype_sanity_check,77.0
0,5,accuracy,0.39473684210526316,,combined_c1_degree_preserving_seed1,celltype_sanity_check,76.0
1,0,accuracy,0.3246753246753247,,combined_c1_degree_preserving_seed1,celltype_sanity_check,77.0
1,1,accuracy,0.3246753246753247,,combined_c1_degree_preserving_seed1,celltype_sanity_check,77.0
1,2,accuracy,0.2727272727272727,,combined_c1_degree_preserving_seed1,celltype_sanity_check,77.0
1,3,accuracy,0.4155844155844156,,combined_c1_degree_preserving_seed1,celltype_sanity_check,77.0
1,4,accuracy,0.3116883116883117,,combined_c1_degree_preserving_seed1,celltype_sanity_check,77.0
1,5,accuracy,0.3684210526315789,,combined_c1_degree_preserving_seed1,celltype_sanity_check,76.0
2,0,accuracy,0.37662337662337664,,combined_c1_degree_preserving_seed1,celltype_sanity_check,77.0
2,1,accuracy,0.2727272727272727,,combined_c1_degree_preserving_seed1,celltype_sanity_check,77.0
2,2,accuracy,0.2857142857142857,,combined_c1_degree_preserving_seed1,celltype_sanity_check,77.0
2,3,accuracy,0.36363636363636365,,combined_c1_degree_preserving_seed1,celltype_sanity_check,77.0
2,4,accuracy,0.37662337662337664,,combined_c1_degree_preserving_seed1,celltype_sanity_check,77.0
2,5,accuracy,0.2631578947368421,,combined_c1_degree_preserving_seed1,celltype_sanity_check,76.0
3,0,accuracy,0.35064935064935066,,combined_c1_degree_preserving_seed1,celltype_sanity_check,77.0
3,1,accuracy,0.3246753246753247,,combined_c1_degree_preserving_seed1,celltype_sanity_check,77.0
3,2,accuracy,0.3246753246753247,,combined_c1_degree_preserving_seed1,celltype_sanity_check,77.0
3,3,accuracy,0.37662337662337664,,combined_c1_degree_preserving_seed1,celltype_sanity_check,77.0
3,4,accuracy,0.3157894736842105,,combined_c1_degree_preserving_seed1,celltype_sanity_check,76.0
3,5,accuracy,0.3246753246753247,,combined_c1_degree_preserving_seed1,celltype_sanity_check,77.0
4,0,accuracy,0.35064935064935066,,combined_c1_degree_preserving_seed1,celltype_sanity_check,77.0
4,1,accuracy,0.3246753246753247,,combined_c1_degree_preserving_seed1,celltype_sanity_check,77.0
4,2,accuracy,0.33766233766233766,,combined_c1_degree_preserving_seed1,celltype_sanity_check,77.0
4,3,accuracy,0.35064935064935066,,combined_c1_degree_preserving_seed1,celltype_sanity_check,77.0
4,4,accuracy,0.2987012987012987,,combined_c1_degree_preserving_seed1,celltype_sanity_check,77.0
4,5,accuracy,0.3157894736842105,,combined_c1_degree_preserving_seed1,celltype_sanity_check,76.0
0,0,accuracy,0.6666666666666666,6.0,combined_c2_fully_random_seed1,disease_status,
0,0,auroc,0.6666666666666666,6.0,combined_c2_fully_random_seed1,disease_status,
0,1,accuracy,0.6666666666666666,6.0,combined_c2_fully_random_seed1,disease_status,
0,1,auroc,0.888888888888889,6.0,combined_c2_fully_random_seed1,disease_status,
0,2,accuracy,0.5,6.0,combined_c2_fully_random_seed1,disease_status,
0,2,auroc,0.3333333333333333,6.0,combined_c2_fully_random_seed1,disease_status,
0,3,accuracy,0.5,6.0,combined_c2_fully_random_seed1,disease_status,
0,3,auroc,0.22222222222222224,6.0,combined_c2_fully_random_seed1,disease_status,
0,4,accuracy,0.5,6.0,combined_c2_fully_random_seed1,disease_status,
0,4,auroc,0.5555555555555556,6.0,combined_c2_fully_random_seed1,disease_status,
0,5,accuracy,0.5,6.0,combined_c2_fully_random_seed1,disease_status,
0,5,auroc,0.5555555555555556,6.0,combined_c2_fully_random_seed1,disease_status,
1,0,accuracy,0.5,6.0,combined_c2_fully_random_seed1,disease_status,
1,0,auroc,0.22222222222222224,6.0,combined_c2_fully_random_seed1,disease_status,
1,1,accuracy,0.16666666666666666,6.0,combined_c2_fully_random_seed1,disease_status,
1,1,auroc,0.0,6.0,combined_c2_fully_random_seed1,disease_status,
1,2,accuracy,0.5,6.0,combined_c2_fully_random_seed1,disease_status,
1,2,auroc,0.6666666666666666,6.0,combined_c2_fully_random_seed1,disease_status,
1,3,accuracy,0.8333333333333334,6.0,combined_c2_fully_random_seed1,disease_status,
1,3,auroc,0.7777777777777778,6.0,combined_c2_fully_random_seed1,disease_status,
1,4,accuracy,0.3333333333333333,6.0,combined_c2_fully_random_seed1,disease_status,
1,4,auroc,0.22222222222222224,6.0,combined_c2_fully_random_seed1,disease_status,
1,5,accuracy,0.3333333333333333,6.0,combined_c2_fully_random_seed1,disease_status,
1,5,auroc,0.33333333333333337,6.0,combined_c2_fully_random_seed1,disease_status,
2,0,accuracy,0.3333333333333333,6.0,combined_c2_fully_random_seed1,disease_status,
2,0,auroc,0.0,6.0,combined_c2_fully_random_seed1,disease_status,
2,1,accuracy,0.3333333333333333,6.0,combined_c2_fully_random_seed1,disease_status,
2,1,auroc,0.6666666666666666,6.0,combined_c2_fully_random_seed1,disease_status,
2,2,accuracy,0.6666666666666666,6.0,combined_c2_fully_random_seed1,disease_status,
2,2,auroc,0.4444444444444445,6.0,combined_c2_fully_random_seed1,disease_status,
2,3,accuracy,0.3333333333333333,6.0,combined_c2_fully_random_seed1,disease_status,
2,3,auroc,0.6666666666666666,6.0,combined_c2_fully_random_seed1,disease_status,
2,4,accuracy,0.6666666666666666,6.0,combined_c2_fully_random_seed1,disease_status,
2,4,auroc,0.6666666666666666,6.0,combined_c2_fully_random_seed1,disease_status,
2,5,accuracy,0.6666666666666666,6.0,combined_c2_fully_random_seed1,disease_status,
2,5,auroc,0.7777777777777779,6.0,combined_c2_fully_random_seed1,disease_status,
3,0,accuracy,0.5,6.0,combined_c2_fully_random_seed1,disease_status,
3,0,auroc,0.3333333333333333,6.0,combined_c2_fully_random_seed1,disease_status,
3,1,accuracy,0.3333333333333333,6.0,combined_c2_fully_random_seed1,disease_status,
3,1,auroc,0.6666666666666666,6.0,combined_c2_fully_random_seed1,disease_status,
3,2,accuracy,0.5,6.0,combined_c2_fully_random_seed1,disease_status,
3,2,auroc,0.22222222222222224,6.0,combined_c2_fully_random_seed1,disease_status,
3,3,accuracy,0.5,6.0,combined_c2_fully_random_seed1,disease_status,
3,3,auroc,0.6666666666666667,6.0,combined_c2_fully_random_seed1,disease_status,
3,4,accuracy,0.6666666666666666,6.0,combined_c2_fully_random_seed1,disease_status,
3,4,auroc,0.888888888888889,6.0,combined_c2_fully_random_seed1,disease_status,
3,5,accuracy,0.3333333333333333,6.0,combined_c2_fully_random_seed1,disease_status,
3,5,auroc,0.22222222222222224,6.0,combined_c2_fully_random_seed1,disease_status,
4,0,accuracy,0.3333333333333333,6.0,combined_c2_fully_random_seed1,disease_status,
4,0,auroc,0.22222222222222224,6.0,combined_c2_fully_random_seed1,disease_status,
4,1,accuracy,0.6666666666666666,6.0,combined_c2_fully_random_seed1,disease_status,
4,1,auroc,0.7777777777777779,6.0,combined_c2_fully_random_seed1,disease_status,
4,2,accuracy,1.0,6.0,combined_c2_fully_random_seed1,disease_status,
4,2,auroc,1.0,6.0,combined_c2_fully_random_seed1,disease_status,
4,3,accuracy,0.5,6.0,combined_c2_fully_random_seed1,disease_status,
4,3,auroc,0.5555555555555556,6.0,combined_c2_fully_random_seed1,disease_status,
4,4,accuracy,0.3333333333333333,6.0,combined_c2_fully_random_seed1,disease_status,
4,4,auroc,0.22222222222222224,6.0,combined_c2_fully_random_seed1,disease_status,
4,5,accuracy,0.16666666666666666,6.0,combined_c2_fully_random_seed1,disease_status,
4,5,auroc,0.22222222222222224,6.0,combined_c2_fully_random_seed1,disease_status,
0,0,accuracy,0.8333333333333334,6.0,combined_c2_fully_random_seed1,sex_sanity_check,
0,0,auroc,0.8,6.0,combined_c2_fully_random_seed1,sex_sanity_check,
0,1,accuracy,0.3333333333333333,6.0,combined_c2_fully_random_seed1,sex_sanity_check,
0,1,auroc,0.375,6.0,combined_c2_fully_random_seed1,sex_sanity_check,
0,2,accuracy,0.8333333333333334,6.0,combined_c2_fully_random_seed1,sex_sanity_check,
0,2,auroc,0.875,6.0,combined_c2_fully_random_seed1,sex_sanity_check,
0,3,accuracy,0.6666666666666666,6.0,combined_c2_fully_random_seed1,sex_sanity_check,
0,3,auroc,0.8,6.0,combined_c2_fully_random_seed1,sex_sanity_check,
0,4,accuracy,0.6666666666666666,6.0,combined_c2_fully_random_seed1,sex_sanity_check,
0,4,auroc,0.888888888888889,6.0,combined_c2_fully_random_seed1,sex_sanity_check,
0,5,accuracy,0.5,6.0,combined_c2_fully_random_seed1,sex_sanity_check,
0,5,auroc,0.888888888888889,6.0,combined_c2_fully_random_seed1,sex_sanity_check,
1,0,accuracy,0.5,6.0,combined_c2_fully_random_seed1,sex_sanity_check,
1,0,auroc,0.5,6.0,combined_c2_fully_random_seed1,sex_sanity_check,
1,1,accuracy,0.8333333333333334,6.0,combined_c2_fully_random_seed1,sex_sanity_check,
1,1,auroc,1.0,6.0,combined_c2_fully_random_seed1,sex_sanity_check,
1,2,accuracy,0.5,6.0,combined_c2_fully_random_seed1,sex_sanity_check,
1,2,auroc,0.4444444444444444,6.0,combined_c2_fully_random_seed1,sex_sanity_check,
1,3,accuracy,0.6666666666666666,6.0,combined_c2_fully_random_seed1,sex_sanity_check,
1,3,auroc,0.75,6.0,combined_c2_fully_random_seed1,sex_sanity_check,
1,4,accuracy,0.6666666666666666,6.0,combined_c2_fully_random_seed1,sex_sanity_check,
1,4,auroc,1.0,6.0,combined_c2_fully_random_seed1,sex_sanity_check,
1,5,accuracy,0.6666666666666666,6.0,combined_c2_fully_random_seed1,sex_sanity_check,
1,5,auroc,0.75,6.0,combined_c2_fully_random_seed1,sex_sanity_check,
2,0,accuracy,0.8333333333333334,6.0,combined_c2_fully_random_seed1,sex_sanity_check,
2,0,auroc,1.0,6.0,combined_c2_fully_random_seed1,sex_sanity_check,
2,1,accuracy,0.8333333333333334,6.0,combined_c2_fully_random_seed1,sex_sanity_check,
2,1,auroc,1.0,6.0,combined_c2_fully_random_seed1,sex_sanity_check,
2,2,accuracy,0.6666666666666666,6.0,combined_c2_fully_random_seed1,sex_sanity_check,
2,2,auroc,1.0,6.0,combined_c2_fully_random_seed1,sex_sanity_check,
2,3,accuracy,0.8333333333333334,6.0,combined_c2_fully_random_seed1,sex_sanity_check,
2,3,auroc,0.8,6.0,combined_c2_fully_random_seed1,sex_sanity_check,
2,4,accuracy,0.3333333333333333,6.0,combined_c2_fully_random_seed1,sex_sanity_check,
2,4,auroc,,6.0,combined_c2_fully_random_seed1,sex_sanity_check,
2,5,accuracy,0.3333333333333333,6.0,combined_c2_fully_random_seed1,sex_sanity_check,
2,5,auroc,0.5,6.0,combined_c2_fully_random_seed1,sex_sanity_check,
3,0,accuracy,0.5,6.0,combined_c2_fully_random_seed1,sex_sanity_check,
3,0,auroc,0.7777777777777778,6.0,combined_c2_fully_random_seed1,sex_sanity_check,
3,1,accuracy,0.8333333333333334,6.0,combined_c2_fully_random_seed1,sex_sanity_check,
3,1,auroc,0.8,6.0,combined_c2_fully_random_seed1,sex_sanity_check,
3,2,accuracy,0.8333333333333334,6.0,combined_c2_fully_random_seed1,sex_sanity_check,
3,2,auroc,0.875,6.0,combined_c2_fully_random_seed1,sex_sanity_check,
3,3,accuracy,0.6666666666666666,6.0,combined_c2_fully_random_seed1,sex_sanity_check,
3,3,auroc,0.5555555555555556,6.0,combined_c2_fully_random_seed1,sex_sanity_check,
3,4,accuracy,0.8333333333333334,6.0,combined_c2_fully_random_seed1,sex_sanity_check,
3,4,auroc,0.8,6.0,combined_c2_fully_random_seed1,sex_sanity_check,
3,5,accuracy,0.6666666666666666,6.0,combined_c2_fully_random_seed1,sex_sanity_check,
3,5,auroc,0.75,6.0,combined_c2_fully_random_seed1,sex_sanity_check,
4,0,accuracy,0.8333333333333334,6.0,combined_c2_fully_random_seed1,sex_sanity_check,
4,0,auroc,0.888888888888889,6.0,combined_c2_fully_random_seed1,sex_sanity_check,
4,1,accuracy,0.5,6.0,combined_c2_fully_random_seed1,sex_sanity_check,
4,1,auroc,0.375,6.0,combined_c2_fully_random_seed1,sex_sanity_check,
4,2,accuracy,0.5,6.0,combined_c2_fully_random_seed1,sex_sanity_check,
4,2,auroc,0.888888888888889,6.0,combined_c2_fully_random_seed1,sex_sanity_check,
4,3,accuracy,0.16666666666666666,6.0,combined_c2_fully_random_seed1,sex_sanity_check,
4,3,auroc,0.11111111111111112,6.0,combined_c2_fully_random_seed1,sex_sanity_check,
4,4,accuracy,0.8333333333333334,6.0,combined_c2_fully_random_seed1,sex_sanity_check,
4,4,auroc,0.8,6.0,combined_c2_fully_random_seed1,sex_sanity_check,
4,5,accuracy,0.8333333333333334,6.0,combined_c2_fully_random_seed1,sex_sanity_check,
4,5,auroc,,6.0,combined_c2_fully_random_seed1,sex_sanity_check,
0,0,r2,-3.4721646998198477,,combined_c2_fully_random_seed1,lib_size_leakage,
0,1,r2,-0.08853009119415822,,combined_c2_fully_random_seed1,lib_size_leakage,
0,2,r2,-1.4564444848816738,,combined_c2_fully_random_seed1,lib_size_leakage,
0,3,r2,-1.346016685532848,,combined_c2_fully_random_seed1,lib_size_leakage,
0,4,r2,-4.489340442413698,,combined_c2_fully_random_seed1,lib_size_leakage,
0,5,r2,-1.0243592700274005,,combined_c2_fully_random_seed1,lib_size_leakage,
1,0,r2,-0.15826738661113482,,combined_c2_fully_random_seed1,lib_size_leakage,
1,1,r2,-1.8127864092340058,,combined_c2_fully_random_seed1,lib_size_leakage,
1,2,r2,-13.505224943580112,,combined_c2_fully_random_seed1,lib_size_leakage,
1,3,r2,-1.2903479357784744,,combined_c2_fully_random_seed1,lib_size_leakage,
1,4,r2,-1.2574812692680717,,combined_c2_fully_random_seed1,lib_size_leakage,
1,5,r2,-1.1081699175259798,,combined_c2_fully_random_seed1,lib_size_leakage,
2,0,r2,-1.8101338929550934,,combined_c2_fully_random_seed1,lib_size_leakage,
2,1,r2,-3.9827015103828547,,combined_c2_fully_random_seed1,lib_size_leakage,
2,2,r2,-1.2943912447971164,,combined_c2_fully_random_seed1,lib_size_leakage,
2,3,r2,-0.11699971033469492,,combined_c2_fully_random_seed1,lib_size_leakage,
2,4,r2,-4.261751826118184,,combined_c2_fully_random_seed1,lib_size_leakage,
2,5,r2,-1.4788290972160145,,combined_c2_fully_random_seed1,lib_size_leakage,
3,0,r2,-6.3623831726557265,,combined_c2_fully_random_seed1,lib_size_leakage,
3,1,r2,-2.831261875116589,,combined_c2_fully_random_seed1,lib_size_leakage,
3,2,r2,-1.1657056370744976,,combined_c2_fully_random_seed1,lib_size_leakage,
3,3,r2,-0.8823614909499553,,combined_c2_fully_random_seed1,lib_size_leakage,
3,4,r2,-0.5220061103092293,,combined_c2_fully_random_seed1,lib_size_leakage,
3,5,r2,-1.1787118262942737,,combined_c2_fully_random_seed1,lib_size_leakage,
4,0,r2,-1.195530281686179,,combined_c2_fully_random_seed1,lib_size_leakage,
4,1,r2,-9.032748994598851,,combined_c2_fully_random_seed1,lib_size_leakage,
4,2,r2,-2.168280852838971,,combined_c2_fully_random_seed1,lib_size_leakage,
4,3,r2,-1.6612067846508238,,combined_c2_fully_random_seed1,lib_size_leakage,
4,4,r2,-1.3182232622185177,,combined_c2_fully_random_seed1,lib_size_leakage,
4,5,r2,-0.3742602989770778,,combined_c2_fully_random_seed1,lib_size_leakage,
0,0,accuracy,0.24675324675324675,,combined_c2_fully_random_seed1,celltype_sanity_check,77.0
0,1,accuracy,0.2727272727272727,,combined_c2_fully_random_seed1,celltype_sanity_check,77.0
0,2,accuracy,0.33766233766233766,,combined_c2_fully_random_seed1,celltype_sanity_check,77.0
0,3,accuracy,0.3116883116883117,,combined_c2_fully_random_seed1,celltype_sanity_check,77.0
0,4,accuracy,0.37662337662337664,,combined_c2_fully_random_seed1,celltype_sanity_check,77.0
0,5,accuracy,0.3026315789473684,,combined_c2_fully_random_seed1,celltype_sanity_check,76.0
1,0,accuracy,0.2597402597402597,,combined_c2_fully_random_seed1,celltype_sanity_check,77.0
1,1,accuracy,0.2857142857142857,,combined_c2_fully_random_seed1,celltype_sanity_check,77.0
1,2,accuracy,0.19480519480519481,,combined_c2_fully_random_seed1,celltype_sanity_check,77.0
1,3,accuracy,0.3116883116883117,,combined_c2_fully_random_seed1,celltype_sanity_check,77.0
1,4,accuracy,0.33766233766233766,,combined_c2_fully_random_seed1,celltype_sanity_check,77.0
1,5,accuracy,0.32894736842105265,,combined_c2_fully_random_seed1,celltype_sanity_check,76.0
2,0,accuracy,0.37662337662337664,,combined_c2_fully_random_seed1,celltype_sanity_check,77.0
2,1,accuracy,0.23376623376623376,,combined_c2_fully_random_seed1,celltype_sanity_check,77.0
2,2,accuracy,0.35064935064935066,,combined_c2_fully_random_seed1,celltype_sanity_check,77.0
2,3,accuracy,0.2987012987012987,,combined_c2_fully_random_seed1,celltype_sanity_check,77.0
2,4,accuracy,0.35064935064935066,,combined_c2_fully_random_seed1,celltype_sanity_check,77.0
2,5,accuracy,0.3157894736842105,,combined_c2_fully_random_seed1,celltype_sanity_check,76.0
3,0,accuracy,0.2987012987012987,,combined_c2_fully_random_seed1,celltype_sanity_check,77.0
3,1,accuracy,0.2987012987012987,,combined_c2_fully_random_seed1,celltype_sanity_check,77.0
3,2,accuracy,0.3116883116883117,,combined_c2_fully_random_seed1,celltype_sanity_check,77.0
3,3,accuracy,0.33766233766233766,,combined_c2_fully_random_seed1,celltype_sanity_check,77.0
3,4,accuracy,0.32894736842105265,,combined_c2_fully_random_seed1,celltype_sanity_check,76.0
3,5,accuracy,0.2857142857142857,,combined_c2_fully_random_seed1,celltype_sanity_check,77.0
4,0,accuracy,0.2857142857142857,,combined_c2_fully_random_seed1,celltype_sanity_check,77.0
4,1,accuracy,0.3116883116883117,,combined_c2_fully_random_seed1,celltype_sanity_check,77.0
4,2,accuracy,0.2857142857142857,,combined_c2_fully_random_seed1,celltype_sanity_check,77.0
4,3,accuracy,0.37662337662337664,,combined_c2_fully_random_seed1,celltype_sanity_check,77.0
4,4,accuracy,0.3246753246753247,,combined_c2_fully_random_seed1,celltype_sanity_check,77.0
4,5,accuracy,0.23684210526315788,,combined_c2_fully_random_seed1,celltype_sanity_check,76.0
0,0,accuracy,0.6666666666666666,6.0,combined_only_tf_real_seed1,disease_status,
0,0,auroc,0.5555555555555556,6.0,combined_only_tf_real_seed1,disease_status,
0,1,accuracy,0.8333333333333334,6.0,combined_only_tf_real_seed1,disease_status,
0,1,auroc,1.0,6.0,combined_only_tf_real_seed1,disease_status,
0,2,accuracy,0.5,6.0,combined_only_tf_real_seed1,disease_status,
0,2,auroc,0.4444444444444445,6.0,combined_only_tf_real_seed1,disease_status,
0,3,accuracy,0.5,6.0,combined_only_tf_real_seed1,disease_status,
0,3,auroc,0.33333333333333337,6.0,combined_only_tf_real_seed1,disease_status,
0,4,accuracy,0.6666666666666666,6.0,combined_only_tf_real_seed1,disease_status,
0,4,auroc,0.888888888888889,6.0,combined_only_tf_real_seed1,disease_status,
0,5,accuracy,0.5,6.0,combined_only_tf_real_seed1,disease_status,
0,5,auroc,0.3333333333333333,6.0,combined_only_tf_real_seed1,disease_status,
1,0,accuracy,0.5,6.0,combined_only_tf_real_seed1,disease_status,
1,0,auroc,0.3333333333333333,6.0,combined_only_tf_real_seed1,disease_status,
1,1,accuracy,0.16666666666666666,6.0,combined_only_tf_real_seed1,disease_status,
1,1,auroc,0.11111111111111112,6.0,combined_only_tf_real_seed1,disease_status,
1,2,accuracy,0.5,6.0,combined_only_tf_real_seed1,disease_status,
1,2,auroc,0.7777777777777778,6.0,combined_only_tf_real_seed1,disease_status,
1,3,accuracy,0.3333333333333333,6.0,combined_only_tf_real_seed1,disease_status,
1,3,auroc,0.5555555555555556,6.0,combined_only_tf_real_seed1,disease_status,
1,4,accuracy,0.3333333333333333,6.0,combined_only_tf_real_seed1,disease_status,
1,4,auroc,0.11111111111111112,6.0,combined_only_tf_real_seed1,disease_status,
1,5,accuracy,0.5,6.0,combined_only_tf_real_seed1,disease_status,
1,5,auroc,0.33333333333333337,6.0,combined_only_tf_real_seed1,disease_status,
2,0,accuracy,0.16666666666666666,6.0,combined_only_tf_real_seed1,disease_status,
2,0,auroc,0.11111111111111112,6.0,combined_only_tf_real_seed1,disease_status,
2,1,accuracy,0.5,6.0,combined_only_tf_real_seed1,disease_status,
2,1,auroc,0.5555555555555556,6.0,combined_only_tf_real_seed1,disease_status,
2,2,accuracy,0.5,6.0,combined_only_tf_real_seed1,disease_status,
2,2,auroc,0.4444444444444445,6.0,combined_only_tf_real_seed1,disease_status,
2,3,accuracy,0.6666666666666666,6.0,combined_only_tf_real_seed1,disease_status,
2,3,auroc,0.6666666666666666,6.0,combined_only_tf_real_seed1,disease_status,
2,4,accuracy,0.8333333333333334,6.0,combined_only_tf_real_seed1,disease_status,
2,4,auroc,0.6666666666666666,6.0,combined_only_tf_real_seed1,disease_status,
2,5,accuracy,0.5,6.0,combined_only_tf_real_seed1,disease_status,
2,5,auroc,0.6666666666666666,6.0,combined_only_tf_real_seed1,disease_status,
3,0,accuracy,0.3333333333333333,6.0,combined_only_tf_real_seed1,disease_status,
3,0,auroc,0.22222222222222224,6.0,combined_only_tf_real_seed1,disease_status,
3,1,accuracy,0.3333333333333333,6.0,combined_only_tf_real_seed1,disease_status,
3,1,auroc,0.4444444444444444,6.0,combined_only_tf_real_seed1,disease_status,
3,2,accuracy,0.5,6.0,combined_only_tf_real_seed1,disease_status,
3,2,auroc,0.5555555555555556,6.0,combined_only_tf_real_seed1,disease_status,
3,3,accuracy,0.5,6.0,combined_only_tf_real_seed1,disease_status,
3,3,auroc,0.5555555555555556,6.0,combined_only_tf_real_seed1,disease_status,
3,4,accuracy,0.6666666666666666,6.0,combined_only_tf_real_seed1,disease_status,
3,4,auroc,0.7777777777777778,6.0,combined_only_tf_real_seed1,disease_status,
3,5,accuracy,0.16666666666666666,6.0,combined_only_tf_real_seed1,disease_status,
3,5,auroc,0.0,6.0,combined_only_tf_real_seed1,disease_status,
4,0,accuracy,0.6666666666666666,6.0,combined_only_tf_real_seed1,disease_status,
4,0,auroc,0.5555555555555556,6.0,combined_only_tf_real_seed1,disease_status,
4,1,accuracy,0.6666666666666666,6.0,combined_only_tf_real_seed1,disease_status,
4,1,auroc,0.7777777777777778,6.0,combined_only_tf_real_seed1,disease_status,
4,2,accuracy,0.6666666666666666,6.0,combined_only_tf_real_seed1,disease_status,
4,2,auroc,0.888888888888889,6.0,combined_only_tf_real_seed1,disease_status,
4,3,accuracy,0.5,6.0,combined_only_tf_real_seed1,disease_status,
4,3,auroc,0.5555555555555556,6.0,combined_only_tf_real_seed1,disease_status,
4,4,accuracy,0.5,6.0,combined_only_tf_real_seed1,disease_status,
4,4,auroc,0.5555555555555556,6.0,combined_only_tf_real_seed1,disease_status,
4,5,accuracy,0.16666666666666666,6.0,combined_only_tf_real_seed1,disease_status,
4,5,auroc,0.22222222222222224,6.0,combined_only_tf_real_seed1,disease_status,
0,0,accuracy,0.6666666666666666,6.0,combined_only_tf_real_seed1,sex_sanity_check,
0,0,auroc,0.8,6.0,combined_only_tf_real_seed1,sex_sanity_check,
0,1,accuracy,0.5,6.0,combined_only_tf_real_seed1,sex_sanity_check,
0,1,auroc,0.5,6.0,combined_only_tf_real_seed1,sex_sanity_check,
0,2,accuracy,1.0,6.0,combined_only_tf_real_seed1,sex_sanity_check,
0,2,auroc,1.0,6.0,combined_only_tf_real_seed1,sex_sanity_check,
0,3,accuracy,0.6666666666666666,6.0,combined_only_tf_real_seed1,sex_sanity_check,
0,3,auroc,0.4,6.0,combined_only_tf_real_seed1,sex_sanity_check,
0,4,accuracy,0.5,6.0,combined_only_tf_real_seed1,sex_sanity_check,
0,4,auroc,0.7777777777777779,6.0,combined_only_tf_real_seed1,sex_sanity_check,
0,5,accuracy,0.5,6.0,combined_only_tf_real_seed1,sex_sanity_check,
0,5,auroc,1.0,6.0,combined_only_tf_real_seed1,sex_sanity_check,
1,0,accuracy,0.6666666666666666,6.0,combined_only_tf_real_seed1,sex_sanity_check,
1,0,auroc,0.5,6.0,combined_only_tf_real_seed1,sex_sanity_check,
1,1,accuracy,0.5,6.0,combined_only_tf_real_seed1,sex_sanity_check,
1,1,auroc,1.0,6.0,combined_only_tf_real_seed1,sex_sanity_check,
1,2,accuracy,0.8333333333333334,6.0,combined_only_tf_real_seed1,sex_sanity_check,
1,2,auroc,0.888888888888889,6.0,combined_only_tf_real_seed1,sex_sanity_check,
1,3,accuracy,0.6666666666666666,6.0,combined_only_tf_real_seed1,sex_sanity_check,
1,3,auroc,0.875,6.0,combined_only_tf_real_seed1,sex_sanity_check,
1,4,accuracy,0.8333333333333334,6.0,combined_only_tf_real_seed1,sex_sanity_check,
1,4,auroc,1.0,6.0,combined_only_tf_real_seed1,sex_sanity_check,
1,5,accuracy,0.6666666666666666,6.0,combined_only_tf_real_seed1,sex_sanity_check,
1,5,auroc,0.75,6.0,combined_only_tf_real_seed1,sex_sanity_check,
2,0,accuracy,1.0,6.0,combined_only_tf_real_seed1,sex_sanity_check,
2,0,auroc,1.0,6.0,combined_only_tf_real_seed1,sex_sanity_check,
2,1,accuracy,0.6666666666666666,6.0,combined_only_tf_real_seed1,sex_sanity_check,
2,1,auroc,0.888888888888889,6.0,combined_only_tf_real_seed1,sex_sanity_check,
2,2,accuracy,0.6666666666666666,6.0,combined_only_tf_real_seed1,sex_sanity_check,
2,2,auroc,1.0,6.0,combined_only_tf_real_seed1,sex_sanity_check,
2,3,accuracy,1.0,6.0,combined_only_tf_real_seed1,sex_sanity_check,
2,3,auroc,1.0,6.0,combined_only_tf_real_seed1,sex_sanity_check,
2,4,accuracy,0.16666666666666666,6.0,combined_only_tf_real_seed1,sex_sanity_check,
2,4,auroc,,6.0,combined_only_tf_real_seed1,sex_sanity_check,
2,5,accuracy,0.6666666666666666,6.0,combined_only_tf_real_seed1,sex_sanity_check,
2,5,auroc,0.625,6.0,combined_only_tf_real_seed1,sex_sanity_check,
3,0,accuracy,0.8333333333333334,6.0,combined_only_tf_real_seed1,sex_sanity_check,
3,0,auroc,0.7777777777777779,6.0,combined_only_tf_real_seed1,sex_sanity_check,
3,1,accuracy,0.6666666666666666,6.0,combined_only_tf_real_seed1,sex_sanity_check,
3,1,auroc,0.8,6.0,combined_only_tf_real_seed1,sex_sanity_check,
3,2,accuracy,0.6666666666666666,6.0,combined_only_tf_real_seed1,sex_sanity_check,
3,2,auroc,0.875,6.0,combined_only_tf_real_seed1,sex_sanity_check,
3,3,accuracy,0.3333333333333333,6.0,combined_only_tf_real_seed1,sex_sanity_check,
3,3,auroc,0.3333333333333333,6.0,combined_only_tf_real_seed1,sex_sanity_check,
3,4,accuracy,0.6666666666666666,6.0,combined_only_tf_real_seed1,sex_sanity_check,
3,4,auroc,1.0,6.0,combined_only_tf_real_seed1,sex_sanity_check,
3,5,accuracy,0.6666666666666666,6.0,combined_only_tf_real_seed1,sex_sanity_check,
3,5,auroc,0.625,6.0,combined_only_tf_real_seed1,sex_sanity_check,
4,0,accuracy,0.6666666666666666,6.0,combined_only_tf_real_seed1,sex_sanity_check,
4,0,auroc,0.888888888888889,6.0,combined_only_tf_real_seed1,sex_sanity_check,
4,1,accuracy,0.16666666666666666,6.0,combined_only_tf_real_seed1,sex_sanity_check,
4,1,auroc,0.25,6.0,combined_only_tf_real_seed1,sex_sanity_check,
4,2,accuracy,0.5,6.0,combined_only_tf_real_seed1,sex_sanity_check,
4,2,auroc,0.888888888888889,6.0,combined_only_tf_real_seed1,sex_sanity_check,
4,3,accuracy,0.3333333333333333,6.0,combined_only_tf_real_seed1,sex_sanity_check,
4,3,auroc,0.0,6.0,combined_only_tf_real_seed1,sex_sanity_check,
4,4,accuracy,0.8333333333333334,6.0,combined_only_tf_real_seed1,sex_sanity_check,
4,4,auroc,1.0,6.0,combined_only_tf_real_seed1,sex_sanity_check,
4,5,accuracy,1.0,6.0,combined_only_tf_real_seed1,sex_sanity_check,
4,5,auroc,,6.0,combined_only_tf_real_seed1,sex_sanity_check,
0,0,r2,-1.6917275819481938,,combined_only_tf_real_seed1,lib_size_leakage,
0,1,r2,0.2531354529708759,,combined_only_tf_real_seed1,lib_size_leakage,
0,2,r2,-0.8626175469419488,,combined_only_tf_real_seed1,lib_size_leakage,
0,3,r2,-0.2531660350184257,,combined_only_tf_real_seed1,lib_size_leakage,
0,4,r2,-2.2312331345592833,,combined_only_tf_real_seed1,lib_size_leakage,
0,5,r2,-0.3487808428528003,,combined_only_tf_real_seed1,lib_size_leakage,
1,0,r2,0.30855042938231403,,combined_only_tf_real_seed1,lib_size_leakage,
1,1,r2,-0.8924660690055397,,combined_only_tf_real_seed1,lib_size_leakage,
1,2,r2,-9.39689625746319,,combined_only_tf_real_seed1,lib_size_leakage,
1,3,r2,-0.6072574906458754,,combined_only_tf_real_seed1,lib_size_leakage,
1,4,r2,-0.21090193622338438,,combined_only_tf_real_seed1,lib_size_leakage,
1,5,r2,-0.1763592680947863,,combined_only_tf_real_seed1,lib_size_leakage,
2,0,r2,-1.4878397809742494,,combined_only_tf_real_seed1,lib_size_leakage,
2,1,r2,-1.2665760682160006,,combined_only_tf_real_seed1,lib_size_leakage,
2,2,r2,-0.7206307971119705,,combined_only_tf_real_seed1,lib_size_leakage,
2,3,r2,0.2758475574753556,,combined_only_tf_real_seed1,lib_size_leakage,
2,4,r2,-2.048443457857804,,combined_only_tf_real_seed1,lib_size_leakage,
2,5,r2,-0.9102113903430176,,combined_only_tf_real_seed1,lib_size_leakage,
3,0,r2,-3.5342547441245262,,combined_only_tf_real_seed1,lib_size_leakage,
3,1,r2,-0.9133735038136954,,combined_only_tf_real_seed1,lib_size_leakage,
3,2,r2,-1.1089594578000348,,combined_only_tf_real_seed1,lib_size_leakage,
3,3,r2,0.24851826545917055,,combined_only_tf_real_seed1,lib_size_leakage,
3,4,r2,-0.12694409221463587,,combined_only_tf_real_seed1,lib_size_leakage,
3,5,r2,-0.2010811428537207,,combined_only_tf_real_seed1,lib_size_leakage,
4,0,r2,-1.1655601837266114,,combined_only_tf_real_seed1,lib_size_leakage,
4,1,r2,-2.7749852008568485,,combined_only_tf_real_seed1,lib_size_leakage,
4,2,r2,-0.9946133922589271,,combined_only_tf_real_seed1,lib_size_leakage,
4,3,r2,-1.4427546136164189,,combined_only_tf_real_seed1,lib_size_leakage,
4,4,r2,-0.464373774459345,,combined_only_tf_real_seed1,lib_size_leakage,
4,5,r2,0.32015775525829593,,combined_only_tf_real_seed1,lib_size_leakage,
0,0,accuracy,0.42857142857142855,,combined_only_tf_real_seed1,celltype_sanity_check,77.0
0,1,accuracy,0.4155844155844156,,combined_only_tf_real_seed1,celltype_sanity_check,77.0
0,2,accuracy,0.45454545454545453,,combined_only_tf_real_seed1,celltype_sanity_check,77.0
0,3,accuracy,0.5194805194805194,,combined_only_tf_real_seed1,celltype_sanity_check,77.0
0,4,accuracy,0.37662337662337664,,combined_only_tf_real_seed1,celltype_sanity_check,77.0
0,5,accuracy,0.3684210526315789,,combined_only_tf_real_seed1,celltype_sanity_check,76.0
1,0,accuracy,0.45454545454545453,,combined_only_tf_real_seed1,celltype_sanity_check,77.0
1,1,accuracy,0.42857142857142855,,combined_only_tf_real_seed1,celltype_sanity_check,77.0
1,2,accuracy,0.35064935064935066,,combined_only_tf_real_seed1,celltype_sanity_check,77.0
1,3,accuracy,0.42857142857142855,,combined_only_tf_real_seed1,celltype_sanity_check,77.0
1,4,accuracy,0.44155844155844154,,combined_only_tf_real_seed1,celltype_sanity_check,77.0
1,5,accuracy,0.4342105263157895,,combined_only_tf_real_seed1,celltype_sanity_check,76.0
2,0,accuracy,0.4675324675324675,,combined_only_tf_real_seed1,celltype_sanity_check,77.0
2,1,accuracy,0.37662337662337664,,combined_only_tf_real_seed1,celltype_sanity_check,77.0
2,2,accuracy,0.33766233766233766,,combined_only_tf_real_seed1,celltype_sanity_check,77.0
2,3,accuracy,0.42857142857142855,,combined_only_tf_real_seed1,celltype_sanity_check,77.0
2,4,accuracy,0.4805194805194805,,combined_only_tf_real_seed1,celltype_sanity_check,77.0
2,5,accuracy,0.42105263157894735,,combined_only_tf_real_seed1,celltype_sanity_check,76.0
3,0,accuracy,0.5194805194805194,,combined_only_tf_real_seed1,celltype_sanity_check,77.0
3,1,accuracy,0.3246753246753247,,combined_only_tf_real_seed1,celltype_sanity_check,77.0
3,2,accuracy,0.42857142857142855,,combined_only_tf_real_seed1,celltype_sanity_check,77.0
3,3,accuracy,0.38961038961038963,,combined_only_tf_real_seed1,celltype_sanity_check,77.0
3,4,accuracy,0.4342105263157895,,combined_only_tf_real_seed1,celltype_sanity_check,76.0
3,5,accuracy,0.35064935064935066,,combined_only_tf_real_seed1,celltype_sanity_check,77.0
4,0,accuracy,0.4935064935064935,,combined_only_tf_real_seed1,celltype_sanity_check,77.0
4,1,accuracy,0.37662337662337664,,combined_only_tf_real_seed1,celltype_sanity_check,77.0
4,2,accuracy,0.37662337662337664,,combined_only_tf_real_seed1,celltype_sanity_check,77.0
4,3,accuracy,0.5454545454545454,,combined_only_tf_real_seed1,celltype_sanity_check,77.0
4,4,accuracy,0.38961038961038963,,combined_only_tf_real_seed1,celltype_sanity_check,77.0
4,5,accuracy,0.3684210526315789,,combined_only_tf_real_seed1,celltype_sanity_check,76.0
0,0,accuracy,0.6666666666666666,6.0,combined_only_epi_real_seed1,disease_status,
0,0,auroc,0.5555555555555556,6.0,combined_only_epi_real_seed1,disease_status,
0,1,accuracy,0.6666666666666666,6.0,combined_only_epi_real_seed1,disease_status,
0,1,auroc,0.5555555555555556,6.0,combined_only_epi_real_seed1,disease_status,
0,2,accuracy,0.5,6.0,combined_only_epi_real_seed1,disease_status,
0,2,auroc,0.3333333333333333,6.0,combined_only_epi_real_seed1,disease_status,
0,3,accuracy,0.3333333333333333,6.0,combined_only_epi_real_seed1,disease_status,
0,3,auroc,0.11111111111111112,6.0,combined_only_epi_real_seed1,disease_status,
0,4,accuracy,0.3333333333333333,6.0,combined_only_epi_real_seed1,disease_status,
0,4,auroc,0.33333333333333337,6.0,combined_only_epi_real_seed1,disease_status,
0,5,accuracy,0.5,6.0,combined_only_epi_real_seed1,disease_status,
0,5,auroc,0.6666666666666666,6.0,combined_only_epi_real_seed1,disease_status,
1,0,accuracy,0.5,6.0,combined_only_epi_real_seed1,disease_status,
1,0,auroc,0.22222222222222224,6.0,combined_only_epi_real_seed1,disease_status,
1,1,accuracy,0.16666666666666666,6.0,combined_only_epi_real_seed1,disease_status,
1,1,auroc,0.0,6.0,combined_only_epi_real_seed1,disease_status,
1,2,accuracy,0.16666666666666666,6.0,combined_only_epi_real_seed1,disease_status,
1,2,auroc,0.22222222222222224,6.0,combined_only_epi_real_seed1,disease_status,
1,3,accuracy,0.5,6.0,combined_only_epi_real_seed1,disease_status,
1,3,auroc,0.5555555555555556,6.0,combined_only_epi_real_seed1,disease_status,
1,4,accuracy,0.3333333333333333,6.0,combined_only_epi_real_seed1,disease_status,
1,4,auroc,0.5555555555555556,6.0,combined_only_epi_real_seed1,disease_status,
1,5,accuracy,0.16666666666666666,6.0,combined_only_epi_real_seed1,disease_status,
1,5,auroc,0.3333333333333333,6.0,combined_only_epi_real_seed1,disease_status,
2,0,accuracy,0.5,6.0,combined_only_epi_real_seed1,disease_status,
2,0,auroc,0.11111111111111112,6.0,combined_only_epi_real_seed1,disease_status,
2,1,accuracy,0.6666666666666666,6.0,combined_only_epi_real_seed1,disease_status,
2,1,auroc,0.7777777777777779,6.0,combined_only_epi_real_seed1,disease_status,
2,2,accuracy,0.3333333333333333,6.0,combined_only_epi_real_seed1,disease_status,
2,2,auroc,0.5555555555555556,6.0,combined_only_epi_real_seed1,disease_status,
2,3,accuracy,0.16666666666666666,6.0,combined_only_epi_real_seed1,disease_status,
2,3,auroc,0.3333333333333333,6.0,combined_only_epi_real_seed1,disease_status,
2,4,accuracy,0.8333333333333334,6.0,combined_only_epi_real_seed1,disease_status,
2,4,auroc,0.6666666666666666,6.0,combined_only_epi_real_seed1,disease_status,
2,5,accuracy,0.6666666666666666,6.0,combined_only_epi_real_seed1,disease_status,
2,5,auroc,0.7777777777777779,6.0,combined_only_epi_real_seed1,disease_status,
3,0,accuracy,0.6666666666666666,6.0,combined_only_epi_real_seed1,disease_status,
3,0,auroc,0.5555555555555556,6.0,combined_only_epi_real_seed1,disease_status,
3,1,accuracy,0.3333333333333333,6.0,combined_only_epi_real_seed1,disease_status,
3,1,auroc,0.4444444444444444,6.0,combined_only_epi_real_seed1,disease_status,
3,2,accuracy,0.5,6.0,combined_only_epi_real_seed1,disease_status,
3,2,auroc,0.3333333333333333,6.0,combined_only_epi_real_seed1,disease_status,
3,3,accuracy,0.3333333333333333,6.0,combined_only_epi_real_seed1,disease_status,
3,3,auroc,0.11111111111111112,6.0,combined_only_epi_real_seed1,disease_status,
3,4,accuracy,0.6666666666666666,6.0,combined_only_epi_real_seed1,disease_status,
3,4,auroc,0.7777777777777779,6.0,combined_only_epi_real_seed1,disease_status,
3,5,accuracy,0.16666666666666666,6.0,combined_only_epi_real_seed1,disease_status,
3,5,auroc,0.11111111111111112,6.0,combined_only_epi_real_seed1,disease_status,
4,0,accuracy,0.3333333333333333,6.0,combined_only_epi_real_seed1,disease_status,
4,0,auroc,0.4444444444444444,6.0,combined_only_epi_real_seed1,disease_status,
4,1,accuracy,0.3333333333333333,6.0,combined_only_epi_real_seed1,disease_status,
4,1,auroc,0.4444444444444445,6.0,combined_only_epi_real_seed1,disease_status,
4,2,accuracy,0.6666666666666666,6.0,combined_only_epi_real_seed1,disease_status,
4,2,auroc,0.7777777777777779,6.0,combined_only_epi_real_seed1,disease_status,
4,3,accuracy,0.6666666666666666,6.0,combined_only_epi_real_seed1,disease_status,
4,3,auroc,0.6666666666666667,6.0,combined_only_epi_real_seed1,disease_status,
4,4,accuracy,0.3333333333333333,6.0,combined_only_epi_real_seed1,disease_status,
4,4,auroc,0.11111111111111112,6.0,combined_only_epi_real_seed1,disease_status,
4,5,accuracy,0.16666666666666666,6.0,combined_only_epi_real_seed1,disease_status,
4,5,auroc,0.3333333333333333,6.0,combined_only_epi_real_seed1,disease_status,
0,0,accuracy,0.6666666666666666,6.0,combined_only_epi_real_seed1,sex_sanity_check,
0,0,auroc,0.8,6.0,combined_only_epi_real_seed1,sex_sanity_check,
0,1,accuracy,0.5,6.0,combined_only_epi_real_seed1,sex_sanity_check,
0,1,auroc,0.25,6.0,combined_only_epi_real_seed1,sex_sanity_check,
0,2,accuracy,0.8333333333333334,6.0,combined_only_epi_real_seed1,sex_sanity_check,
0,2,auroc,0.875,6.0,combined_only_epi_real_seed1,sex_sanity_check,
0,3,accuracy,0.8333333333333334,6.0,combined_only_epi_real_seed1,sex_sanity_check,
0,3,auroc,0.6,6.0,combined_only_epi_real_seed1,sex_sanity_check,
0,4,accuracy,0.8333333333333334,6.0,combined_only_epi_real_seed1,sex_sanity_check,
0,4,auroc,0.7777777777777779,6.0,combined_only_epi_real_seed1,sex_sanity_check,
0,5,accuracy,0.5,6.0,combined_only_epi_real_seed1,sex_sanity_check,
0,5,auroc,0.888888888888889,6.0,combined_only_epi_real_seed1,sex_sanity_check,
1,0,accuracy,0.5,6.0,combined_only_epi_real_seed1,sex_sanity_check,
1,0,auroc,0.625,6.0,combined_only_epi_real_seed1,sex_sanity_check,
1,1,accuracy,0.8333333333333334,6.0,combined_only_epi_real_seed1,sex_sanity_check,
1,1,auroc,1.0,6.0,combined_only_epi_real_seed1,sex_sanity_check,
1,2,accuracy,0.3333333333333333,6.0,combined_only_epi_real_seed1,sex_sanity_check,
1,2,auroc,0.3333333333333333,6.0,combined_only_epi_real_seed1,sex_sanity_check,
1,3,accuracy,0.8333333333333334,6.0,combined_only_epi_real_seed1,sex_sanity_check,
1,3,auroc,0.875,6.0,combined_only_epi_real_seed1,sex_sanity_check,
1,4,accuracy,0.6666666666666666,6.0,combined_only_epi_real_seed1,sex_sanity_check,
1,4,auroc,1.0,6.0,combined_only_epi_real_seed1,sex_sanity_check,
1,5,accuracy,0.8333333333333334,6.0,combined_only_epi_real_seed1,sex_sanity_check,
1,5,auroc,0.75,6.0,combined_only_epi_real_seed1,sex_sanity_check,
2,0,accuracy,0.8333333333333334,6.0,combined_only_epi_real_seed1,sex_sanity_check,
2,0,auroc,1.0,6.0,combined_only_epi_real_seed1,sex_sanity_check,
2,1,accuracy,0.8333333333333334,6.0,combined_only_epi_real_seed1,sex_sanity_check,
2,1,auroc,0.888888888888889,6.0,combined_only_epi_real_seed1,sex_sanity_check,
2,2,accuracy,0.3333333333333333,6.0,combined_only_epi_real_seed1,sex_sanity_check,
2,2,auroc,0.875,6.0,combined_only_epi_real_seed1,sex_sanity_check,
2,3,accuracy,0.8333333333333334,6.0,combined_only_epi_real_seed1,sex_sanity_check,
2,3,auroc,0.8,6.0,combined_only_epi_real_seed1,sex_sanity_check,
2,4,accuracy,0.3333333333333333,6.0,combined_only_epi_real_seed1,sex_sanity_check,
2,4,auroc,,6.0,combined_only_epi_real_seed1,sex_sanity_check,
2,5,accuracy,0.3333333333333333,6.0,combined_only_epi_real_seed1,sex_sanity_check,
2,5,auroc,0.5,6.0,combined_only_epi_real_seed1,sex_sanity_check,
3,0,accuracy,0.6666666666666666,6.0,combined_only_epi_real_seed1,sex_sanity_check,
3,0,auroc,0.7777777777777778,6.0,combined_only_epi_real_seed1,sex_sanity_check,
3,1,accuracy,0.6666666666666666,6.0,combined_only_epi_real_seed1,sex_sanity_check,
3,1,auroc,0.8,6.0,combined_only_epi_real_seed1,sex_sanity_check,
3,2,accuracy,0.8333333333333334,6.0,combined_only_epi_real_seed1,sex_sanity_check,
3,2,auroc,0.625,6.0,combined_only_epi_real_seed1,sex_sanity_check,
3,3,accuracy,0.5,6.0,combined_only_epi_real_seed1,sex_sanity_check,
3,3,auroc,0.7777777777777778,6.0,combined_only_epi_real_seed1,sex_sanity_check,
3,4,accuracy,0.8333333333333334,6.0,combined_only_epi_real_seed1,sex_sanity_check,
3,4,auroc,0.8,6.0,combined_only_epi_real_seed1,sex_sanity_check,
3,5,accuracy,0.8333333333333334,6.0,combined_only_epi_real_seed1,sex_sanity_check,
3,5,auroc,0.75,6.0,combined_only_epi_real_seed1,sex_sanity_check,
4,0,accuracy,0.8333333333333334,6.0,combined_only_epi_real_seed1,sex_sanity_check,
4,0,auroc,1.0,6.0,combined_only_epi_real_seed1,sex_sanity_check,
4,1,accuracy,0.3333333333333333,6.0,combined_only_epi_real_seed1,sex_sanity_check,
4,1,auroc,0.5,6.0,combined_only_epi_real_seed1,sex_sanity_check,
4,2,accuracy,0.5,6.0,combined_only_epi_real_seed1,sex_sanity_check,
4,2,auroc,1.0,6.0,combined_only_epi_real_seed1,sex_sanity_check,
4,3,accuracy,0.5,6.0,combined_only_epi_real_seed1,sex_sanity_check,
4,3,auroc,0.22222222222222224,6.0,combined_only_epi_real_seed1,sex_sanity_check,
4,4,accuracy,1.0,6.0,combined_only_epi_real_seed1,sex_sanity_check,
4,4,auroc,1.0,6.0,combined_only_epi_real_seed1,sex_sanity_check,
4,5,accuracy,1.0,6.0,combined_only_epi_real_seed1,sex_sanity_check,
4,5,auroc,,6.0,combined_only_epi_real_seed1,sex_sanity_check,
0,0,r2,-1.3019691866451861,,combined_only_epi_real_seed1,lib_size_leakage,
0,1,r2,-0.2975113704129331,,combined_only_epi_real_seed1,lib_size_leakage,
0,2,r2,-1.4864336613363616,,combined_only_epi_real_seed1,lib_size_leakage,
0,3,r2,-0.7652814991728434,,combined_only_epi_real_seed1,lib_size_leakage,
0,4,r2,-2.9486182497550253,,combined_only_epi_real_seed1,lib_size_leakage,
0,5,r2,-0.5997821256902065,,combined_only_epi_real_seed1,lib_size_leakage,
1,0,r2,-0.17744303234639802,,combined_only_epi_real_seed1,lib_size_leakage,
1,1,r2,-0.8777706509872067,,combined_only_epi_real_seed1,lib_size_leakage,
1,2,r2,-4.269328406732437,,combined_only_epi_real_seed1,lib_size_leakage,
1,3,r2,-1.47359318682091,,combined_only_epi_real_seed1,lib_size_leakage,
1,4,r2,-1.193755792150268,,combined_only_epi_real_seed1,lib_size_leakage,
1,5,r2,-0.6810761815975741,,combined_only_epi_real_seed1,lib_size_leakage,
2,0,r2,-2.310777724930437,,combined_only_epi_real_seed1,lib_size_leakage,
2,1,r2,-2.395942447587874,,combined_only_epi_real_seed1,lib_size_leakage,
2,2,r2,-1.036646706184713,,combined_only_epi_real_seed1,lib_size_leakage,
2,3,r2,-0.06340070330320402,,combined_only_epi_real_seed1,lib_size_leakage,
2,4,r2,-2.611647036263187,,combined_only_epi_real_seed1,lib_size_leakage,
2,5,r2,-1.4796583232539482,,combined_only_epi_real_seed1,lib_size_leakage,
3,0,r2,-4.544770266482052,,combined_only_epi_real_seed1,lib_size_leakage,
3,1,r2,-0.9116741547571057,,combined_only_epi_real_seed1,lib_size_leakage,
3,2,r2,-0.496886541373581,,combined_only_epi_real_seed1,lib_size_leakage,
3,3,r2,-0.5854645758443977,,combined_only_epi_real_seed1,lib_size_leakage,
3,4,r2,-0.4099721893669064,,combined_only_epi_real_seed1,lib_size_leakage,
3,5,r2,-1.5493763089879828,,combined_only_epi_real_seed1,lib_size_leakage,
4,0,r2,-1.8997730908790373,,combined_only_epi_real_seed1,lib_size_leakage,
4,1,r2,-4.252755969084371,,combined_only_epi_real_seed1,lib_size_leakage,
4,2,r2,-1.0036901869444232,,combined_only_epi_real_seed1,lib_size_leakage,
4,3,r2,-2.105038989088391,,combined_only_epi_real_seed1,lib_size_leakage,
4,4,r2,-0.9886579085513008,,combined_only_epi_real_seed1,lib_size_leakage,
4,5,r2,-0.10143665105133848,,combined_only_epi_real_seed1,lib_size_leakage,
0,0,accuracy,0.22077922077922077,,combined_only_epi_real_seed1,celltype_sanity_check,77.0
0,1,accuracy,0.18181818181818182,,combined_only_epi_real_seed1,celltype_sanity_check,77.0
0,2,accuracy,0.2857142857142857,,combined_only_epi_real_seed1,celltype_sanity_check,77.0
0,3,accuracy,0.24675324675324675,,combined_only_epi_real_seed1,celltype_sanity_check,77.0
0,4,accuracy,0.23376623376623376,,combined_only_epi_real_seed1,celltype_sanity_check,77.0
0,5,accuracy,0.2631578947368421,,combined_only_epi_real_seed1,celltype_sanity_check,76.0
1,0,accuracy,0.2077922077922078,,combined_only_epi_real_seed1,celltype_sanity_check,77.0
1,1,accuracy,0.23376623376623376,,combined_only_epi_real_seed1,celltype_sanity_check,77.0
1,2,accuracy,0.15584415584415584,,combined_only_epi_real_seed1,celltype_sanity_check,77.0
1,3,accuracy,0.2077922077922078,,combined_only_epi_real_seed1,celltype_sanity_check,77.0
1,4,accuracy,0.35064935064935066,,combined_only_epi_real_seed1,celltype_sanity_check,77.0
1,5,accuracy,0.2894736842105263,,combined_only_epi_real_seed1,celltype_sanity_check,76.0
2,0,accuracy,0.24675324675324675,,combined_only_epi_real_seed1,celltype_sanity_check,77.0
2,1,accuracy,0.22077922077922077,,combined_only_epi_real_seed1,celltype_sanity_check,77.0
2,2,accuracy,0.19480519480519481,,combined_only_epi_real_seed1,celltype_sanity_check,77.0
2,3,accuracy,0.19480519480519481,,combined_only_epi_real_seed1,celltype_sanity_check,77.0
2,4,accuracy,0.24675324675324675,,combined_only_epi_real_seed1,celltype_sanity_check,77.0
2,5,accuracy,0.23684210526315788,,combined_only_epi_real_seed1,celltype_sanity_check,76.0
3,0,accuracy,0.2857142857142857,,combined_only_epi_real_seed1,celltype_sanity_check,77.0
3,1,accuracy,0.23376623376623376,,combined_only_epi_real_seed1,celltype_sanity_check,77.0
3,2,accuracy,0.23376623376623376,,combined_only_epi_real_seed1,celltype_sanity_check,77.0
3,3,accuracy,0.24675324675324675,,combined_only_epi_real_seed1,celltype_sanity_check,77.0
3,4,accuracy,0.2631578947368421,,combined_only_epi_real_seed1,celltype_sanity_check,76.0
3,5,accuracy,0.23376623376623376,,combined_only_epi_real_seed1,celltype_sanity_check,77.0
4,0,accuracy,0.23376623376623376,,combined_only_epi_real_seed1,celltype_sanity_check,77.0
4,1,accuracy,0.24675324675324675,,combined_only_epi_real_seed1,celltype_sanity_check,77.0
4,2,accuracy,0.12987012987012986,,combined_only_epi_real_seed1,celltype_sanity_check,77.0
4,3,accuracy,0.3116883116883117,,combined_only_epi_real_seed1,celltype_sanity_check,77.0
4,4,accuracy,0.33766233766233766,,combined_only_epi_real_seed1,celltype_sanity_check,77.0
4,5,accuracy,0.23684210526315788,,combined_only_epi_real_seed1,celltype_sanity_check,76.0
0,0,accuracy,0.16666666666666666,6.0,combined_c1_degree_preserving_seed2,disease_status,
0,0,auroc,0.33333333333333337,6.0,combined_c1_degree_preserving_seed2,disease_status,
0,1,accuracy,0.3333333333333333,6.0,combined_c1_degree_preserving_seed2,disease_status,
0,1,auroc,0.33333333333333337,6.0,combined_c1_degree_preserving_seed2,disease_status,
0,2,accuracy,0.5,6.0,combined_c1_degree_preserving_seed2,disease_status,
0,2,auroc,0.3333333333333333,6.0,combined_c1_degree_preserving_seed2,disease_status,
0,3,accuracy,0.16666666666666666,6.0,combined_c1_degree_preserving_seed2,disease_status,
0,3,auroc,0.22222222222222224,6.0,combined_c1_degree_preserving_seed2,disease_status,
0,4,accuracy,0.3333333333333333,6.0,combined_c1_degree_preserving_seed2,disease_status,
0,4,auroc,0.5555555555555556,6.0,combined_c1_degree_preserving_seed2,disease_status,
0,5,accuracy,0.3333333333333333,6.0,combined_c1_degree_preserving_seed2,disease_status,
0,5,auroc,0.4444444444444445,6.0,combined_c1_degree_preserving_seed2,disease_status,
1,0,accuracy,0.5,6.0,combined_c1_degree_preserving_seed2,disease_status,
1,0,auroc,0.4444444444444445,6.0,combined_c1_degree_preserving_seed2,disease_status,
1,1,accuracy,0.16666666666666666,6.0,combined_c1_degree_preserving_seed2,disease_status,
1,1,auroc,0.22222222222222224,6.0,combined_c1_degree_preserving_seed2,disease_status,
1,2,accuracy,0.3333333333333333,6.0,combined_c1_degree_preserving_seed2,disease_status,
1,2,auroc,0.22222222222222224,6.0,combined_c1_degree_preserving_seed2,disease_status,
1,3,accuracy,0.5,6.0,combined_c1_degree_preserving_seed2,disease_status,
1,3,auroc,0.4444444444444445,6.0,combined_c1_degree_preserving_seed2,disease_status,
1,4,accuracy,0.6666666666666666,6.0,combined_c1_degree_preserving_seed2,disease_status,
1,4,auroc,0.5555555555555556,6.0,combined_c1_degree_preserving_seed2,disease_status,
1,5,accuracy,0.3333333333333333,6.0,combined_c1_degree_preserving_seed2,disease_status,
1,5,auroc,0.4444444444444444,6.0,combined_c1_degree_preserving_seed2,disease_status,
2,0,accuracy,0.0,6.0,combined_c1_degree_preserving_seed2,disease_status,
2,0,auroc,0.0,6.0,combined_c1_degree_preserving_seed2,disease_status,
2,1,accuracy,0.6666666666666666,6.0,combined_c1_degree_preserving_seed2,disease_status,
2,1,auroc,0.4444444444444445,6.0,combined_c1_degree_preserving_seed2,disease_status,
2,2,accuracy,0.6666666666666666,6.0,combined_c1_degree_preserving_seed2,disease_status,
2,2,auroc,0.5555555555555556,6.0,combined_c1_degree_preserving_seed2,disease_status,
2,3,accuracy,0.5,6.0,combined_c1_degree_preserving_seed2,disease_status,
2,3,auroc,0.5555555555555556,6.0,combined_c1_degree_preserving_seed2,disease_status,
2,4,accuracy,0.3333333333333333,6.0,combined_c1_degree_preserving_seed2,disease_status,
2,4,auroc,0.11111111111111112,6.0,combined_c1_degree_preserving_seed2,disease_status,
2,5,accuracy,0.16666666666666666,6.0,combined_c1_degree_preserving_seed2,disease_status,
2,5,auroc,0.22222222222222224,6.0,combined_c1_degree_preserving_seed2,disease_status,
3,0,accuracy,0.3333333333333333,6.0,combined_c1_degree_preserving_seed2,disease_status,
3,0,auroc,0.4444444444444445,6.0,combined_c1_degree_preserving_seed2,disease_status,
3,1,accuracy,0.5,6.0,combined_c1_degree_preserving_seed2,disease_status,
3,1,auroc,0.5555555555555556,6.0,combined_c1_degree_preserving_seed2,disease_status,
3,2,accuracy,0.3333333333333333,6.0,combined_c1_degree_preserving_seed2,disease_status,
3,2,auroc,0.33333333333333337,6.0,combined_c1_degree_preserving_seed2,disease_status,
3,3,accuracy,0.3333333333333333,6.0,combined_c1_degree_preserving_seed2,disease_status,
3,3,auroc,0.22222222222222224,6.0,combined_c1_degree_preserving_seed2,disease_status,
3,4,accuracy,0.3333333333333333,6.0,combined_c1_degree_preserving_seed2,disease_status,
3,4,auroc,0.5555555555555556,6.0,combined_c1_degree_preserving_seed2,disease_status,
3,5,accuracy,0.3333333333333333,6.0,combined_c1_degree_preserving_seed2,disease_status,
3,5,auroc,0.11111111111111112,6.0,combined_c1_degree_preserving_seed2,disease_status,
4,0,accuracy,0.3333333333333333,6.0,combined_c1_degree_preserving_seed2,disease_status,
4,0,auroc,0.4444444444444445,6.0,combined_c1_degree_preserving_seed2,disease_status,
4,1,accuracy,0.5,6.0,combined_c1_degree_preserving_seed2,disease_status,
4,1,auroc,0.4444444444444445,6.0,combined_c1_degree_preserving_seed2,disease_status,
4,2,accuracy,0.3333333333333333,6.0,combined_c1_degree_preserving_seed2,disease_status,
4,2,auroc,0.4444444444444444,6.0,combined_c1_degree_preserving_seed2,disease_status,
4,3,accuracy,0.16666666666666666,6.0,combined_c1_degree_preserving_seed2,disease_status,
4,3,auroc,0.11111111111111112,6.0,combined_c1_degree_preserving_seed2,disease_status,
4,4,accuracy,0.5,6.0,combined_c1_degree_preserving_seed2,disease_status,
4,4,auroc,0.5555555555555556,6.0,combined_c1_degree_preserving_seed2,disease_status,
4,5,accuracy,0.3333333333333333,6.0,combined_c1_degree_preserving_seed2,disease_status,
4,5,auroc,0.22222222222222224,6.0,combined_c1_degree_preserving_seed2,disease_status,
0,0,accuracy,0.8333333333333334,6.0,combined_c1_degree_preserving_seed2,sex_sanity_check,
0,0,auroc,0.8,6.0,combined_c1_degree_preserving_seed2,sex_sanity_check,
0,1,accuracy,0.3333333333333333,6.0,combined_c1_degree_preserving_seed2,sex_sanity_check,
0,1,auroc,0.25,6.0,combined_c1_degree_preserving_seed2,sex_sanity_check,
0,2,accuracy,0.8333333333333334,6.0,combined_c1_degree_preserving_seed2,sex_sanity_check,
0,2,auroc,1.0,6.0,combined_c1_degree_preserving_seed2,sex_sanity_check,
0,3,accuracy,0.6666666666666666,6.0,combined_c1_degree_preserving_seed2,sex_sanity_check,
0,3,auroc,0.4,6.0,combined_c1_degree_preserving_seed2,sex_sanity_check,
0,4,accuracy,0.5,6.0,combined_c1_degree_preserving_seed2,sex_sanity_check,
0,4,auroc,0.7777777777777779,6.0,combined_c1_degree_preserving_seed2,sex_sanity_check,
0,5,accuracy,0.5,6.0,combined_c1_degree_preserving_seed2,sex_sanity_check,
0,5,auroc,0.888888888888889,6.0,combined_c1_degree_preserving_seed2,sex_sanity_check,
1,0,accuracy,0.5,6.0,combined_c1_degree_preserving_seed2,sex_sanity_check,
1,0,auroc,0.625,6.0,combined_c1_degree_preserving_seed2,sex_sanity_check,
1,1,accuracy,0.5,6.0,combined_c1_degree_preserving_seed2,sex_sanity_check,
1,1,auroc,0.6,6.0,combined_c1_degree_preserving_seed2,sex_sanity_check,
1,2,accuracy,0.6666666666666666,6.0,combined_c1_degree_preserving_seed2,sex_sanity_check,
1,2,auroc,0.7777777777777778,6.0,combined_c1_degree_preserving_seed2,sex_sanity_check,
1,3,accuracy,0.6666666666666666,6.0,combined_c1_degree_preserving_seed2,sex_sanity_check,
1,3,auroc,0.875,6.0,combined_c1_degree_preserving_seed2,sex_sanity_check,
1,4,accuracy,0.6666666666666666,6.0,combined_c1_degree_preserving_seed2,sex_sanity_check,
1,4,auroc,1.0,6.0,combined_c1_degree_preserving_seed2,sex_sanity_check,
1,5,accuracy,0.5,6.0,combined_c1_degree_preserving_seed2,sex_sanity_check,
1,5,auroc,0.75,6.0,combined_c1_degree_preserving_seed2,sex_sanity_check,
2,0,accuracy,1.0,6.0,combined_c1_degree_preserving_seed2,sex_sanity_check,
2,0,auroc,1.0,6.0,combined_c1_degree_preserving_seed2,sex_sanity_check,
2,1,accuracy,0.6666666666666666,6.0,combined_c1_degree_preserving_seed2,sex_sanity_check,
2,1,auroc,0.888888888888889,6.0,combined_c1_degree_preserving_seed2,sex_sanity_check,
2,2,accuracy,0.6666666666666666,6.0,combined_c1_degree_preserving_seed2,sex_sanity_check,
2,2,auroc,1.0,6.0,combined_c1_degree_preserving_seed2,sex_sanity_check,
2,3,accuracy,0.8333333333333334,6.0,combined_c1_degree_preserving_seed2,sex_sanity_check,
2,3,auroc,0.8,6.0,combined_c1_degree_preserving_seed2,sex_sanity_check,
2,4,accuracy,0.16666666666666666,6.0,combined_c1_degree_preserving_seed2,sex_sanity_check,
2,4,auroc,,6.0,combined_c1_degree_preserving_seed2,sex_sanity_check,
2,5,accuracy,0.5,6.0,combined_c1_degree_preserving_seed2,sex_sanity_check,
2,5,auroc,0.625,6.0,combined_c1_degree_preserving_seed2,sex_sanity_check,
3,0,accuracy,0.5,6.0,combined_c1_degree_preserving_seed2,sex_sanity_check,
3,0,auroc,0.7777777777777778,6.0,combined_c1_degree_preserving_seed2,sex_sanity_check,
3,1,accuracy,0.8333333333333334,6.0,combined_c1_degree_preserving_seed2,sex_sanity_check,
3,1,auroc,0.8,6.0,combined_c1_degree_preserving_seed2,sex_sanity_check,
3,2,accuracy,0.6666666666666666,6.0,combined_c1_degree_preserving_seed2,sex_sanity_check,
3,2,auroc,0.625,6.0,combined_c1_degree_preserving_seed2,sex_sanity_check,
3,3,accuracy,0.3333333333333333,6.0,combined_c1_degree_preserving_seed2,sex_sanity_check,
3,3,auroc,0.3333333333333333,6.0,combined_c1_degree_preserving_seed2,sex_sanity_check,
3,4,accuracy,0.6666666666666666,6.0,combined_c1_degree_preserving_seed2,sex_sanity_check,
3,4,auroc,1.0,6.0,combined_c1_degree_preserving_seed2,sex_sanity_check,
3,5,accuracy,0.6666666666666666,6.0,combined_c1_degree_preserving_seed2,sex_sanity_check,
3,5,auroc,0.75,6.0,combined_c1_degree_preserving_seed2,sex_sanity_check,
4,0,accuracy,0.8333333333333334,6.0,combined_c1_degree_preserving_seed2,sex_sanity_check,
4,0,auroc,1.0,6.0,combined_c1_degree_preserving_seed2,sex_sanity_check,
4,1,accuracy,0.3333333333333333,6.0,combined_c1_degree_preserving_seed2,sex_sanity_check,
4,1,auroc,0.375,6.0,combined_c1_degree_preserving_seed2,sex_sanity_check,
4,2,accuracy,0.8333333333333334,6.0,combined_c1_degree_preserving_seed2,sex_sanity_check,
4,2,auroc,0.888888888888889,6.0,combined_c1_degree_preserving_seed2,sex_sanity_check,
4,3,accuracy,0.0,6.0,combined_c1_degree_preserving_seed2,sex_sanity_check,
4,3,auroc,0.0,6.0,combined_c1_degree_preserving_seed2,sex_sanity_check,
4,4,accuracy,0.8333333333333334,6.0,combined_c1_degree_preserving_seed2,sex_sanity_check,
4,4,auroc,0.8,6.0,combined_c1_degree_preserving_seed2,sex_sanity_check,
4,5,accuracy,0.8333333333333334,6.0,combined_c1_degree_preserving_seed2,sex_sanity_check,
4,5,auroc,,6.0,combined_c1_degree_preserving_seed2,sex_sanity_check,
0,0,r2,-1.3405711482047855,,combined_c1_degree_preserving_seed2,lib_size_leakage,
0,1,r2,-0.007027158095783026,,combined_c1_degree_preserving_seed2,lib_size_leakage,
0,2,r2,-1.1188033851237256,,combined_c1_degree_preserving_seed2,lib_size_leakage,
0,3,r2,-0.4266448656748125,,combined_c1_degree_preserving_seed2,lib_size_leakage,
0,4,r2,-2.4822804110108376,,combined_c1_degree_preserving_seed2,lib_size_leakage,
0,5,r2,-0.16658490071346788,,combined_c1_degree_preserving_seed2,lib_size_leakage,
1,0,r2,0.1289078023706106,,combined_c1_degree_preserving_seed2,lib_size_leakage,
1,1,r2,-1.4915895680834947,,combined_c1_degree_preserving_seed2,lib_size_leakage,
1,2,r2,-9.400598285256015,,combined_c1_degree_preserving_seed2,lib_size_leakage,
1,3,r2,-1.1101003459655923,,combined_c1_degree_preserving_seed2,lib_size_leakage,
1,4,r2,-0.03611968193276871,,combined_c1_degree_preserving_seed2,lib_size_leakage,
1,5,r2,-0.7519122905643101,,combined_c1_degree_preserving_seed2,lib_size_leakage,
2,0,r2,-0.6758287011036017,,combined_c1_degree_preserving_seed2,lib_size_leakage,
2,1,r2,-2.8089059436062893,,combined_c1_degree_preserving_seed2,lib_size_leakage,
2,2,r2,-1.5111506351609116,,combined_c1_degree_preserving_seed2,lib_size_leakage,
2,3,r2,0.11847630069497062,,combined_c1_degree_preserving_seed2,lib_size_leakage,
2,4,r2,-3.1358923288571328,,combined_c1_degree_preserving_seed2,lib_size_leakage,
2,5,r2,-0.7938977962094269,,combined_c1_degree_preserving_seed2,lib_size_leakage,
3,0,r2,-3.967981900214639,,combined_c1_degree_preserving_seed2,lib_size_leakage,
3,1,r2,-0.618679779089629,,combined_c1_degree_preserving_seed2,lib_size_leakage,
3,2,r2,-0.7377384949280807,,combined_c1_degree_preserving_seed2,lib_size_leakage,
3,3,r2,-0.11524464870558049,,combined_c1_degree_preserving_seed2,lib_size_leakage,
3,4,r2,-0.42851547435136705,,combined_c1_degree_preserving_seed2,lib_size_leakage,
3,5,r2,-0.8513854875797939,,combined_c1_degree_preserving_seed2,lib_size_leakage,
4,0,r2,-0.909375769122625,,combined_c1_degree_preserving_seed2,lib_size_leakage,
4,1,r2,-5.248035377033681,,combined_c1_degree_preserving_seed2,lib_size_leakage,
4,2,r2,-1.1877782781227015,,combined_c1_degree_preserving_seed2,lib_size_leakage,
4,3,r2,-1.5505598296031615,,combined_c1_degree_preserving_seed2,lib_size_leakage,
4,4,r2,-1.071220730833466,,combined_c1_degree_preserving_seed2,lib_size_leakage,
4,5,r2,0.044526907177022124,,combined_c1_degree_preserving_seed2,lib_size_leakage,
0,0,accuracy,0.2597402597402597,,combined_c1_degree_preserving_seed2,celltype_sanity_check,77.0
0,1,accuracy,0.35064935064935066,,combined_c1_degree_preserving_seed2,celltype_sanity_check,77.0
0,2,accuracy,0.2727272727272727,,combined_c1_degree_preserving_seed2,celltype_sanity_check,77.0
0,3,accuracy,0.36363636363636365,,combined_c1_degree_preserving_seed2,celltype_sanity_check,77.0
0,4,accuracy,0.37662337662337664,,combined_c1_degree_preserving_seed2,celltype_sanity_check,77.0
0,5,accuracy,0.3684210526315789,,combined_c1_degree_preserving_seed2,celltype_sanity_check,76.0
1,0,accuracy,0.35064935064935066,,combined_c1_degree_preserving_seed2,celltype_sanity_check,77.0
1,1,accuracy,0.37662337662337664,,combined_c1_degree_preserving_seed2,celltype_sanity_check,77.0
1,2,accuracy,0.2857142857142857,,combined_c1_degree_preserving_seed2,celltype_sanity_check,77.0
1,3,accuracy,0.42857142857142855,,combined_c1_degree_preserving_seed2,celltype_sanity_check,77.0
1,4,accuracy,0.36363636363636365,,combined_c1_degree_preserving_seed2,celltype_sanity_check,77.0
1,5,accuracy,0.3684210526315789,,combined_c1_degree_preserving_seed2,celltype_sanity_check,76.0
2,0,accuracy,0.35064935064935066,,combined_c1_degree_preserving_seed2,celltype_sanity_check,77.0
2,1,accuracy,0.3246753246753247,,combined_c1_degree_preserving_seed2,celltype_sanity_check,77.0
2,2,accuracy,0.2727272727272727,,combined_c1_degree_preserving_seed2,celltype_sanity_check,77.0
2,3,accuracy,0.35064935064935066,,combined_c1_degree_preserving_seed2,celltype_sanity_check,77.0
2,4,accuracy,0.37662337662337664,,combined_c1_degree_preserving_seed2,celltype_sanity_check,77.0
2,5,accuracy,0.3026315789473684,,combined_c1_degree_preserving_seed2,celltype_sanity_check,76.0
3,0,accuracy,0.2857142857142857,,combined_c1_degree_preserving_seed2,celltype_sanity_check,77.0
3,1,accuracy,0.24675324675324675,,combined_c1_degree_preserving_seed2,celltype_sanity_check,77.0
3,2,accuracy,0.36363636363636365,,combined_c1_degree_preserving_seed2,celltype_sanity_check,77.0
3,3,accuracy,0.38961038961038963,,combined_c1_degree_preserving_seed2,celltype_sanity_check,77.0
3,4,accuracy,0.40789473684210525,,combined_c1_degree_preserving_seed2,celltype_sanity_check,76.0
3,5,accuracy,0.2727272727272727,,combined_c1_degree_preserving_seed2,celltype_sanity_check,77.0
4,0,accuracy,0.33766233766233766,,combined_c1_degree_preserving_seed2,celltype_sanity_check,77.0
4,1,accuracy,0.3116883116883117,,combined_c1_degree_preserving_seed2,celltype_sanity_check,77.0
4,2,accuracy,0.2727272727272727,,combined_c1_degree_preserving_seed2,celltype_sanity_check,77.0
4,3,accuracy,0.37662337662337664,,combined_c1_degree_preserving_seed2,celltype_sanity_check,77.0
4,4,accuracy,0.3116883116883117,,combined_c1_degree_preserving_seed2,celltype_sanity_check,77.0
4,5,accuracy,0.34210526315789475,,combined_c1_degree_preserving_seed2,celltype_sanity_check,76.0
0,0,accuracy,0.3333333333333333,6.0,combined_c2_fully_random_seed2,disease_status,
0,0,auroc,0.33333333333333337,6.0,combined_c2_fully_random_seed2,disease_status,
0,1,accuracy,0.5,6.0,combined_c2_fully_random_seed2,disease_status,
0,1,auroc,0.33333333333333337,6.0,combined_c2_fully_random_seed2,disease_status,
0,2,accuracy,0.3333333333333333,6.0,combined_c2_fully_random_seed2,disease_status,
0,2,auroc,0.22222222222222224,6.0,combined_c2_fully_random_seed2,disease_status,
0,3,accuracy,0.5,6.0,combined_c2_fully_random_seed2,disease_status,
0,3,auroc,0.22222222222222224,6.0,combined_c2_fully_random_seed2,disease_status,
0,4,accuracy,0.3333333333333333,6.0,combined_c2_fully_random_seed2,disease_status,
0,4,auroc,0.33333333333333337,6.0,combined_c2_fully_random_seed2,disease_status,
0,5,accuracy,0.5,6.0,combined_c2_fully_random_seed2,disease_status,
0,5,auroc,0.7777777777777779,6.0,combined_c2_fully_random_seed2,disease_status,
1,0,accuracy,0.16666666666666666,6.0,combined_c2_fully_random_seed2,disease_status,
1,0,auroc,0.11111111111111112,6.0,combined_c2_fully_random_seed2,disease_status,
1,1,accuracy,0.3333333333333333,6.0,combined_c2_fully_random_seed2,disease_status,
1,1,auroc,0.22222222222222224,6.0,combined_c2_fully_random_seed2,disease_status,
1,2,accuracy,0.5,6.0,combined_c2_fully_random_seed2,disease_status,
1,2,auroc,0.22222222222222224,6.0,combined_c2_fully_random_seed2,disease_status,
1,3,accuracy,0.5,6.0,combined_c2_fully_random_seed2,disease_status,
1,3,auroc,0.4444444444444445,6.0,combined_c2_fully_random_seed2,disease_status,
1,4,accuracy,0.8333333333333334,6.0,combined_c2_fully_random_seed2,disease_status,
1,4,auroc,0.6666666666666666,6.0,combined_c2_fully_random_seed2,disease_status,
1,5,accuracy,0.3333333333333333,6.0,combined_c2_fully_random_seed2,disease_status,
1,5,auroc,0.11111111111111112,6.0,combined_c2_fully_random_seed2,disease_status,
2,0,accuracy,0.3333333333333333,6.0,combined_c2_fully_random_seed2,disease_status,
2,0,auroc,0.33333333333333337,6.0,combined_c2_fully_random_seed2,disease_status,
2,1,accuracy,0.5,6.0,combined_c2_fully_random_seed2,disease_status,
2,1,auroc,0.5555555555555556,6.0,combined_c2_fully_random_seed2,disease_status,
2,2,accuracy,0.5,6.0,combined_c2_fully_random_seed2,disease_status,
2,2,auroc,0.33333333333333337,6.0,combined_c2_fully_random_seed2,disease_status,
2,3,accuracy,0.3333333333333333,6.0,combined_c2_fully_random_seed2,disease_status,
2,3,auroc,0.11111111111111112,6.0,combined_c2_fully_random_seed2,disease_status,
2,4,accuracy,0.5,6.0,combined_c2_fully_random_seed2,disease_status,
2,4,auroc,0.3333333333333333,6.0,combined_c2_fully_random_seed2,disease_status,
2,5,accuracy,0.5,6.0,combined_c2_fully_random_seed2,disease_status,
2,5,auroc,0.5555555555555556,6.0,combined_c2_fully_random_seed2,disease_status,
3,0,accuracy,0.3333333333333333,6.0,combined_c2_fully_random_seed2,disease_status,
3,0,auroc,0.22222222222222224,6.0,combined_c2_fully_random_seed2,disease_status,
3,1,accuracy,0.16666666666666666,6.0,combined_c2_fully_random_seed2,disease_status,
3,1,auroc,0.22222222222222224,6.0,combined_c2_fully_random_seed2,disease_status,
3,2,accuracy,0.3333333333333333,6.0,combined_c2_fully_random_seed2,disease_status,
3,2,auroc,0.33333333333333337,6.0,combined_c2_fully_random_seed2,disease_status,
3,3,accuracy,0.3333333333333333,6.0,combined_c2_fully_random_seed2,disease_status,
3,3,auroc,0.33333333333333337,6.0,combined_c2_fully_random_seed2,disease_status,
3,4,accuracy,0.5,6.0,combined_c2_fully_random_seed2,disease_status,
3,4,auroc,0.5555555555555556,6.0,combined_c2_fully_random_seed2,disease_status,
3,5,accuracy,0.3333333333333333,6.0,combined_c2_fully_random_seed2,disease_status,
3,5,auroc,0.0,6.0,combined_c2_fully_random_seed2,disease_status,
4,0,accuracy,0.6666666666666666,6.0,combined_c2_fully_random_seed2,disease_status,
4,0,auroc,0.6666666666666666,6.0,combined_c2_fully_random_seed2,disease_status,
4,1,accuracy,0.3333333333333333,6.0,combined_c2_fully_random_seed2,disease_status,
4,1,auroc,0.0,6.0,combined_c2_fully_random_seed2,disease_status,
4,2,accuracy,0.6666666666666666,6.0,combined_c2_fully_random_seed2,disease_status,
4,2,auroc,0.7777777777777778,6.0,combined_c2_fully_random_seed2,disease_status,
4,3,accuracy,0.5,6.0,combined_c2_fully_random_seed2,disease_status,
4,3,auroc,0.4444444444444445,6.0,combined_c2_fully_random_seed2,disease_status,
4,4,accuracy,0.5,6.0,combined_c2_fully_random_seed2,disease_status,
4,4,auroc,0.5555555555555556,6.0,combined_c2_fully_random_seed2,disease_status,
4,5,accuracy,0.3333333333333333,6.0,combined_c2_fully_random_seed2,disease_status,
4,5,auroc,0.22222222222222224,6.0,combined_c2_fully_random_seed2,disease_status,
0,0,accuracy,0.6666666666666666,6.0,combined_c2_fully_random_seed2,sex_sanity_check,
0,0,auroc,0.6,6.0,combined_c2_fully_random_seed2,sex_sanity_check,
0,1,accuracy,0.3333333333333333,6.0,combined_c2_fully_random_seed2,sex_sanity_check,
0,1,auroc,0.375,6.0,combined_c2_fully_random_seed2,sex_sanity_check,
0,2,accuracy,0.6666666666666666,6.0,combined_c2_fully_random_seed2,sex_sanity_check,
0,2,auroc,0.875,6.0,combined_c2_fully_random_seed2,sex_sanity_check,
0,3,accuracy,0.6666666666666666,6.0,combined_c2_fully_random_seed2,sex_sanity_check,
0,3,auroc,0.8,6.0,combined_c2_fully_random_seed2,sex_sanity_check,
0,4,accuracy,0.6666666666666666,6.0,combined_c2_fully_random_seed2,sex_sanity_check,
0,4,auroc,0.888888888888889,6.0,combined_c2_fully_random_seed2,sex_sanity_check,
0,5,accuracy,0.5,6.0,combined_c2_fully_random_seed2,sex_sanity_check,
0,5,auroc,0.888888888888889,6.0,combined_c2_fully_random_seed2,sex_sanity_check,
1,0,accuracy,0.5,6.0,combined_c2_fully_random_seed2,sex_sanity_check,
1,0,auroc,0.625,6.0,combined_c2_fully_random_seed2,sex_sanity_check,
1,1,accuracy,0.5,6.0,combined_c2_fully_random_seed2,sex_sanity_check,
1,1,auroc,1.0,6.0,combined_c2_fully_random_seed2,sex_sanity_check,
1,2,accuracy,0.5,6.0,combined_c2_fully_random_seed2,sex_sanity_check,
1,2,auroc,0.5555555555555556,6.0,combined_c2_fully_random_seed2,sex_sanity_check,
1,3,accuracy,0.8333333333333334,6.0,combined_c2_fully_random_seed2,sex_sanity_check,
1,3,auroc,1.0,6.0,combined_c2_fully_random_seed2,sex_sanity_check,
1,4,accuracy,0.6666666666666666,6.0,combined_c2_fully_random_seed2,sex_sanity_check,
1,4,auroc,1.0,6.0,combined_c2_fully_random_seed2,sex_sanity_check,
1,5,accuracy,0.6666666666666666,6.0,combined_c2_fully_random_seed2,sex_sanity_check,
1,5,auroc,0.75,6.0,combined_c2_fully_random_seed2,sex_sanity_check,
2,0,accuracy,0.6666666666666666,6.0,combined_c2_fully_random_seed2,sex_sanity_check,
2,0,auroc,0.875,6.0,combined_c2_fully_random_seed2,sex_sanity_check,
2,1,accuracy,0.6666666666666666,6.0,combined_c2_fully_random_seed2,sex_sanity_check,
2,1,auroc,0.888888888888889,6.0,combined_c2_fully_random_seed2,sex_sanity_check,
2,2,accuracy,0.5,6.0,combined_c2_fully_random_seed2,sex_sanity_check,
2,2,auroc,0.75,6.0,combined_c2_fully_random_seed2,sex_sanity_check,
2,3,accuracy,0.8333333333333334,6.0,combined_c2_fully_random_seed2,sex_sanity_check,
2,3,auroc,1.0,6.0,combined_c2_fully_random_seed2,sex_sanity_check,
2,4,accuracy,0.16666666666666666,6.0,combined_c2_fully_random_seed2,sex_sanity_check,
2,4,auroc,,6.0,combined_c2_fully_random_seed2,sex_sanity_check,
2,5,accuracy,0.6666666666666666,6.0,combined_c2_fully_random_seed2,sex_sanity_check,
2,5,auroc,0.75,6.0,combined_c2_fully_random_seed2,sex_sanity_check,
3,0,accuracy,0.6666666666666666,6.0,combined_c2_fully_random_seed2,sex_sanity_check,
3,0,auroc,0.6666666666666667,6.0,combined_c2_fully_random_seed2,sex_sanity_check,
3,1,accuracy,0.8333333333333334,6.0,combined_c2_fully_random_seed2,sex_sanity_check,
3,1,auroc,1.0,6.0,combined_c2_fully_random_seed2,sex_sanity_check,
3,2,accuracy,0.8333333333333334,6.0,combined_c2_fully_random_seed2,sex_sanity_check,
3,2,auroc,0.875,6.0,combined_c2_fully_random_seed2,sex_sanity_check,
3,3,accuracy,0.6666666666666666,6.0,combined_c2_fully_random_seed2,sex_sanity_check,
3,3,auroc,0.5555555555555556,6.0,combined_c2_fully_random_seed2,sex_sanity_check,
3,4,accuracy,0.6666666666666666,6.0,combined_c2_fully_random_seed2,sex_sanity_check,
3,4,auroc,1.0,6.0,combined_c2_fully_random_seed2,sex_sanity_check,
3,5,accuracy,0.5,6.0,combined_c2_fully_random_seed2,sex_sanity_check,
3,5,auroc,0.625,6.0,combined_c2_fully_random_seed2,sex_sanity_check,
4,0,accuracy,0.6666666666666666,6.0,combined_c2_fully_random_seed2,sex_sanity_check,
4,0,auroc,0.7777777777777778,6.0,combined_c2_fully_random_seed2,sex_sanity_check,
4,1,accuracy,0.6666666666666666,6.0,combined_c2_fully_random_seed2,sex_sanity_check,
4,1,auroc,0.625,6.0,combined_c2_fully_random_seed2,sex_sanity_check,
4,2,accuracy,0.6666666666666666,6.0,combined_c2_fully_random_seed2,sex_sanity_check,
4,2,auroc,0.888888888888889,6.0,combined_c2_fully_random_seed2,sex_sanity_check,
4,3,accuracy,0.16666666666666666,6.0,combined_c2_fully_random_seed2,sex_sanity_check,
4,3,auroc,0.0,6.0,combined_c2_fully_random_seed2,sex_sanity_check,
4,4,accuracy,0.5,6.0,combined_c2_fully_random_seed2,sex_sanity_check,
4,4,auroc,0.6,6.0,combined_c2_fully_random_seed2,sex_sanity_check,
4,5,accuracy,1.0,6.0,combined_c2_fully_random_seed2,sex_sanity_check,
4,5,auroc,,6.0,combined_c2_fully_random_seed2,sex_sanity_check,
0,0,r2,-3.363958285654542,,combined_c2_fully_random_seed2,lib_size_leakage,
0,1,r2,-0.059603529736643956,,combined_c2_fully_random_seed2,lib_size_leakage,
0,2,r2,-2.407064024345706,,combined_c2_fully_random_seed2,lib_size_leakage,
0,3,r2,-0.6731800053866288,,combined_c2_fully_random_seed2,lib_size_leakage,
0,4,r2,-4.761144053738381,,combined_c2_fully_random_seed2,lib_size_leakage,
0,5,r2,-0.6422541492897136,,combined_c2_fully_random_seed2,lib_size_leakage,
1,0,r2,-0.550610445526422,,combined_c2_fully_random_seed2,lib_size_leakage,
1,1,r2,-1.9385151332374226,,combined_c2_fully_random_seed2,lib_size_leakage,
1,2,r2,-8.041819779826985,,combined_c2_fully_random_seed2,lib_size_leakage,
1,3,r2,-0.9356159387167771,,combined_c2_fully_random_seed2,lib_size_leakage,
1,4,r2,-1.10051946916432,,combined_c2_fully_random_seed2,lib_size_leakage,
1,5,r2,-0.06936570057442104,,combined_c2_fully_random_seed2,lib_size_leakage,
2,0,r2,-2.5706781971723616,,combined_c2_fully_random_seed2,lib_size_leakage,
2,1,r2,-2.8229921802060307,,combined_c2_fully_random_seed2,lib_size_leakage,
2,2,r2,-0.49277897156103334,,combined_c2_fully_random_seed2,lib_size_leakage,
2,3,r2,-0.01765605862940922,,combined_c2_fully_random_seed2,lib_size_leakage,
2,4,r2,-5.3441475917700965,,combined_c2_fully_random_seed2,lib_size_leakage,
2,5,r2,-0.8822595093433583,,combined_c2_fully_random_seed2,lib_size_leakage,
3,0,r2,-5.369088281889509,,combined_c2_fully_random_seed2,lib_size_leakage,
3,1,r2,-1.4279429302448672,,combined_c2_fully_random_seed2,lib_size_leakage,
3,2,r2,-0.6833743463990669,,combined_c2_fully_random_seed2,lib_size_leakage,
3,3,r2,-0.9142451053041545,,combined_c2_fully_random_seed2,lib_size_leakage,
3,4,r2,-0.5531409723810286,,combined_c2_fully_random_seed2,lib_size_leakage,
3,5,r2,-0.4244180006694398,,combined_c2_fully_random_seed2,lib_size_leakage,
4,0,r2,-2.510484898304581,,combined_c2_fully_random_seed2,lib_size_leakage,
4,1,r2,-6.4344114890872355,,combined_c2_fully_random_seed2,lib_size_leakage,
4,2,r2,-1.153618462708753,,combined_c2_fully_random_seed2,lib_size_leakage,
4,3,r2,-0.8766333602363916,,combined_c2_fully_random_seed2,lib_size_leakage,
4,4,r2,-0.6641824746384868,,combined_c2_fully_random_seed2,lib_size_leakage,
4,5,r2,-0.45429784672503937,,combined_c2_fully_random_seed2,lib_size_leakage,
0,0,accuracy,0.24675324675324675,,combined_c2_fully_random_seed2,celltype_sanity_check,77.0
0,1,accuracy,0.3116883116883117,,combined_c2_fully_random_seed2,celltype_sanity_check,77.0
0,2,accuracy,0.3116883116883117,,combined_c2_fully_random_seed2,celltype_sanity_check,77.0
0,3,accuracy,0.37662337662337664,,combined_c2_fully_random_seed2,celltype_sanity_check,77.0
0,4,accuracy,0.3116883116883117,,combined_c2_fully_random_seed2,celltype_sanity_check,77.0
0,5,accuracy,0.3157894736842105,,combined_c2_fully_random_seed2,celltype_sanity_check,76.0
1,0,accuracy,0.3116883116883117,,combined_c2_fully_random_seed2,celltype_sanity_check,77.0
1,1,accuracy,0.3246753246753247,,combined_c2_fully_random_seed2,celltype_sanity_check,77.0
1,2,accuracy,0.18181818181818182,,combined_c2_fully_random_seed2,celltype_sanity_check,77.0
1,3,accuracy,0.2857142857142857,,combined_c2_fully_random_seed2,celltype_sanity_check,77.0
1,4,accuracy,0.2597402597402597,,combined_c2_fully_random_seed2,celltype_sanity_check,77.0
1,5,accuracy,0.3026315789473684,,combined_c2_fully_random_seed2,celltype_sanity_check,76.0
2,0,accuracy,0.2857142857142857,,combined_c2_fully_random_seed2,celltype_sanity_check,77.0
2,1,accuracy,0.2857142857142857,,combined_c2_fully_random_seed2,celltype_sanity_check,77.0
2,2,accuracy,0.2597402597402597,,combined_c2_fully_random_seed2,celltype_sanity_check,77.0
2,3,accuracy,0.2987012987012987,,combined_c2_fully_random_seed2,celltype_sanity_check,77.0
2,4,accuracy,0.2857142857142857,,combined_c2_fully_random_seed2,celltype_sanity_check,77.0
2,5,accuracy,0.2894736842105263,,combined_c2_fully_random_seed2,celltype_sanity_check,76.0
3,0,accuracy,0.35064935064935066,,combined_c2_fully_random_seed2,celltype_sanity_check,77.0
3,1,accuracy,0.2077922077922078,,combined_c2_fully_random_seed2,celltype_sanity_check,77.0
3,2,accuracy,0.3116883116883117,,combined_c2_fully_random_seed2,celltype_sanity_check,77.0
3,3,accuracy,0.37662337662337664,,combined_c2_fully_random_seed2,celltype_sanity_check,77.0
3,4,accuracy,0.3157894736842105,,combined_c2_fully_random_seed2,celltype_sanity_check,76.0
3,5,accuracy,0.33766233766233766,,combined_c2_fully_random_seed2,celltype_sanity_check,77.0
4,0,accuracy,0.35064935064935066,,combined_c2_fully_random_seed2,celltype_sanity_check,77.0
4,1,accuracy,0.3116883116883117,,combined_c2_fully_random_seed2,celltype_sanity_check,77.0
4,2,accuracy,0.2597402597402597,,combined_c2_fully_random_seed2,celltype_sanity_check,77.0
4,3,accuracy,0.4155844155844156,,combined_c2_fully_random_seed2,celltype_sanity_check,77.0
4,4,accuracy,0.3116883116883117,,combined_c2_fully_random_seed2,celltype_sanity_check,77.0
4,5,accuracy,0.27631578947368424,,combined_c2_fully_random_seed2,celltype_sanity_check,76.0
0,0,accuracy,0.5,6.0,combined_only_tf_real_seed2,disease_status,
0,0,auroc,0.22222222222222224,6.0,combined_only_tf_real_seed2,disease_status,
0,1,accuracy,0.5,6.0,combined_only_tf_real_seed2,disease_status,
0,1,auroc,0.5555555555555556,6.0,combined_only_tf_real_seed2,disease_status,
0,2,accuracy,0.5,6.0,combined_only_tf_real_seed2,disease_status,
0,2,auroc,0.5555555555555556,6.0,combined_only_tf_real_seed2,disease_status,
0,3,accuracy,0.6666666666666666,6.0,combined_only_tf_real_seed2,disease_status,
0,3,auroc,0.6666666666666667,6.0,combined_only_tf_real_seed2,disease_status,
0,4,accuracy,1.0,6.0,combined_only_tf_real_seed2,disease_status,
0,4,auroc,1.0,6.0,combined_only_tf_real_seed2,disease_status,
0,5,accuracy,0.6666666666666666,6.0,combined_only_tf_real_seed2,disease_status,
0,5,auroc,0.4444444444444445,6.0,combined_only_tf_real_seed2,disease_status,
1,0,accuracy,0.0,6.0,combined_only_tf_real_seed2,disease_status,
1,0,auroc,0.0,6.0,combined_only_tf_real_seed2,disease_status,
1,1,accuracy,0.3333333333333333,6.0,combined_only_tf_real_seed2,disease_status,
1,1,auroc,0.22222222222222224,6.0,combined_only_tf_real_seed2,disease_status,
1,2,accuracy,0.5,6.0,combined_only_tf_real_seed2,disease_status,
1,2,auroc,0.5555555555555556,6.0,combined_only_tf_real_seed2,disease_status,
1,3,accuracy,0.8333333333333334,6.0,combined_only_tf_real_seed2,disease_status,
1,3,auroc,1.0,6.0,combined_only_tf_real_seed2,disease_status,
1,4,accuracy,0.5,6.0,combined_only_tf_real_seed2,disease_status,
1,4,auroc,0.5555555555555556,6.0,combined_only_tf_real_seed2,disease_status,
1,5,accuracy,0.3333333333333333,6.0,combined_only_tf_real_seed2,disease_status,
1,5,auroc,0.33333333333333337,6.0,combined_only_tf_real_seed2,disease_status,
2,0,accuracy,0.3333333333333333,6.0,combined_only_tf_real_seed2,disease_status,
2,0,auroc,0.22222222222222224,6.0,combined_only_tf_real_seed2,disease_status,
2,1,accuracy,0.6666666666666666,6.0,combined_only_tf_real_seed2,disease_status,
2,1,auroc,0.6666666666666667,6.0,combined_only_tf_real_seed2,disease_status,
2,2,accuracy,0.3333333333333333,6.0,combined_only_tf_real_seed2,disease_status,
2,2,auroc,0.5555555555555556,6.0,combined_only_tf_real_seed2,disease_status,
2,3,accuracy,0.6666666666666666,6.0,combined_only_tf_real_seed2,disease_status,
2,3,auroc,0.6666666666666666,6.0,combined_only_tf_real_seed2,disease_status,
2,4,accuracy,0.6666666666666666,6.0,combined_only_tf_real_seed2,disease_status,
2,4,auroc,0.6666666666666667,6.0,combined_only_tf_real_seed2,disease_status,
2,5,accuracy,0.5,6.0,combined_only_tf_real_seed2,disease_status,
2,5,auroc,0.4444444444444445,6.0,combined_only_tf_real_seed2,disease_status,
3,0,accuracy,0.3333333333333333,6.0,combined_only_tf_real_seed2,disease_status,
3,0,auroc,0.3333333333333333,6.0,combined_only_tf_real_seed2,disease_status,
3,1,accuracy,0.3333333333333333,6.0,combined_only_tf_real_seed2,disease_status,
3,1,auroc,0.33333333333333337,6.0,combined_only_tf_real_seed2,disease_status,
3,2,accuracy,0.5,6.0,combined_only_tf_real_seed2,disease_status,
3,2,auroc,0.6666666666666667,6.0,combined_only_tf_real_seed2,disease_status,
3,3,accuracy,0.5,6.0,combined_only_tf_real_seed2,disease_status,
3,3,auroc,0.6666666666666667,6.0,combined_only_tf_real_seed2,disease_status,
3,4,accuracy,0.6666666666666666,6.0,combined_only_tf_real_seed2,disease_status,
3,4,auroc,0.888888888888889,6.0,combined_only_tf_real_seed2,disease_status,
3,5,accuracy,0.16666666666666666,6.0,combined_only_tf_real_seed2,disease_status,
3,5,auroc,0.0,6.0,combined_only_tf_real_seed2,disease_status,
4,0,accuracy,0.6666666666666666,6.0,combined_only_tf_real_seed2,disease_status,
4,0,auroc,0.888888888888889,6.0,combined_only_tf_real_seed2,disease_status,
4,1,accuracy,0.5,6.0,combined_only_tf_real_seed2,disease_status,
4,1,auroc,0.5555555555555556,6.0,combined_only_tf_real_seed2,disease_status,
4,2,accuracy,0.8333333333333334,6.0,combined_only_tf_real_seed2,disease_status,
4,2,auroc,0.888888888888889,6.0,combined_only_tf_real_seed2,disease_status,
4,3,accuracy,0.6666666666666666,6.0,combined_only_tf_real_seed2,disease_status,
4,3,auroc,0.5555555555555556,6.0,combined_only_tf_real_seed2,disease_status,
4,4,accuracy,0.5,6.0,combined_only_tf_real_seed2,disease_status,
4,4,auroc,0.6666666666666667,6.0,combined_only_tf_real_seed2,disease_status,
4,5,accuracy,0.16666666666666666,6.0,combined_only_tf_real_seed2,disease_status,
4,5,auroc,0.11111111111111112,6.0,combined_only_tf_real_seed2,disease_status,
0,0,accuracy,0.6666666666666666,6.0,combined_only_tf_real_seed2,sex_sanity_check,
0,0,auroc,0.8,6.0,combined_only_tf_real_seed2,sex_sanity_check,
0,1,accuracy,0.5,6.0,combined_only_tf_real_seed2,sex_sanity_check,
0,1,auroc,0.375,6.0,combined_only_tf_real_seed2,sex_sanity_check,
0,2,accuracy,0.8333333333333334,6.0,combined_only_tf_real_seed2,sex_sanity_check,
0,2,auroc,1.0,6.0,combined_only_tf_real_seed2,sex_sanity_check,
0,3,accuracy,0.6666666666666666,6.0,combined_only_tf_real_seed2,sex_sanity_check,
0,3,auroc,0.8,6.0,combined_only_tf_real_seed2,sex_sanity_check,
0,4,accuracy,0.8333333333333334,6.0,combined_only_tf_real_seed2,sex_sanity_check,
0,4,auroc,0.7777777777777778,6.0,combined_only_tf_real_seed2,sex_sanity_check,
0,5,accuracy,0.5,6.0,combined_only_tf_real_seed2,sex_sanity_check,
0,5,auroc,1.0,6.0,combined_only_tf_real_seed2,sex_sanity_check,
1,0,accuracy,0.5,6.0,combined_only_tf_real_seed2,sex_sanity_check,
1,0,auroc,0.75,6.0,combined_only_tf_real_seed2,sex_sanity_check,
1,1,accuracy,0.5,6.0,combined_only_tf_real_seed2,sex_sanity_check,
1,1,auroc,1.0,6.0,combined_only_tf_real_seed2,sex_sanity_check,
1,2,accuracy,0.8333333333333334,6.0,combined_only_tf_real_seed2,sex_sanity_check,
1,2,auroc,1.0,6.0,combined_only_tf_real_seed2,sex_sanity_check,
1,3,accuracy,0.6666666666666666,6.0,combined_only_tf_real_seed2,sex_sanity_check,
1,3,auroc,0.875,6.0,combined_only_tf_real_seed2,sex_sanity_check,
1,4,accuracy,0.8333333333333334,6.0,combined_only_tf_real_seed2,sex_sanity_check,
1,4,auroc,1.0,6.0,combined_only_tf_real_seed2,sex_sanity_check,
1,5,accuracy,0.5,6.0,combined_only_tf_real_seed2,sex_sanity_check,
1,5,auroc,0.75,6.0,combined_only_tf_real_seed2,sex_sanity_check,
2,0,accuracy,0.6666666666666666,6.0,combined_only_tf_real_seed2,sex_sanity_check,
2,0,auroc,1.0,6.0,combined_only_tf_real_seed2,sex_sanity_check,
2,1,accuracy,0.8333333333333334,6.0,combined_only_tf_real_seed2,sex_sanity_check,
2,1,auroc,1.0,6.0,combined_only_tf_real_seed2,sex_sanity_check,
2,2,accuracy,0.6666666666666666,6.0,combined_only_tf_real_seed2,sex_sanity_check,
2,2,auroc,1.0,6.0,combined_only_tf_real_seed2,sex_sanity_check,
2,3,accuracy,0.8333333333333334,6.0,combined_only_tf_real_seed2,sex_sanity_check,
2,3,auroc,1.0,6.0,combined_only_tf_real_seed2,sex_sanity_check,
2,4,accuracy,0.16666666666666666,6.0,combined_only_tf_real_seed2,sex_sanity_check,
2,4,auroc,,6.0,combined_only_tf_real_seed2,sex_sanity_check,
2,5,accuracy,0.6666666666666666,6.0,combined_only_tf_real_seed2,sex_sanity_check,
2,5,auroc,0.625,6.0,combined_only_tf_real_seed2,sex_sanity_check,
3,0,accuracy,0.5,6.0,combined_only_tf_real_seed2,sex_sanity_check,
3,0,auroc,0.7777777777777778,6.0,combined_only_tf_real_seed2,sex_sanity_check,
3,1,accuracy,0.6666666666666666,6.0,combined_only_tf_real_seed2,sex_sanity_check,
3,1,auroc,0.8,6.0,combined_only_tf_real_seed2,sex_sanity_check,
3,2,accuracy,0.6666666666666666,6.0,combined_only_tf_real_seed2,sex_sanity_check,
3,2,auroc,0.75,6.0,combined_only_tf_real_seed2,sex_sanity_check,
3,3,accuracy,0.5,6.0,combined_only_tf_real_seed2,sex_sanity_check,
3,3,auroc,0.33333333333333337,6.0,combined_only_tf_real_seed2,sex_sanity_check,
3,4,accuracy,1.0,6.0,combined_only_tf_real_seed2,sex_sanity_check,
3,4,auroc,1.0,6.0,combined_only_tf_real_seed2,sex_sanity_check,
3,5,accuracy,0.6666666666666666,6.0,combined_only_tf_real_seed2,sex_sanity_check,
3,5,auroc,0.75,6.0,combined_only_tf_real_seed2,sex_sanity_check,
4,0,accuracy,0.6666666666666666,6.0,combined_only_tf_real_seed2,sex_sanity_check,
4,0,auroc,1.0,6.0,combined_only_tf_real_seed2,sex_sanity_check,
4,1,accuracy,0.3333333333333333,6.0,combined_only_tf_real_seed2,sex_sanity_check,
4,1,auroc,0.5,6.0,combined_only_tf_real_seed2,sex_sanity_check,
4,2,accuracy,0.8333333333333334,6.0,combined_only_tf_real_seed2,sex_sanity_check,
4,2,auroc,1.0,6.0,combined_only_tf_real_seed2,sex_sanity_check,
4,3,accuracy,0.3333333333333333,6.0,combined_only_tf_real_seed2,sex_sanity_check,
4,3,auroc,0.0,6.0,combined_only_tf_real_seed2,sex_sanity_check,
4,4,accuracy,0.8333333333333334,6.0,combined_only_tf_real_seed2,sex_sanity_check,
4,4,auroc,1.0,6.0,combined_only_tf_real_seed2,sex_sanity_check,
4,5,accuracy,1.0,6.0,combined_only_tf_real_seed2,sex_sanity_check,
4,5,auroc,,6.0,combined_only_tf_real_seed2,sex_sanity_check,
0,0,r2,-1.5811761195434926,,combined_only_tf_real_seed2,lib_size_leakage,
0,1,r2,0.13759137388335219,,combined_only_tf_real_seed2,lib_size_leakage,
0,2,r2,-0.9653908416933834,,combined_only_tf_real_seed2,lib_size_leakage,
0,3,r2,-0.5389620361139473,,combined_only_tf_real_seed2,lib_size_leakage,
0,4,r2,-2.2730094641439544,,combined_only_tf_real_seed2,lib_size_leakage,
0,5,r2,-0.5767743597501063,,combined_only_tf_real_seed2,lib_size_leakage,
1,0,r2,0.057761621943341224,,combined_only_tf_real_seed2,lib_size_leakage,
1,1,r2,-1.4747489799265137,,combined_only_tf_real_seed2,lib_size_leakage,
1,2,r2,-11.655528272586462,,combined_only_tf_real_seed2,lib_size_leakage,
1,3,r2,-1.0405209196942153,,combined_only_tf_real_seed2,lib_size_leakage,
1,4,r2,-0.2845948465334158,,combined_only_tf_real_seed2,lib_size_leakage,
1,5,r2,-0.2614439067575267,,combined_only_tf_real_seed2,lib_size_leakage,
2,0,r2,-0.7244407925538516,,combined_only_tf_real_seed2,lib_size_leakage,
2,1,r2,-1.4843461556401318,,combined_only_tf_real_seed2,lib_size_leakage,
2,2,r2,-0.7223112055694385,,combined_only_tf_real_seed2,lib_size_leakage,
2,3,r2,0.23670280344526595,,combined_only_tf_real_seed2,lib_size_leakage,
2,4,r2,-1.8273204965206,,combined_only_tf_real_seed2,lib_size_leakage,
2,5,r2,-0.8600902310094625,,combined_only_tf_real_seed2,lib_size_leakage,
3,0,r2,-3.2065617067571868,,combined_only_tf_real_seed2,lib_size_leakage,
3,1,r2,-1.2159623032841589,,combined_only_tf_real_seed2,lib_size_leakage,
3,2,r2,-0.9316151549108342,,combined_only_tf_real_seed2,lib_size_leakage,
3,3,r2,0.20240066496464892,,combined_only_tf_real_seed2,lib_size_leakage,
3,4,r2,-0.019831441895632018,,combined_only_tf_real_seed2,lib_size_leakage,
3,5,r2,-0.9457860272779941,,combined_only_tf_real_seed2,lib_size_leakage,
4,0,r2,-0.9345781235936534,,combined_only_tf_real_seed2,lib_size_leakage,
4,1,r2,-3.7571380727336425,,combined_only_tf_real_seed2,lib_size_leakage,
4,2,r2,-1.4692845817107405,,combined_only_tf_real_seed2,lib_size_leakage,
4,3,r2,-1.5636646730204502,,combined_only_tf_real_seed2,lib_size_leakage,
4,4,r2,-0.4108396730804298,,combined_only_tf_real_seed2,lib_size_leakage,
4,5,r2,0.19409425505081446,,combined_only_tf_real_seed2,lib_size_leakage,
0,0,accuracy,0.38961038961038963,,combined_only_tf_real_seed2,celltype_sanity_check,77.0
0,1,accuracy,0.44155844155844154,,combined_only_tf_real_seed2,celltype_sanity_check,77.0
0,2,accuracy,0.4675324675324675,,combined_only_tf_real_seed2,celltype_sanity_check,77.0
0,3,accuracy,0.42857142857142855,,combined_only_tf_real_seed2,celltype_sanity_check,77.0
0,4,accuracy,0.35064935064935066,,combined_only_tf_real_seed2,celltype_sanity_check,77.0
0,5,accuracy,0.40789473684210525,,combined_only_tf_real_seed2,celltype_sanity_check,76.0
1,0,accuracy,0.45454545454545453,,combined_only_tf_real_seed2,celltype_sanity_check,77.0
1,1,accuracy,0.36363636363636365,,combined_only_tf_real_seed2,celltype_sanity_check,77.0
1,2,accuracy,0.2987012987012987,,combined_only_tf_real_seed2,celltype_sanity_check,77.0
1,3,accuracy,0.37662337662337664,,combined_only_tf_real_seed2,celltype_sanity_check,77.0
1,4,accuracy,0.44155844155844154,,combined_only_tf_real_seed2,celltype_sanity_check,77.0
1,5,accuracy,0.3815789473684211,,combined_only_tf_real_seed2,celltype_sanity_check,76.0
2,0,accuracy,0.42857142857142855,,combined_only_tf_real_seed2,celltype_sanity_check,77.0
2,1,accuracy,0.44155844155844154,,combined_only_tf_real_seed2,celltype_sanity_check,77.0
2,2,accuracy,0.3116883116883117,,combined_only_tf_real_seed2,celltype_sanity_check,77.0
2,3,accuracy,0.45454545454545453,,combined_only_tf_real_seed2,celltype_sanity_check,77.0
2,4,accuracy,0.45454545454545453,,combined_only_tf_real_seed2,celltype_sanity_check,77.0
2,5,accuracy,0.3815789473684211,,combined_only_tf_real_seed2,celltype_sanity_check,76.0
3,0,accuracy,0.5454545454545454,,combined_only_tf_real_seed2,celltype_sanity_check,77.0
3,1,accuracy,0.35064935064935066,,combined_only_tf_real_seed2,celltype_sanity_check,77.0
3,2,accuracy,0.42857142857142855,,combined_only_tf_real_seed2,celltype_sanity_check,77.0
3,3,accuracy,0.33766233766233766,,combined_only_tf_real_seed2,celltype_sanity_check,77.0
3,4,accuracy,0.4605263157894737,,combined_only_tf_real_seed2,celltype_sanity_check,76.0
3,5,accuracy,0.3246753246753247,,combined_only_tf_real_seed2,celltype_sanity_check,77.0
4,0,accuracy,0.4675324675324675,,combined_only_tf_real_seed2,celltype_sanity_check,77.0
4,1,accuracy,0.35064935064935066,,combined_only_tf_real_seed2,celltype_sanity_check,77.0
4,2,accuracy,0.36363636363636365,,combined_only_tf_real_seed2,celltype_sanity_check,77.0
4,3,accuracy,0.5194805194805194,,combined_only_tf_real_seed2,celltype_sanity_check,77.0
4,4,accuracy,0.36363636363636365,,combined_only_tf_real_seed2,celltype_sanity_check,77.0
4,5,accuracy,0.3157894736842105,,combined_only_tf_real_seed2,celltype_sanity_check,76.0
0,0,accuracy,0.16666666666666666,6.0,combined_only_epi_real_seed2,disease_status,
0,0,auroc,0.22222222222222224,6.0,combined_only_epi_real_seed2,disease_status,
0,1,accuracy,0.5,6.0,combined_only_epi_real_seed2,disease_status,
0,1,auroc,0.4444444444444445,6.0,combined_only_epi_real_seed2,disease_status,
0,2,accuracy,0.16666666666666666,6.0,combined_only_epi_real_seed2,disease_status,
0,2,auroc,0.11111111111111112,6.0,combined_only_epi_real_seed2,disease_status,
0,3,accuracy,0.5,6.0,combined_only_epi_real_seed2,disease_status,
0,3,auroc,0.33333333333333337,6.0,combined_only_epi_real_seed2,disease_status,
0,4,accuracy,0.3333333333333333,6.0,combined_only_epi_real_seed2,disease_status,
0,4,auroc,0.22222222222222224,6.0,combined_only_epi_real_seed2,disease_status,
0,5,accuracy,0.8333333333333334,6.0,combined_only_epi_real_seed2,disease_status,
0,5,auroc,0.6666666666666666,6.0,combined_only_epi_real_seed2,disease_status,
1,0,accuracy,0.3333333333333333,6.0,combined_only_epi_real_seed2,disease_status,
1,0,auroc,0.4444444444444445,6.0,combined_only_epi_real_seed2,disease_status,
1,1,accuracy,0.16666666666666666,6.0,combined_only_epi_real_seed2,disease_status,
1,1,auroc,0.0,6.0,combined_only_epi_real_seed2,disease_status,
1,2,accuracy,0.3333333333333333,6.0,combined_only_epi_real_seed2,disease_status,
1,2,auroc,0.3333333333333333,6.0,combined_only_epi_real_seed2,disease_status,
1,3,accuracy,0.16666666666666666,6.0,combined_only_epi_real_seed2,disease_status,
1,3,auroc,0.11111111111111112,6.0,combined_only_epi_real_seed2,disease_status,
1,4,accuracy,0.6666666666666666,6.0,combined_only_epi_real_seed2,disease_status,
1,4,auroc,0.4444444444444445,6.0,combined_only_epi_real_seed2,disease_status,
1,5,accuracy,0.3333333333333333,6.0,combined_only_epi_real_seed2,disease_status,
1,5,auroc,0.22222222222222224,6.0,combined_only_epi_real_seed2,disease_status,
2,0,accuracy,0.16666666666666666,6.0,combined_only_epi_real_seed2,disease_status,
2,0,auroc,0.0,6.0,combined_only_epi_real_seed2,disease_status,
2,1,accuracy,0.5,6.0,combined_only_epi_real_seed2,disease_status,
2,1,auroc,0.4444444444444445,6.0,combined_only_epi_real_seed2,disease_status,
2,2,accuracy,0.5,6.0,combined_only_epi_real_seed2,disease_status,
2,2,auroc,0.33333333333333337,6.0,combined_only_epi_real_seed2,disease_status,
2,3,accuracy,0.5,6.0,combined_only_epi_real_seed2,disease_status,
2,3,auroc,0.3333333333333333,6.0,combined_only_epi_real_seed2,disease_status,
2,4,accuracy,0.3333333333333333,6.0,combined_only_epi_real_seed2,disease_status,
2,4,auroc,0.5555555555555556,6.0,combined_only_epi_real_seed2,disease_status,
2,5,accuracy,0.5,6.0,combined_only_epi_real_seed2,disease_status,
2,5,auroc,0.6666666666666667,6.0,combined_only_epi_real_seed2,disease_status,
3,0,accuracy,0.3333333333333333,6.0,combined_only_epi_real_seed2,disease_status,
3,0,auroc,0.33333333333333337,6.0,combined_only_epi_real_seed2,disease_status,
3,1,accuracy,0.0,6.0,combined_only_epi_real_seed2,disease_status,
3,1,auroc,0.0,6.0,combined_only_epi_real_seed2,disease_status,
3,2,accuracy,0.5,6.0,combined_only_epi_real_seed2,disease_status,
3,2,auroc,0.33333333333333337,6.0,combined_only_epi_real_seed2,disease_status,
3,3,accuracy,0.3333333333333333,6.0,combined_only_epi_real_seed2,disease_status,
3,3,auroc,0.33333333333333337,6.0,combined_only_epi_real_seed2,disease_status,
3,4,accuracy,0.6666666666666666,6.0,combined_only_epi_real_seed2,disease_status,
3,4,auroc,0.5555555555555556,6.0,combined_only_epi_real_seed2,disease_status,
3,5,accuracy,0.0,6.0,combined_only_epi_real_seed2,disease_status,
3,5,auroc,0.0,6.0,combined_only_epi_real_seed2,disease_status,
4,0,accuracy,0.5,6.0,combined_only_epi_real_seed2,disease_status,
4,0,auroc,0.22222222222222224,6.0,combined_only_epi_real_seed2,disease_status,
4,1,accuracy,0.16666666666666666,6.0,combined_only_epi_real_seed2,disease_status,
4,1,auroc,0.11111111111111112,6.0,combined_only_epi_real_seed2,disease_status,
4,2,accuracy,0.3333333333333333,6.0,combined_only_epi_real_seed2,disease_status,
4,2,auroc,0.33333333333333337,6.0,combined_only_epi_real_seed2,disease_status,
4,3,accuracy,0.3333333333333333,6.0,combined_only_epi_real_seed2,disease_status,
4,3,auroc,0.4444444444444445,6.0,combined_only_epi_real_seed2,disease_status,
4,4,accuracy,0.5,6.0,combined_only_epi_real_seed2,disease_status,
4,4,auroc,0.33333333333333337,6.0,combined_only_epi_real_seed2,disease_status,
4,5,accuracy,0.3333333333333333,6.0,combined_only_epi_real_seed2,disease_status,
4,5,auroc,0.3333333333333333,6.0,combined_only_epi_real_seed2,disease_status,
0,0,accuracy,0.5,6.0,combined_only_epi_real_seed2,sex_sanity_check,
0,0,auroc,0.6,6.0,combined_only_epi_real_seed2,sex_sanity_check,
0,1,accuracy,0.3333333333333333,6.0,combined_only_epi_real_seed2,sex_sanity_check,
0,1,auroc,0.125,6.0,combined_only_epi_real_seed2,sex_sanity_check,
0,2,accuracy,0.6666666666666666,6.0,combined_only_epi_real_seed2,sex_sanity_check,
0,2,auroc,0.75,6.0,combined_only_epi_real_seed2,sex_sanity_check,
0,3,accuracy,0.6666666666666666,6.0,combined_only_epi_real_seed2,sex_sanity_check,
0,3,auroc,0.8,6.0,combined_only_epi_real_seed2,sex_sanity_check,
0,4,accuracy,0.5,6.0,combined_only_epi_real_seed2,sex_sanity_check,
0,4,auroc,0.7777777777777778,6.0,combined_only_epi_real_seed2,sex_sanity_check,
0,5,accuracy,0.5,6.0,combined_only_epi_real_seed2,sex_sanity_check,
0,5,auroc,0.7777777777777778,6.0,combined_only_epi_real_seed2,sex_sanity_check,
1,0,accuracy,0.5,6.0,combined_only_epi_real_seed2,sex_sanity_check,
1,0,auroc,0.625,6.0,combined_only_epi_real_seed2,sex_sanity_check,
1,1,accuracy,0.6666666666666666,6.0,combined_only_epi_real_seed2,sex_sanity_check,
1,1,auroc,0.6,6.0,combined_only_epi_real_seed2,sex_sanity_check,
1,2,accuracy,0.16666666666666666,6.0,combined_only_epi_real_seed2,sex_sanity_check,
1,2,auroc,0.33333333333333337,6.0,combined_only_epi_real_seed2,sex_sanity_check,
1,3,accuracy,0.8333333333333334,6.0,combined_only_epi_real_seed2,sex_sanity_check,
1,3,auroc,0.875,6.0,combined_only_epi_real_seed2,sex_sanity_check,
1,4,accuracy,0.6666666666666666,6.0,combined_only_epi_real_seed2,sex_sanity_check,
1,4,auroc,1.0,6.0,combined_only_epi_real_seed2,sex_sanity_check,
1,5,accuracy,0.6666666666666666,6.0,combined_only_epi_real_seed2,sex_sanity_check,
1,5,auroc,0.5,6.0,combined_only_epi_real_seed2,sex_sanity_check,
2,0,accuracy,0.6666666666666666,6.0,combined_only_epi_real_seed2,sex_sanity_check,
2,0,auroc,0.75,6.0,combined_only_epi_real_seed2,sex_sanity_check,
2,1,accuracy,0.8333333333333334,6.0,combined_only_epi_real_seed2,sex_sanity_check,
2,1,auroc,0.7777777777777779,6.0,combined_only_epi_real_seed2,sex_sanity_check,
2,2,accuracy,0.5,6.0,combined_only_epi_real_seed2,sex_sanity_check,
2,2,auroc,1.0,6.0,combined_only_epi_real_seed2,sex_sanity_check,
2,3,accuracy,0.6666666666666666,6.0,combined_only_epi_real_seed2,sex_sanity_check,
2,3,auroc,1.0,6.0,combined_only_epi_real_seed2,sex_sanity_check,
2,4,accuracy,0.16666666666666666,6.0,combined_only_epi_real_seed2,sex_sanity_check,
2,4,auroc,,6.0,combined_only_epi_real_seed2,sex_sanity_check,
2,5,accuracy,0.5,6.0,combined_only_epi_real_seed2,sex_sanity_check,
2,5,auroc,0.625,6.0,combined_only_epi_real_seed2,sex_sanity_check,
3,0,accuracy,0.6666666666666666,6.0,combined_only_epi_real_seed2,sex_sanity_check,
3,0,auroc,0.6666666666666667,6.0,combined_only_epi_real_seed2,sex_sanity_check,
3,1,accuracy,0.6666666666666666,6.0,combined_only_epi_real_seed2,sex_sanity_check,
3,1,auroc,0.8,6.0,combined_only_epi_real_seed2,sex_sanity_check,
3,2,accuracy,0.6666666666666666,6.0,combined_only_epi_real_seed2,sex_sanity_check,
3,2,auroc,0.75,6.0,combined_only_epi_real_seed2,sex_sanity_check,
3,3,accuracy,0.5,6.0,combined_only_epi_real_seed2,sex_sanity_check,
3,3,auroc,0.33333333333333337,6.0,combined_only_epi_real_seed2,sex_sanity_check,
3,4,accuracy,0.8333333333333334,6.0,combined_only_epi_real_seed2,sex_sanity_check,
3,4,auroc,1.0,6.0,combined_only_epi_real_seed2,sex_sanity_check,
3,5,accuracy,0.6666666666666666,6.0,combined_only_epi_real_seed2,sex_sanity_check,
3,5,auroc,0.625,6.0,combined_only_epi_real_seed2,sex_sanity_check,
4,0,accuracy,0.5,6.0,combined_only_epi_real_seed2,sex_sanity_check,
4,0,auroc,1.0,6.0,combined_only_epi_real_seed2,sex_sanity_check,
4,1,accuracy,0.5,6.0,combined_only_epi_real_seed2,sex_sanity_check,
4,1,auroc,0.375,6.0,combined_only_epi_real_seed2,sex_sanity_check,
4,2,accuracy,0.5,6.0,combined_only_epi_real_seed2,sex_sanity_check,
4,2,auroc,0.7777777777777778,6.0,combined_only_epi_real_seed2,sex_sanity_check,
4,3,accuracy,0.16666666666666666,6.0,combined_only_epi_real_seed2,sex_sanity_check,
4,3,auroc,0.11111111111111112,6.0,combined_only_epi_real_seed2,sex_sanity_check,
4,4,accuracy,0.5,6.0,combined_only_epi_real_seed2,sex_sanity_check,
4,4,auroc,0.6,6.0,combined_only_epi_real_seed2,sex_sanity_check,
4,5,accuracy,0.8333333333333334,6.0,combined_only_epi_real_seed2,sex_sanity_check,
4,5,auroc,,6.0,combined_only_epi_real_seed2,sex_sanity_check,
0,0,r2,-1.4795582751694667,,combined_only_epi_real_seed2,lib_size_leakage,
0,1,r2,-0.05721270118611632,,combined_only_epi_real_seed2,lib_size_leakage,
0,2,r2,-1.0852600992990835,,combined_only_epi_real_seed2,lib_size_leakage,
0,3,r2,-0.6654909899626342,,combined_only_epi_real_seed2,lib_size_leakage,
0,4,r2,-4.238057297030394,,combined_only_epi_real_seed2,lib_size_leakage,
0,5,r2,-0.920420530431028,,combined_only_epi_real_seed2,lib_size_leakage,
1,0,r2,-0.25961070969168265,,combined_only_epi_real_seed2,lib_size_leakage,
1,1,r2,-1.7733829612800736,,combined_only_epi_real_seed2,lib_size_leakage,
1,2,r2,-7.305272350892016,,combined_only_epi_real_seed2,lib_size_leakage,
1,3,r2,-0.9242504688433941,,combined_only_epi_real_seed2,lib_size_leakage,
1,4,r2,-0.7418441614475688,,combined_only_epi_real_seed2,lib_size_leakage,
1,5,r2,-0.3104493554488934,,combined_only_epi_real_seed2,lib_size_leakage,
2,0,r2,-0.8390412824543967,,combined_only_epi_real_seed2,lib_size_leakage,
2,1,r2,-1.960166827558571,,combined_only_epi_real_seed2,lib_size_leakage,
2,2,r2,-0.38051475687758884,,combined_only_epi_real_seed2,lib_size_leakage,
2,3,r2,-0.4867270914602597,,combined_only_epi_real_seed2,lib_size_leakage,
2,4,r2,-3.0733640350033644,,combined_only_epi_real_seed2,lib_size_leakage,
2,5,r2,-1.0592449189521718,,combined_only_epi_real_seed2,lib_size_leakage,
3,0,r2,-5.9429631073268885,,combined_only_epi_real_seed2,lib_size_leakage,
3,1,r2,-0.6353999403477908,,combined_only_epi_real_seed2,lib_size_leakage,
3,2,r2,-0.3137104686844836,,combined_only_epi_real_seed2,lib_size_leakage,
3,3,r2,-0.6591833866866568,,combined_only_epi_real_seed2,lib_size_leakage,
3,4,r2,-0.28448674929248075,,combined_only_epi_real_seed2,lib_size_leakage,
3,5,r2,-0.6209714547244314,,combined_only_epi_real_seed2,lib_size_leakage,
4,0,r2,-0.8872957986486198,,combined_only_epi_real_seed2,lib_size_leakage,
4,1,r2,-6.4859192610663925,,combined_only_epi_real_seed2,lib_size_leakage,
4,2,r2,-0.924896330457271,,combined_only_epi_real_seed2,lib_size_leakage,
4,3,r2,-1.0814544439887324,,combined_only_epi_real_seed2,lib_size_leakage,
4,4,r2,-1.0828858865807836,,combined_only_epi_real_seed2,lib_size_leakage,
4,5,r2,-0.07547350300636113,,combined_only_epi_real_seed2,lib_size_leakage,
0,0,accuracy,0.19480519480519481,,combined_only_epi_real_seed2,celltype_sanity_check,77.0
0,1,accuracy,0.16883116883116883,,combined_only_epi_real_seed2,celltype_sanity_check,77.0
0,2,accuracy,0.2857142857142857,,combined_only_epi_real_seed2,celltype_sanity_check,77.0
0,3,accuracy,0.3246753246753247,,combined_only_epi_real_seed2,celltype_sanity_check,77.0
0,4,accuracy,0.24675324675324675,,combined_only_epi_real_seed2,celltype_sanity_check,77.0
0,5,accuracy,0.2631578947368421,,combined_only_epi_real_seed2,celltype_sanity_check,76.0
1,0,accuracy,0.16883116883116883,,combined_only_epi_real_seed2,celltype_sanity_check,77.0
1,1,accuracy,0.2857142857142857,,combined_only_epi_real_seed2,celltype_sanity_check,77.0
1,2,accuracy,0.16883116883116883,,combined_only_epi_real_seed2,celltype_sanity_check,77.0
1,3,accuracy,0.18181818181818182,,combined_only_epi_real_seed2,celltype_sanity_check,77.0
1,4,accuracy,0.3116883116883117,,combined_only_epi_real_seed2,celltype_sanity_check,77.0
1,5,accuracy,0.3684210526315789,,combined_only_epi_real_seed2,celltype_sanity_check,76.0
2,0,accuracy,0.2857142857142857,,combined_only_epi_real_seed2,celltype_sanity_check,77.0
2,1,accuracy,0.2077922077922078,,combined_only_epi_real_seed2,celltype_sanity_check,77.0
2,2,accuracy,0.18181818181818182,,combined_only_epi_real_seed2,celltype_sanity_check,77.0
2,3,accuracy,0.24675324675324675,,combined_only_epi_real_seed2,celltype_sanity_check,77.0
2,4,accuracy,0.22077922077922077,,combined_only_epi_real_seed2,celltype_sanity_check,77.0
2,5,accuracy,0.25,,combined_only_epi_real_seed2,celltype_sanity_check,76.0
3,0,accuracy,0.3116883116883117,,combined_only_epi_real_seed2,celltype_sanity_check,77.0
3,1,accuracy,0.2077922077922078,,combined_only_epi_real_seed2,celltype_sanity_check,77.0
3,2,accuracy,0.24675324675324675,,combined_only_epi_real_seed2,celltype_sanity_check,77.0
3,3,accuracy,0.2597402597402597,,combined_only_epi_real_seed2,celltype_sanity_check,77.0
3,4,accuracy,0.23684210526315788,,combined_only_epi_real_seed2,celltype_sanity_check,76.0
3,5,accuracy,0.22077922077922077,,combined_only_epi_real_seed2,celltype_sanity_check,77.0
4,0,accuracy,0.23376623376623376,,combined_only_epi_real_seed2,celltype_sanity_check,77.0
4,1,accuracy,0.2077922077922078,,combined_only_epi_real_seed2,celltype_sanity_check,77.0
4,2,accuracy,0.15584415584415584,,combined_only_epi_real_seed2,celltype_sanity_check,77.0
4,3,accuracy,0.2727272727272727,,combined_only_epi_real_seed2,celltype_sanity_check,77.0
4,4,accuracy,0.2727272727272727,,combined_only_epi_real_seed2,celltype_sanity_check,77.0
4,5,accuracy,0.23684210526315788,,combined_only_epi_real_seed2,celltype_sanity_check,76.0
0,0,accuracy,0.5,6.0,combined_c1_degree_preserving_seed3,disease_status,
0,0,auroc,0.6666666666666667,6.0,combined_c1_degree_preserving_seed3,disease_status,
0,1,accuracy,0.3333333333333333,6.0,combined_c1_degree_preserving_seed3,disease_status,
0,1,auroc,0.6666666666666667,6.0,combined_c1_degree_preserving_seed3,disease_status,
0,2,accuracy,0.5,6.0,combined_c1_degree_preserving_seed3,disease_status,
0,2,auroc,0.4444444444444444,6.0,combined_c1_degree_preserving_seed3,disease_status,
0,3,accuracy,0.3333333333333333,6.0,combined_c1_degree_preserving_seed3,disease_status,
0,3,auroc,0.22222222222222224,6.0,combined_c1_degree_preserving_seed3,disease_status,
0,4,accuracy,0.0,6.0,combined_c1_degree_preserving_seed3,disease_status,
0,4,auroc,0.0,6.0,combined_c1_degree_preserving_seed3,disease_status,
0,5,accuracy,0.6666666666666666,6.0,combined_c1_degree_preserving_seed3,disease_status,
0,5,auroc,0.7777777777777779,6.0,combined_c1_degree_preserving_seed3,disease_status,
1,0,accuracy,0.3333333333333333,6.0,combined_c1_degree_preserving_seed3,disease_status,
1,0,auroc,0.22222222222222224,6.0,combined_c1_degree_preserving_seed3,disease_status,
1,1,accuracy,0.16666666666666666,6.0,combined_c1_degree_preserving_seed3,disease_status,
1,1,auroc,0.22222222222222224,6.0,combined_c1_degree_preserving_seed3,disease_status,
1,2,accuracy,0.3333333333333333,6.0,combined_c1_degree_preserving_seed3,disease_status,
1,2,auroc,0.22222222222222224,6.0,combined_c1_degree_preserving_seed3,disease_status,
1,3,accuracy,0.5,6.0,combined_c1_degree_preserving_seed3,disease_status,
1,3,auroc,0.4444444444444445,6.0,combined_c1_degree_preserving_seed3,disease_status,
1,4,accuracy,0.8333333333333334,6.0,combined_c1_degree_preserving_seed3,disease_status,
1,4,auroc,0.7777777777777779,6.0,combined_c1_degree_preserving_seed3,disease_status,
1,5,accuracy,0.3333333333333333,6.0,combined_c1_degree_preserving_seed3,disease_status,
1,5,auroc,0.3333333333333333,6.0,combined_c1_degree_preserving_seed3,disease_status,
2,0,accuracy,0.3333333333333333,6.0,combined_c1_degree_preserving_seed3,disease_status,
2,0,auroc,0.0,6.0,combined_c1_degree_preserving_seed3,disease_status,
2,1,accuracy,0.3333333333333333,6.0,combined_c1_degree_preserving_seed3,disease_status,
2,1,auroc,0.3333333333333333,6.0,combined_c1_degree_preserving_seed3,disease_status,
2,2,accuracy,0.6666666666666666,6.0,combined_c1_degree_preserving_seed3,disease_status,
2,2,auroc,0.5555555555555556,6.0,combined_c1_degree_preserving_seed3,disease_status,
2,3,accuracy,0.8333333333333334,6.0,combined_c1_degree_preserving_seed3,disease_status,
2,3,auroc,0.888888888888889,6.0,combined_c1_degree_preserving_seed3,disease_status,
2,4,accuracy,0.3333333333333333,6.0,combined_c1_degree_preserving_seed3,disease_status,
2,4,auroc,0.33333333333333337,6.0,combined_c1_degree_preserving_seed3,disease_status,
2,5,accuracy,0.3333333333333333,6.0,combined_c1_degree_preserving_seed3,disease_status,
2,5,auroc,0.5555555555555556,6.0,combined_c1_degree_preserving_seed3,disease_status,
3,0,accuracy,0.3333333333333333,6.0,combined_c1_degree_preserving_seed3,disease_status,
3,0,auroc,0.33333333333333337,6.0,combined_c1_degree_preserving_seed3,disease_status,
3,1,accuracy,0.6666666666666666,6.0,combined_c1_degree_preserving_seed3,disease_status,
3,1,auroc,0.33333333333333337,6.0,combined_c1_degree_preserving_seed3,disease_status,
3,2,accuracy,0.16666666666666666,6.0,combined_c1_degree_preserving_seed3,disease_status,
3,2,auroc,0.11111111111111112,6.0,combined_c1_degree_preserving_seed3,disease_status,
3,3,accuracy,0.3333333333333333,6.0,combined_c1_degree_preserving_seed3,disease_status,
3,3,auroc,0.4444444444444445,6.0,combined_c1_degree_preserving_seed3,disease_status,
3,4,accuracy,0.6666666666666666,6.0,combined_c1_degree_preserving_seed3,disease_status,
3,4,auroc,0.6666666666666667,6.0,combined_c1_degree_preserving_seed3,disease_status,
3,5,accuracy,0.16666666666666666,6.0,combined_c1_degree_preserving_seed3,disease_status,
3,5,auroc,0.0,6.0,combined_c1_degree_preserving_seed3,disease_status,
4,0,accuracy,0.6666666666666666,6.0,combined_c1_degree_preserving_seed3,disease_status,
4,0,auroc,0.4444444444444445,6.0,combined_c1_degree_preserving_seed3,disease_status,
4,1,accuracy,0.3333333333333333,6.0,combined_c1_degree_preserving_seed3,disease_status,
4,1,auroc,0.0,6.0,combined_c1_degree_preserving_seed3,disease_status,
4,2,accuracy,1.0,6.0,combined_c1_degree_preserving_seed3,disease_status,
4,2,auroc,1.0,6.0,combined_c1_degree_preserving_seed3,disease_status,
4,3,accuracy,0.3333333333333333,6.0,combined_c1_degree_preserving_seed3,disease_status,
4,3,auroc,0.22222222222222224,6.0,combined_c1_degree_preserving_seed3,disease_status,
4,4,accuracy,0.3333333333333333,6.0,combined_c1_degree_preserving_seed3,disease_status,
4,4,auroc,0.5555555555555556,6.0,combined_c1_degree_preserving_seed3,disease_status,
4,5,accuracy,0.3333333333333333,6.0,combined_c1_degree_preserving_seed3,disease_status,
4,5,auroc,0.33333333333333337,6.0,combined_c1_degree_preserving_seed3,disease_status,
0,0,accuracy,0.6666666666666666,6.0,combined_c1_degree_preserving_seed3,sex_sanity_check,
0,0,auroc,0.6,6.0,combined_c1_degree_preserving_seed3,sex_sanity_check,
0,1,accuracy,0.3333333333333333,6.0,combined_c1_degree_preserving_seed3,sex_sanity_check,
0,1,auroc,0.25,6.0,combined_c1_degree_preserving_seed3,sex_sanity_check,
0,2,accuracy,0.6666666666666666,6.0,combined_c1_degree_preserving_seed3,sex_sanity_check,
0,2,auroc,0.75,6.0,combined_c1_degree_preserving_seed3,sex_sanity_check,
0,3,accuracy,0.8333333333333334,6.0,combined_c1_degree_preserving_seed3,sex_sanity_check,
0,3,auroc,0.2,6.0,combined_c1_degree_preserving_seed3,sex_sanity_check,
0,4,accuracy,1.0,6.0,combined_c1_degree_preserving_seed3,sex_sanity_check,
0,4,auroc,1.0,6.0,combined_c1_degree_preserving_seed3,sex_sanity_check,
0,5,accuracy,0.5,6.0,combined_c1_degree_preserving_seed3,sex_sanity_check,
0,5,auroc,0.888888888888889,6.0,combined_c1_degree_preserving_seed3,sex_sanity_check,
1,0,accuracy,0.5,6.0,combined_c1_degree_preserving_seed3,sex_sanity_check,
1,0,auroc,0.5,6.0,combined_c1_degree_preserving_seed3,sex_sanity_check,
1,1,accuracy,0.5,6.0,combined_c1_degree_preserving_seed3,sex_sanity_check,
1,1,auroc,0.6,6.0,combined_c1_degree_preserving_seed3,sex_sanity_check,
1,2,accuracy,0.5,6.0,combined_c1_degree_preserving_seed3,sex_sanity_check,
1,2,auroc,0.4444444444444445,6.0,combined_c1_degree_preserving_seed3,sex_sanity_check,
1,3,accuracy,0.8333333333333334,6.0,combined_c1_degree_preserving_seed3,sex_sanity_check,
1,3,auroc,0.875,6.0,combined_c1_degree_preserving_seed3,sex_sanity_check,
1,4,accuracy,0.6666666666666666,6.0,combined_c1_degree_preserving_seed3,sex_sanity_check,
1,4,auroc,1.0,6.0,combined_c1_degree_preserving_seed3,sex_sanity_check,
1,5,accuracy,0.6666666666666666,6.0,combined_c1_degree_preserving_seed3,sex_sanity_check,
1,5,auroc,0.5,6.0,combined_c1_degree_preserving_seed3,sex_sanity_check,
2,0,accuracy,0.8333333333333334,6.0,combined_c1_degree_preserving_seed3,sex_sanity_check,
2,0,auroc,1.0,6.0,combined_c1_degree_preserving_seed3,sex_sanity_check,
2,1,accuracy,0.8333333333333334,6.0,combined_c1_degree_preserving_seed3,sex_sanity_check,
2,1,auroc,1.0,6.0,combined_c1_degree_preserving_seed3,sex_sanity_check,
2,2,accuracy,0.6666666666666666,6.0,combined_c1_degree_preserving_seed3,sex_sanity_check,
2,2,auroc,0.875,6.0,combined_c1_degree_preserving_seed3,sex_sanity_check,
2,3,accuracy,0.5,6.0,combined_c1_degree_preserving_seed3,sex_sanity_check,
2,3,auroc,0.6,6.0,combined_c1_degree_preserving_seed3,sex_sanity_check,
2,4,accuracy,0.16666666666666666,6.0,combined_c1_degree_preserving_seed3,sex_sanity_check,
2,4,auroc,,6.0,combined_c1_degree_preserving_seed3,sex_sanity_check,
2,5,accuracy,0.6666666666666666,6.0,combined_c1_degree_preserving_seed3,sex_sanity_check,
2,5,auroc,0.5,6.0,combined_c1_degree_preserving_seed3,sex_sanity_check,
3,0,accuracy,0.5,6.0,combined_c1_degree_preserving_seed3,sex_sanity_check,
3,0,auroc,0.5555555555555556,6.0,combined_c1_degree_preserving_seed3,sex_sanity_check,
3,1,accuracy,0.5,6.0,combined_c1_degree_preserving_seed3,sex_sanity_check,
3,1,auroc,0.6,6.0,combined_c1_degree_preserving_seed3,sex_sanity_check,
3,2,accuracy,0.6666666666666666,6.0,combined_c1_degree_preserving_seed3,sex_sanity_check,
3,2,auroc,0.875,6.0,combined_c1_degree_preserving_seed3,sex_sanity_check,
3,3,accuracy,0.6666666666666666,6.0,combined_c1_degree_preserving_seed3,sex_sanity_check,
3,3,auroc,0.5555555555555556,6.0,combined_c1_degree_preserving_seed3,sex_sanity_check,
3,4,accuracy,0.6666666666666666,6.0,combined_c1_degree_preserving_seed3,sex_sanity_check,
3,4,auroc,1.0,6.0,combined_c1_degree_preserving_seed3,sex_sanity_check,
3,5,accuracy,0.8333333333333334,6.0,combined_c1_degree_preserving_seed3,sex_sanity_check,
3,5,auroc,0.625,6.0,combined_c1_degree_preserving_seed3,sex_sanity_check,
4,0,accuracy,0.6666666666666666,6.0,combined_c1_degree_preserving_seed3,sex_sanity_check,
4,0,auroc,0.7777777777777778,6.0,combined_c1_degree_preserving_seed3,sex_sanity_check,
4,1,accuracy,0.3333333333333333,6.0,combined_c1_degree_preserving_seed3,sex_sanity_check,
4,1,auroc,0.625,6.0,combined_c1_degree_preserving_seed3,sex_sanity_check,
4,2,accuracy,0.5,6.0,combined_c1_degree_preserving_seed3,sex_sanity_check,
4,2,auroc,0.7777777777777778,6.0,combined_c1_degree_preserving_seed3,sex_sanity_check,
4,3,accuracy,0.3333333333333333,6.0,combined_c1_degree_preserving_seed3,sex_sanity_check,
4,3,auroc,0.0,6.0,combined_c1_degree_preserving_seed3,sex_sanity_check,
4,4,accuracy,1.0,6.0,combined_c1_degree_preserving_seed3,sex_sanity_check,
4,4,auroc,1.0,6.0,combined_c1_degree_preserving_seed3,sex_sanity_check,
4,5,accuracy,0.8333333333333334,6.0,combined_c1_degree_preserving_seed3,sex_sanity_check,
4,5,auroc,,6.0,combined_c1_degree_preserving_seed3,sex_sanity_check,
0,0,r2,-2.7700031962490996,,combined_c1_degree_preserving_seed3,lib_size_leakage,
0,1,r2,0.12076878701407245,,combined_c1_degree_preserving_seed3,lib_size_leakage,
0,2,r2,-0.5135979329609988,,combined_c1_degree_preserving_seed3,lib_size_leakage,
0,3,r2,-0.4801590594956784,,combined_c1_degree_preserving_seed3,lib_size_leakage,
0,4,r2,-4.201551816901771,,combined_c1_degree_preserving_seed3,lib_size_leakage,
0,5,r2,-0.696165871848013,,combined_c1_degree_preserving_seed3,lib_size_leakage,
1,0,r2,0.11264341043472847,,combined_c1_degree_preserving_seed3,lib_size_leakage,
1,1,r2,-2.0808496794343787,,combined_c1_degree_preserving_seed3,lib_size_leakage,
1,2,r2,-13.483226111417167,,combined_c1_degree_preserving_seed3,lib_size_leakage,
1,3,r2,-0.6464712701518593,,combined_c1_degree_preserving_seed3,lib_size_leakage,
1,4,r2,-0.4422185849376892,,combined_c1_degree_preserving_seed3,lib_size_leakage,
1,5,r2,-0.23932205729812894,,combined_c1_degree_preserving_seed3,lib_size_leakage,
2,0,r2,-1.0852105811357173,,combined_c1_degree_preserving_seed3,lib_size_leakage,
2,1,r2,-4.50397896760705,,combined_c1_degree_preserving_seed3,lib_size_leakage,
2,2,r2,-0.7432007016255091,,combined_c1_degree_preserving_seed3,lib_size_leakage,
2,3,r2,0.18078896751191043,,combined_c1_degree_preserving_seed3,lib_size_leakage,
2,4,r2,-2.5945997614645084,,combined_c1_degree_preserving_seed3,lib_size_leakage,
2,5,r2,-1.4132150966398753,,combined_c1_degree_preserving_seed3,lib_size_leakage,
3,0,r2,-5.765178153091169,,combined_c1_degree_preserving_seed3,lib_size_leakage,
3,1,r2,-1.3203604685397092,,combined_c1_degree_preserving_seed3,lib_size_leakage,
3,2,r2,-1.7924003975055878,,combined_c1_degree_preserving_seed3,lib_size_leakage,
3,3,r2,-0.3798508790270112,,combined_c1_degree_preserving_seed3,lib_size_leakage,
3,4,r2,-0.5923805739186678,,combined_c1_degree_preserving_seed3,lib_size_leakage,
3,5,r2,-1.1674536521575973,,combined_c1_degree_preserving_seed3,lib_size_leakage,
4,0,r2,-1.1161566397991147,,combined_c1_degree_preserving_seed3,lib_size_leakage,
4,1,r2,-9.097265000032246,,combined_c1_degree_preserving_seed3,lib_size_leakage,
4,2,r2,-0.5772072986693593,,combined_c1_degree_preserving_seed3,lib_size_leakage,
4,3,r2,-1.9794119620769761,,combined_c1_degree_preserving_seed3,lib_size_leakage,
4,4,r2,-0.9767502795283869,,combined_c1_degree_preserving_seed3,lib_size_leakage,
4,5,r2,0.1494861094562684,,combined_c1_degree_preserving_seed3,lib_size_leakage,
0,0,accuracy,0.2597402597402597,,combined_c1_degree_preserving_seed3,celltype_sanity_check,77.0
0,1,accuracy,0.2857142857142857,,combined_c1_degree_preserving_seed3,celltype_sanity_check,77.0
0,2,accuracy,0.35064935064935066,,combined_c1_degree_preserving_seed3,celltype_sanity_check,77.0
0,3,accuracy,0.33766233766233766,,combined_c1_degree_preserving_seed3,celltype_sanity_check,77.0
0,4,accuracy,0.38961038961038963,,combined_c1_degree_preserving_seed3,celltype_sanity_check,77.0
0,5,accuracy,0.39473684210526316,,combined_c1_degree_preserving_seed3,celltype_sanity_check,76.0
1,0,accuracy,0.2987012987012987,,combined_c1_degree_preserving_seed3,celltype_sanity_check,77.0
1,1,accuracy,0.3246753246753247,,combined_c1_degree_preserving_seed3,celltype_sanity_check,77.0
1,2,accuracy,0.2597402597402597,,combined_c1_degree_preserving_seed3,celltype_sanity_check,77.0
1,3,accuracy,0.5194805194805194,,combined_c1_degree_preserving_seed3,celltype_sanity_check,77.0
1,4,accuracy,0.37662337662337664,,combined_c1_degree_preserving_seed3,celltype_sanity_check,77.0
1,5,accuracy,0.2894736842105263,,combined_c1_degree_preserving_seed3,celltype_sanity_check,76.0
2,0,accuracy,0.3246753246753247,,combined_c1_degree_preserving_seed3,celltype_sanity_check,77.0
2,1,accuracy,0.37662337662337664,,combined_c1_degree_preserving_seed3,celltype_sanity_check,77.0
2,2,accuracy,0.2857142857142857,,combined_c1_degree_preserving_seed3,celltype_sanity_check,77.0
2,3,accuracy,0.3246753246753247,,combined_c1_degree_preserving_seed3,celltype_sanity_check,77.0
2,4,accuracy,0.2987012987012987,,combined_c1_degree_preserving_seed3,celltype_sanity_check,77.0
2,5,accuracy,0.3026315789473684,,combined_c1_degree_preserving_seed3,celltype_sanity_check,76.0
3,0,accuracy,0.3116883116883117,,combined_c1_degree_preserving_seed3,celltype_sanity_check,77.0
3,1,accuracy,0.2857142857142857,,combined_c1_degree_preserving_seed3,celltype_sanity_check,77.0
3,2,accuracy,0.36363636363636365,,combined_c1_degree_preserving_seed3,celltype_sanity_check,77.0
3,3,accuracy,0.4025974025974026,,combined_c1_degree_preserving_seed3,celltype_sanity_check,77.0
3,4,accuracy,0.35526315789473684,,combined_c1_degree_preserving_seed3,celltype_sanity_check,76.0
3,5,accuracy,0.3116883116883117,,combined_c1_degree_preserving_seed3,celltype_sanity_check,77.0
4,0,accuracy,0.38961038961038963,,combined_c1_degree_preserving_seed3,celltype_sanity_check,77.0
4,1,accuracy,0.35064935064935066,,combined_c1_degree_preserving_seed3,celltype_sanity_check,77.0
4,2,accuracy,0.3116883116883117,,combined_c1_degree_preserving_seed3,celltype_sanity_check,77.0
4,3,accuracy,0.36363636363636365,,combined_c1_degree_preserving_seed3,celltype_sanity_check,77.0
4,4,accuracy,0.2987012987012987,,combined_c1_degree_preserving_seed3,celltype_sanity_check,77.0
4,5,accuracy,0.27631578947368424,,combined_c1_degree_preserving_seed3,celltype_sanity_check,76.0
0,0,accuracy,0.5,6.0,combined_c2_fully_random_seed3,disease_status,
0,0,auroc,0.33333333333333337,6.0,combined_c2_fully_random_seed3,disease_status,
0,1,accuracy,0.5,6.0,combined_c2_fully_random_seed3,disease_status,
0,1,auroc,0.4444444444444445,6.0,combined_c2_fully_random_seed3,disease_status,
0,2,accuracy,0.5,6.0,combined_c2_fully_random_seed3,disease_status,
0,2,auroc,0.5555555555555556,6.0,combined_c2_fully_random_seed3,disease_status,
0,3,accuracy,0.5,6.0,combined_c2_fully_random_seed3,disease_status,
0,3,auroc,0.33333333333333337,6.0,combined_c2_fully_random_seed3,disease_status,
0,4,accuracy,0.6666666666666666,6.0,combined_c2_fully_random_seed3,disease_status,
0,4,auroc,0.5555555555555556,6.0,combined_c2_fully_random_seed3,disease_status,
0,5,accuracy,0.6666666666666666,6.0,combined_c2_fully_random_seed3,disease_status,
0,5,auroc,0.6666666666666666,6.0,combined_c2_fully_random_seed3,disease_status,
1,0,accuracy,0.5,6.0,combined_c2_fully_random_seed3,disease_status,
1,0,auroc,0.4444444444444444,6.0,combined_c2_fully_random_seed3,disease_status,
1,1,accuracy,0.3333333333333333,6.0,combined_c2_fully_random_seed3,disease_status,
1,1,auroc,0.22222222222222224,6.0,combined_c2_fully_random_seed3,disease_status,
1,2,accuracy,0.5,6.0,combined_c2_fully_random_seed3,disease_status,
1,2,auroc,0.4444444444444445,6.0,combined_c2_fully_random_seed3,disease_status,
1,3,accuracy,0.8333333333333334,6.0,combined_c2_fully_random_seed3,disease_status,
1,3,auroc,0.7777777777777778,6.0,combined_c2_fully_random_seed3,disease_status,
1,4,accuracy,1.0,6.0,combined_c2_fully_random_seed3,disease_status,
1,4,auroc,1.0,6.0,combined_c2_fully_random_seed3,disease_status,
1,5,accuracy,0.3333333333333333,6.0,combined_c2_fully_random_seed3,disease_status,
1,5,auroc,0.22222222222222224,6.0,combined_c2_fully_random_seed3,disease_status,
2,0,accuracy,0.3333333333333333,6.0,combined_c2_fully_random_seed3,disease_status,
2,0,auroc,0.33333333333333337,6.0,combined_c2_fully_random_seed3,disease_status,
2,1,accuracy,0.6666666666666666,6.0,combined_c2_fully_random_seed3,disease_status,
2,1,auroc,0.6666666666666667,6.0,combined_c2_fully_random_seed3,disease_status,
2,2,accuracy,0.5,6.0,combined_c2_fully_random_seed3,disease_status,
2,2,auroc,0.4444444444444445,6.0,combined_c2_fully_random_seed3,disease_status,
2,3,accuracy,0.5,6.0,combined_c2_fully_random_seed3,disease_status,
2,3,auroc,0.6666666666666666,6.0,combined_c2_fully_random_seed3,disease_status,
2,4,accuracy,0.6666666666666666,6.0,combined_c2_fully_random_seed3,disease_status,
2,4,auroc,0.4444444444444444,6.0,combined_c2_fully_random_seed3,disease_status,
2,5,accuracy,0.5,6.0,combined_c2_fully_random_seed3,disease_status,
2,5,auroc,0.6666666666666666,6.0,combined_c2_fully_random_seed3,disease_status,
3,0,accuracy,0.3333333333333333,6.0,combined_c2_fully_random_seed3,disease_status,
3,0,auroc,0.5555555555555556,6.0,combined_c2_fully_random_seed3,disease_status,
3,1,accuracy,0.6666666666666666,6.0,combined_c2_fully_random_seed3,disease_status,
3,1,auroc,0.5555555555555556,6.0,combined_c2_fully_random_seed3,disease_status,
3,2,accuracy,0.3333333333333333,6.0,combined_c2_fully_random_seed3,disease_status,
3,2,auroc,0.5555555555555556,6.0,combined_c2_fully_random_seed3,disease_status,
3,3,accuracy,0.6666666666666666,6.0,combined_c2_fully_random_seed3,disease_status,
3,3,auroc,0.888888888888889,6.0,combined_c2_fully_random_seed3,disease_status,
3,4,accuracy,0.8333333333333334,6.0,combined_c2_fully_random_seed3,disease_status,
3,4,auroc,0.7777777777777778,6.0,combined_c2_fully_random_seed3,disease_status,
3,5,accuracy,0.16666666666666666,6.0,combined_c2_fully_random_seed3,disease_status,
3,5,auroc,0.0,6.0,combined_c2_fully_random_seed3,disease_status,
4,0,accuracy,0.3333333333333333,6.0,combined_c2_fully_random_seed3,disease_status,
4,0,auroc,0.33333333333333337,6.0,combined_c2_fully_random_seed3,disease_status,
4,1,accuracy,0.6666666666666666,6.0,combined_c2_fully_random_seed3,disease_status,
4,1,auroc,0.33333333333333337,6.0,combined_c2_fully_random_seed3,disease_status,
4,2,accuracy,0.6666666666666666,6.0,combined_c2_fully_random_seed3,disease_status,
4,2,auroc,0.888888888888889,6.0,combined_c2_fully_random_seed3,disease_status,
4,3,accuracy,0.6666666666666666,6.0,combined_c2_fully_random_seed3,disease_status,
4,3,auroc,0.5555555555555556,6.0,combined_c2_fully_random_seed3,disease_status,
4,4,accuracy,0.6666666666666666,6.0,combined_c2_fully_random_seed3,disease_status,
4,4,auroc,0.6666666666666667,6.0,combined_c2_fully_random_seed3,disease_status,
4,5,accuracy,0.3333333333333333,6.0,combined_c2_fully_random_seed3,disease_status,
4,5,auroc,0.22222222222222224,6.0,combined_c2_fully_random_seed3,disease_status,
0,0,accuracy,0.6666666666666666,6.0,combined_c2_fully_random_seed3,sex_sanity_check,
0,0,auroc,0.8,6.0,combined_c2_fully_random_seed3,sex_sanity_check,
0,1,accuracy,0.3333333333333333,6.0,combined_c2_fully_random_seed3,sex_sanity_check,
0,1,auroc,0.5,6.0,combined_c2_fully_random_seed3,sex_sanity_check,
0,2,accuracy,0.6666666666666666,6.0,combined_c2_fully_random_seed3,sex_sanity_check,
0,2,auroc,0.875,6.0,combined_c2_fully_random_seed3,sex_sanity_check,
0,3,accuracy,0.8333333333333334,6.0,combined_c2_fully_random_seed3,sex_sanity_check,
0,3,auroc,0.8,6.0,combined_c2_fully_random_seed3,sex_sanity_check,
0,4,accuracy,0.8333333333333334,6.0,combined_c2_fully_random_seed3,sex_sanity_check,
0,4,auroc,0.888888888888889,6.0,combined_c2_fully_random_seed3,sex_sanity_check,
0,5,accuracy,0.6666666666666666,6.0,combined_c2_fully_random_seed3,sex_sanity_check,
0,5,auroc,1.0,6.0,combined_c2_fully_random_seed3,sex_sanity_check,
1,0,accuracy,0.5,6.0,combined_c2_fully_random_seed3,sex_sanity_check,
1,0,auroc,0.625,6.0,combined_c2_fully_random_seed3,sex_sanity_check,
1,1,accuracy,0.8333333333333334,6.0,combined_c2_fully_random_seed3,sex_sanity_check,
1,1,auroc,1.0,6.0,combined_c2_fully_random_seed3,sex_sanity_check,
1,2,accuracy,0.5,6.0,combined_c2_fully_random_seed3,sex_sanity_check,
1,2,auroc,0.6666666666666666,6.0,combined_c2_fully_random_seed3,sex_sanity_check,
1,3,accuracy,1.0,6.0,combined_c2_fully_random_seed3,sex_sanity_check,
1,3,auroc,1.0,6.0,combined_c2_fully_random_seed3,sex_sanity_check,
1,4,accuracy,0.6666666666666666,6.0,combined_c2_fully_random_seed3,sex_sanity_check,
1,4,auroc,1.0,6.0,combined_c2_fully_random_seed3,sex_sanity_check,
1,5,accuracy,0.6666666666666666,6.0,combined_c2_fully_random_seed3,sex_sanity_check,
1,5,auroc,0.75,6.0,combined_c2_fully_random_seed3,sex_sanity_check,
2,0,accuracy,0.8333333333333334,6.0,combined_c2_fully_random_seed3,sex_sanity_check,
2,0,auroc,1.0,6.0,combined_c2_fully_random_seed3,sex_sanity_check,
2,1,accuracy,0.6666666666666666,6.0,combined_c2_fully_random_seed3,sex_sanity_check,
2,1,auroc,0.888888888888889,6.0,combined_c2_fully_random_seed3,sex_sanity_check,
2,2,accuracy,0.5,6.0,combined_c2_fully_random_seed3,sex_sanity_check,
2,2,auroc,1.0,6.0,combined_c2_fully_random_seed3,sex_sanity_check,
2,3,accuracy,0.8333333333333334,6.0,combined_c2_fully_random_seed3,sex_sanity_check,
2,3,auroc,1.0,6.0,combined_c2_fully_random_seed3,sex_sanity_check,
2,4,accuracy,0.5,6.0,combined_c2_fully_random_seed3,sex_sanity_check,
2,4,auroc,,6.0,combined_c2_fully_random_seed3,sex_sanity_check,
2,5,accuracy,0.5,6.0,combined_c2_fully_random_seed3,sex_sanity_check,
2,5,auroc,0.5,6.0,combined_c2_fully_random_seed3,sex_sanity_check,
3,0,accuracy,0.5,6.0,combined_c2_fully_random_seed3,sex_sanity_check,
3,0,auroc,0.6666666666666666,6.0,combined_c2_fully_random_seed3,sex_sanity_check,
3,1,accuracy,0.8333333333333334,6.0,combined_c2_fully_random_seed3,sex_sanity_check,
3,1,auroc,0.8,6.0,combined_c2_fully_random_seed3,sex_sanity_check,
3,2,accuracy,0.8333333333333334,6.0,combined_c2_fully_random_seed3,sex_sanity_check,
3,2,auroc,1.0,6.0,combined_c2_fully_random_seed3,sex_sanity_check,
3,3,accuracy,0.6666666666666666,6.0,combined_c2_fully_random_seed3,sex_sanity_check,
3,3,auroc,0.5555555555555556,6.0,combined_c2_fully_random_seed3,sex_sanity_check,
3,4,accuracy,0.6666666666666666,6.0,combined_c2_fully_random_seed3,sex_sanity_check,
3,4,auroc,0.8,6.0,combined_c2_fully_random_seed3,sex_sanity_check,
3,5,accuracy,0.6666666666666666,6.0,combined_c2_fully_random_seed3,sex_sanity_check,
3,5,auroc,0.75,6.0,combined_c2_fully_random_seed3,sex_sanity_check,
4,0,accuracy,0.8333333333333334,6.0,combined_c2_fully_random_seed3,sex_sanity_check,
4,0,auroc,1.0,6.0,combined_c2_fully_random_seed3,sex_sanity_check,
4,1,accuracy,0.6666666666666666,6.0,combined_c2_fully_random_seed3,sex_sanity_check,
4,1,auroc,0.75,6.0,combined_c2_fully_random_seed3,sex_sanity_check,
4,2,accuracy,1.0,6.0,combined_c2_fully_random_seed3,sex_sanity_check,
4,2,auroc,1.0,6.0,combined_c2_fully_random_seed3,sex_sanity_check,
4,3,accuracy,0.16666666666666666,6.0,combined_c2_fully_random_seed3,sex_sanity_check,
4,3,auroc,0.11111111111111112,6.0,combined_c2_fully_random_seed3,sex_sanity_check,
4,4,accuracy,0.6666666666666666,6.0,combined_c2_fully_random_seed3,sex_sanity_check,
4,4,auroc,0.8,6.0,combined_c2_fully_random_seed3,sex_sanity_check,
4,5,accuracy,0.8333333333333334,6.0,combined_c2_fully_random_seed3,sex_sanity_check,
4,5,auroc,,6.0,combined_c2_fully_random_seed3,sex_sanity_check,
0,0,r2,-2.279016946506819,,combined_c2_fully_random_seed3,lib_size_leakage,
0,1,r2,-0.8093716302174443,,combined_c2_fully_random_seed3,lib_size_leakage,
0,2,r2,-1.881609547518424,,combined_c2_fully_random_seed3,lib_size_leakage,
0,3,r2,-0.8979595860562004,,combined_c2_fully_random_seed3,lib_size_leakage,
0,4,r2,-4.604453314786325,,combined_c2_fully_random_seed3,lib_size_leakage,
0,5,r2,-1.937590506378219,,combined_c2_fully_random_seed3,lib_size_leakage,
1,0,r2,-0.8065857737315139,,combined_c2_fully_random_seed3,lib_size_leakage,
1,1,r2,-1.8175260893876106,,combined_c2_fully_random_seed3,lib_size_leakage,
1,2,r2,-9.840738536203515,,combined_c2_fully_random_seed3,lib_size_leakage,
1,3,r2,-2.0855719081762145,,combined_c2_fully_random_seed3,lib_size_leakage,
1,4,r2,-1.8094505434408146,,combined_c2_fully_random_seed3,lib_size_leakage,
1,5,r2,-0.7685255424855786,,combined_c2_fully_random_seed3,lib_size_leakage,
2,0,r2,-1.5833112536112406,,combined_c2_fully_random_seed3,lib_size_leakage,
2,1,r2,-3.0960209414015676,,combined_c2_fully_random_seed3,lib_size_leakage,
2,2,r2,-2.2992390151063984,,combined_c2_fully_random_seed3,lib_size_leakage,
2,3,r2,-0.1791557453361563,,combined_c2_fully_random_seed3,lib_size_leakage,
2,4,r2,-3.7827528838446467,,combined_c2_fully_random_seed3,lib_size_leakage,
2,5,r2,-2.9580829368582107,,combined_c2_fully_random_seed3,lib_size_leakage,
3,0,r2,-5.9465164140790945,,combined_c2_fully_random_seed3,lib_size_leakage,
3,1,r2,-2.0270419903010577,,combined_c2_fully_random_seed3,lib_size_leakage,
3,2,r2,-1.55526824735372,,combined_c2_fully_random_seed3,lib_size_leakage,
3,3,r2,-0.4451463817189374,,combined_c2_fully_random_seed3,lib_size_leakage,
3,4,r2,-1.257856463633976,,combined_c2_fully_random_seed3,lib_size_leakage,
3,5,r2,-1.019461906714981,,combined_c2_fully_random_seed3,lib_size_leakage,
4,0,r2,-2.34501314371309,,combined_c2_fully_random_seed3,lib_size_leakage,
4,1,r2,-4.366960991404398,,combined_c2_fully_random_seed3,lib_size_leakage,
4,2,r2,-2.2125971294510767,,combined_c2_fully_random_seed3,lib_size_leakage,
4,3,r2,-2.7912893672534267,,combined_c2_fully_random_seed3,lib_size_leakage,
4,4,r2,-0.8348679707434303,,combined_c2_fully_random_seed3,lib_size_leakage,
4,5,r2,-0.519385774085733,,combined_c2_fully_random_seed3,lib_size_leakage,
0,0,accuracy,0.2987012987012987,,combined_c2_fully_random_seed3,celltype_sanity_check,77.0
0,1,accuracy,0.2727272727272727,,combined_c2_fully_random_seed3,celltype_sanity_check,77.0
0,2,accuracy,0.35064935064935066,,combined_c2_fully_random_seed3,celltype_sanity_check,77.0
0,3,accuracy,0.36363636363636365,,combined_c2_fully_random_seed3,celltype_sanity_check,77.0
0,4,accuracy,0.4025974025974026,,combined_c2_fully_random_seed3,celltype_sanity_check,77.0
0,5,accuracy,0.2631578947368421,,combined_c2_fully_random_seed3,celltype_sanity_check,76.0
1,0,accuracy,0.2987012987012987,,combined_c2_fully_random_seed3,celltype_sanity_check,77.0
1,1,accuracy,0.3246753246753247,,combined_c2_fully_random_seed3,celltype_sanity_check,77.0
1,2,accuracy,0.24675324675324675,,combined_c2_fully_random_seed3,celltype_sanity_check,77.0
1,3,accuracy,0.2727272727272727,,combined_c2_fully_random_seed3,celltype_sanity_check,77.0
1,4,accuracy,0.33766233766233766,,combined_c2_fully_random_seed3,celltype_sanity_check,77.0
1,5,accuracy,0.35526315789473684,,combined_c2_fully_random_seed3,celltype_sanity_check,76.0
2,0,accuracy,0.35064935064935066,,combined_c2_fully_random_seed3,celltype_sanity_check,77.0
2,1,accuracy,0.2857142857142857,,combined_c2_fully_random_seed3,celltype_sanity_check,77.0
2,2,accuracy,0.2727272727272727,,combined_c2_fully_random_seed3,celltype_sanity_check,77.0
2,3,accuracy,0.2727272727272727,,combined_c2_fully_random_seed3,celltype_sanity_check,77.0
2,4,accuracy,0.38961038961038963,,combined_c2_fully_random_seed3,celltype_sanity_check,77.0
2,5,accuracy,0.3026315789473684,,combined_c2_fully_random_seed3,celltype_sanity_check,76.0
3,0,accuracy,0.37662337662337664,,combined_c2_fully_random_seed3,celltype_sanity_check,77.0
3,1,accuracy,0.3116883116883117,,combined_c2_fully_random_seed3,celltype_sanity_check,77.0
3,2,accuracy,0.2987012987012987,,combined_c2_fully_random_seed3,celltype_sanity_check,77.0
3,3,accuracy,0.36363636363636365,,combined_c2_fully_random_seed3,celltype_sanity_check,77.0
3,4,accuracy,0.34210526315789475,,combined_c2_fully_random_seed3,celltype_sanity_check,76.0
3,5,accuracy,0.2727272727272727,,combined_c2_fully_random_seed3,celltype_sanity_check,77.0
4,0,accuracy,0.33766233766233766,,combined_c2_fully_random_seed3,celltype_sanity_check,77.0
4,1,accuracy,0.36363636363636365,,combined_c2_fully_random_seed3,celltype_sanity_check,77.0
4,2,accuracy,0.24675324675324675,,combined_c2_fully_random_seed3,celltype_sanity_check,77.0
4,3,accuracy,0.36363636363636365,,combined_c2_fully_random_seed3,celltype_sanity_check,77.0
4,4,accuracy,0.3116883116883117,,combined_c2_fully_random_seed3,celltype_sanity_check,77.0
4,5,accuracy,0.25,,combined_c2_fully_random_seed3,celltype_sanity_check,76.0
0,0,accuracy,0.5,6.0,combined_only_tf_real_seed3,disease_status,
0,0,auroc,0.33333333333333337,6.0,combined_only_tf_real_seed3,disease_status,
0,1,accuracy,0.5,6.0,combined_only_tf_real_seed3,disease_status,
0,1,auroc,0.5555555555555556,6.0,combined_only_tf_real_seed3,disease_status,
0,2,accuracy,0.5,6.0,combined_only_tf_real_seed3,disease_status,
0,2,auroc,0.5555555555555556,6.0,combined_only_tf_real_seed3,disease_status,
0,3,accuracy,0.6666666666666666,6.0,combined_only_tf_real_seed3,disease_status,
0,3,auroc,0.33333333333333337,6.0,combined_only_tf_real_seed3,disease_status,
0,4,accuracy,0.16666666666666666,6.0,combined_only_tf_real_seed3,disease_status,
0,4,auroc,0.33333333333333337,6.0,combined_only_tf_real_seed3,disease_status,
0,5,accuracy,0.6666666666666666,6.0,combined_only_tf_real_seed3,disease_status,
0,5,auroc,0.7777777777777779,6.0,combined_only_tf_real_seed3,disease_status,
1,0,accuracy,0.16666666666666666,6.0,combined_only_tf_real_seed3,disease_status,
1,0,auroc,0.11111111111111112,6.0,combined_only_tf_real_seed3,disease_status,
1,1,accuracy,0.3333333333333333,6.0,combined_only_tf_real_seed3,disease_status,
1,1,auroc,0.22222222222222224,6.0,combined_only_tf_real_seed3,disease_status,
1,2,accuracy,0.5,6.0,combined_only_tf_real_seed3,disease_status,
1,2,auroc,0.33333333333333337,6.0,combined_only_tf_real_seed3,disease_status,
1,3,accuracy,0.5,6.0,combined_only_tf_real_seed3,disease_status,
1,3,auroc,0.5555555555555556,6.0,combined_only_tf_real_seed3,disease_status,
1,4,accuracy,0.3333333333333333,6.0,combined_only_tf_real_seed3,disease_status,
1,4,auroc,0.22222222222222224,6.0,combined_only_tf_real_seed3,disease_status,
1,5,accuracy,0.3333333333333333,6.0,combined_only_tf_real_seed3,disease_status,
1,5,auroc,0.3333333333333333,6.0,combined_only_tf_real_seed3,disease_status,
2,0,accuracy,0.16666666666666666,6.0,combined_only_tf_real_seed3,disease_status,
2,0,auroc,0.22222222222222224,6.0,combined_only_tf_real_seed3,disease_status,
2,1,accuracy,0.3333333333333333,6.0,combined_only_tf_real_seed3,disease_status,
2,1,auroc,0.33333333333333337,6.0,combined_only_tf_real_seed3,disease_status,
2,2,accuracy,0.5,6.0,combined_only_tf_real_seed3,disease_status,
2,2,auroc,0.4444444444444444,6.0,combined_only_tf_real_seed3,disease_status,
2,3,accuracy,0.8333333333333334,6.0,combined_only_tf_real_seed3,disease_status,
2,3,auroc,0.7777777777777778,6.0,combined_only_tf_real_seed3,disease_status,
2,4,accuracy,0.6666666666666666,6.0,combined_only_tf_real_seed3,disease_status,
2,4,auroc,0.6666666666666667,6.0,combined_only_tf_real_seed3,disease_status,
2,5,accuracy,0.6666666666666666,6.0,combined_only_tf_real_seed3,disease_status,
2,5,auroc,0.6666666666666667,6.0,combined_only_tf_real_seed3,disease_status,
3,0,accuracy,0.16666666666666666,6.0,combined_only_tf_real_seed3,disease_status,
3,0,auroc,0.22222222222222224,6.0,combined_only_tf_real_seed3,disease_status,
3,1,accuracy,0.6666666666666666,6.0,combined_only_tf_real_seed3,disease_status,
3,1,auroc,0.6666666666666667,6.0,combined_only_tf_real_seed3,disease_status,
3,2,accuracy,0.5,6.0,combined_only_tf_real_seed3,disease_status,
3,2,auroc,0.5555555555555556,6.0,combined_only_tf_real_seed3,disease_status,
3,3,accuracy,0.5,6.0,combined_only_tf_real_seed3,disease_status,
3,3,auroc,0.5555555555555556,6.0,combined_only_tf_real_seed3,disease_status,
3,4,accuracy,0.6666666666666666,6.0,combined_only_tf_real_seed3,disease_status,
3,4,auroc,0.7777777777777778,6.0,combined_only_tf_real_seed3,disease_status,
3,5,accuracy,0.16666666666666666,6.0,combined_only_tf_real_seed3,disease_status,
3,5,auroc,0.0,6.0,combined_only_tf_real_seed3,disease_status,
4,0,accuracy,0.3333333333333333,6.0,combined_only_tf_real_seed3,disease_status,
4,0,auroc,0.33333333333333337,6.0,combined_only_tf_real_seed3,disease_status,
4,1,accuracy,0.6666666666666666,6.0,combined_only_tf_real_seed3,disease_status,
4,1,auroc,0.6666666666666667,6.0,combined_only_tf_real_seed3,disease_status,
4,2,accuracy,0.6666666666666666,6.0,combined_only_tf_real_seed3,disease_status,
4,2,auroc,0.6666666666666667,6.0,combined_only_tf_real_seed3,disease_status,
4,3,accuracy,0.8333333333333334,6.0,combined_only_tf_real_seed3,disease_status,
4,3,auroc,0.6666666666666667,6.0,combined_only_tf_real_seed3,disease_status,
4,4,accuracy,0.6666666666666666,6.0,combined_only_tf_real_seed3,disease_status,
4,4,auroc,0.6666666666666667,6.0,combined_only_tf_real_seed3,disease_status,
4,5,accuracy,0.16666666666666666,6.0,combined_only_tf_real_seed3,disease_status,
4,5,auroc,0.3333333333333333,6.0,combined_only_tf_real_seed3,disease_status,
0,0,accuracy,1.0,6.0,combined_only_tf_real_seed3,sex_sanity_check,
0,0,auroc,1.0,6.0,combined_only_tf_real_seed3,sex_sanity_check,
0,1,accuracy,0.3333333333333333,6.0,combined_only_tf_real_seed3,sex_sanity_check,
0,1,auroc,0.375,6.0,combined_only_tf_real_seed3,sex_sanity_check,
0,2,accuracy,0.8333333333333334,6.0,combined_only_tf_real_seed3,sex_sanity_check,
0,2,auroc,0.875,6.0,combined_only_tf_real_seed3,sex_sanity_check,
0,3,accuracy,0.6666666666666666,6.0,combined_only_tf_real_seed3,sex_sanity_check,
0,3,auroc,0.4,6.0,combined_only_tf_real_seed3,sex_sanity_check,
0,4,accuracy,0.5,6.0,combined_only_tf_real_seed3,sex_sanity_check,
0,4,auroc,0.6666666666666667,6.0,combined_only_tf_real_seed3,sex_sanity_check,
0,5,accuracy,0.5,6.0,combined_only_tf_real_seed3,sex_sanity_check,
0,5,auroc,1.0,6.0,combined_only_tf_real_seed3,sex_sanity_check,
1,0,accuracy,0.5,6.0,combined_only_tf_real_seed3,sex_sanity_check,
1,0,auroc,0.375,6.0,combined_only_tf_real_seed3,sex_sanity_check,
1,1,accuracy,0.5,6.0,combined_only_tf_real_seed3,sex_sanity_check,
1,1,auroc,1.0,6.0,combined_only_tf_real_seed3,sex_sanity_check,
1,2,accuracy,0.6666666666666666,6.0,combined_only_tf_real_seed3,sex_sanity_check,
1,2,auroc,0.888888888888889,6.0,combined_only_tf_real_seed3,sex_sanity_check,
1,3,accuracy,0.8333333333333334,6.0,combined_only_tf_real_seed3,sex_sanity_check,
1,3,auroc,0.75,6.0,combined_only_tf_real_seed3,sex_sanity_check,
1,4,accuracy,0.8333333333333334,6.0,combined_only_tf_real_seed3,sex_sanity_check,
1,4,auroc,1.0,6.0,combined_only_tf_real_seed3,sex_sanity_check,
1,5,accuracy,0.5,6.0,combined_only_tf_real_seed3,sex_sanity_check,
1,5,auroc,0.75,6.0,combined_only_tf_real_seed3,sex_sanity_check,
2,0,accuracy,1.0,6.0,combined_only_tf_real_seed3,sex_sanity_check,
2,0,auroc,1.0,6.0,combined_only_tf_real_seed3,sex_sanity_check,
2,1,accuracy,0.8333333333333334,6.0,combined_only_tf_real_seed3,sex_sanity_check,
2,1,auroc,1.0,6.0,combined_only_tf_real_seed3,sex_sanity_check,
2,2,accuracy,0.6666666666666666,6.0,combined_only_tf_real_seed3,sex_sanity_check,
2,2,auroc,1.0,6.0,combined_only_tf_real_seed3,sex_sanity_check,
2,3,accuracy,1.0,6.0,combined_only_tf_real_seed3,sex_sanity_check,
2,3,auroc,1.0,6.0,combined_only_tf_real_seed3,sex_sanity_check,
2,4,accuracy,0.16666666666666666,6.0,combined_only_tf_real_seed3,sex_sanity_check,
2,4,auroc,,6.0,combined_only_tf_real_seed3,sex_sanity_check,
2,5,accuracy,0.5,6.0,combined_only_tf_real_seed3,sex_sanity_check,
2,5,auroc,0.5,6.0,combined_only_tf_real_seed3,sex_sanity_check,
3,0,accuracy,0.5,6.0,combined_only_tf_real_seed3,sex_sanity_check,
3,0,auroc,0.6666666666666666,6.0,combined_only_tf_real_seed3,sex_sanity_check,
3,1,accuracy,0.6666666666666666,6.0,combined_only_tf_real_seed3,sex_sanity_check,
3,1,auroc,0.8,6.0,combined_only_tf_real_seed3,sex_sanity_check,
3,2,accuracy,0.8333333333333334,6.0,combined_only_tf_real_seed3,sex_sanity_check,
3,2,auroc,0.875,6.0,combined_only_tf_real_seed3,sex_sanity_check,
3,3,accuracy,0.16666666666666666,6.0,combined_only_tf_real_seed3,sex_sanity_check,
3,3,auroc,0.3333333333333333,6.0,combined_only_tf_real_seed3,sex_sanity_check,
3,4,accuracy,0.8333333333333334,6.0,combined_only_tf_real_seed3,sex_sanity_check,
3,4,auroc,1.0,6.0,combined_only_tf_real_seed3,sex_sanity_check,
3,5,accuracy,0.5,6.0,combined_only_tf_real_seed3,sex_sanity_check,
3,5,auroc,0.625,6.0,combined_only_tf_real_seed3,sex_sanity_check,
4,0,accuracy,0.5,6.0,combined_only_tf_real_seed3,sex_sanity_check,
4,0,auroc,1.0,6.0,combined_only_tf_real_seed3,sex_sanity_check,
4,1,accuracy,0.3333333333333333,6.0,combined_only_tf_real_seed3,sex_sanity_check,
4,1,auroc,0.25,6.0,combined_only_tf_real_seed3,sex_sanity_check,
4,2,accuracy,0.6666666666666666,6.0,combined_only_tf_real_seed3,sex_sanity_check,
4,2,auroc,1.0,6.0,combined_only_tf_real_seed3,sex_sanity_check,
4,3,accuracy,0.5,6.0,combined_only_tf_real_seed3,sex_sanity_check,
4,3,auroc,0.0,6.0,combined_only_tf_real_seed3,sex_sanity_check,
4,4,accuracy,0.8333333333333334,6.0,combined_only_tf_real_seed3,sex_sanity_check,
4,4,auroc,1.0,6.0,combined_only_tf_real_seed3,sex_sanity_check,
4,5,accuracy,0.8333333333333334,6.0,combined_only_tf_real_seed3,sex_sanity_check,
4,5,auroc,,6.0,combined_only_tf_real_seed3,sex_sanity_check,
0,0,r2,-2.3940426181639785,,combined_only_tf_real_seed3,lib_size_leakage,
0,1,r2,0.008089782354467556,,combined_only_tf_real_seed3,lib_size_leakage,
0,2,r2,-0.8193051953421184,,combined_only_tf_real_seed3,lib_size_leakage,
0,3,r2,0.08778004854282717,,combined_only_tf_real_seed3,lib_size_leakage,
0,4,r2,-1.989946481070974,,combined_only_tf_real_seed3,lib_size_leakage,
0,5,r2,-0.5946153242698728,,combined_only_tf_real_seed3,lib_size_leakage,
1,0,r2,0.05525475631189403,,combined_only_tf_real_seed3,lib_size_leakage,
1,1,r2,-1.117859393453295,,combined_only_tf_real_seed3,lib_size_leakage,
1,2,r2,-8.721730285942492,,combined_only_tf_real_seed3,lib_size_leakage,
1,3,r2,-0.7073920047345832,,combined_only_tf_real_seed3,lib_size_leakage,
1,4,r2,-0.1784886227716873,,combined_only_tf_real_seed3,lib_size_leakage,
1,5,r2,-0.18453967642319258,,combined_only_tf_real_seed3,lib_size_leakage,
2,0,r2,-0.8390038110714655,,combined_only_tf_real_seed3,lib_size_leakage,
2,1,r2,-1.4121363042941781,,combined_only_tf_real_seed3,lib_size_leakage,
2,2,r2,-0.4653725474375421,,combined_only_tf_real_seed3,lib_size_leakage,
2,3,r2,0.3710610773318992,,combined_only_tf_real_seed3,lib_size_leakage,
2,4,r2,-1.793745463667217,,combined_only_tf_real_seed3,lib_size_leakage,
2,5,r2,-0.8414098044320371,,combined_only_tf_real_seed3,lib_size_leakage,
3,0,r2,-2.813828169607482,,combined_only_tf_real_seed3,lib_size_leakage,
3,1,r2,-1.1330201823954558,,combined_only_tf_real_seed3,lib_size_leakage,
3,2,r2,-1.3973322571903366,,combined_only_tf_real_seed3,lib_size_leakage,
3,3,r2,-0.03891087967537854,,combined_only_tf_real_seed3,lib_size_leakage,
3,4,r2,-0.15688241296878513,,combined_only_tf_real_seed3,lib_size_leakage,
3,5,r2,-0.28146147071231886,,combined_only_tf_real_seed3,lib_size_leakage,
4,0,r2,-0.9236263422825459,,combined_only_tf_real_seed3,lib_size_leakage,
4,1,r2,-2.4954805358139738,,combined_only_tf_real_seed3,lib_size_leakage,
4,2,r2,-1.0228026566270794,,combined_only_tf_real_seed3,lib_size_leakage,
4,3,r2,-1.947078051262079,,combined_only_tf_real_seed3,lib_size_leakage,
4,4,r2,-0.2801320188628902,,combined_only_tf_real_seed3,lib_size_leakage,
4,5,r2,0.20103689207727338,,combined_only_tf_real_seed3,lib_size_leakage,
0,0,accuracy,0.45454545454545453,,combined_only_tf_real_seed3,celltype_sanity_check,77.0
0,1,accuracy,0.44155844155844154,,combined_only_tf_real_seed3,celltype_sanity_check,77.0
0,2,accuracy,0.44155844155844154,,combined_only_tf_real_seed3,celltype_sanity_check,77.0
0,3,accuracy,0.4675324675324675,,combined_only_tf_real_seed3,celltype_sanity_check,77.0
0,4,accuracy,0.37662337662337664,,combined_only_tf_real_seed3,celltype_sanity_check,77.0
0,5,accuracy,0.3684210526315789,,combined_only_tf_real_seed3,celltype_sanity_check,76.0
1,0,accuracy,0.4675324675324675,,combined_only_tf_real_seed3,celltype_sanity_check,77.0
1,1,accuracy,0.37662337662337664,,combined_only_tf_real_seed3,celltype_sanity_check,77.0
1,2,accuracy,0.33766233766233766,,combined_only_tf_real_seed3,celltype_sanity_check,77.0
1,3,accuracy,0.38961038961038963,,combined_only_tf_real_seed3,celltype_sanity_check,77.0
1,4,accuracy,0.45454545454545453,,combined_only_tf_real_seed3,celltype_sanity_check,77.0
1,5,accuracy,0.4342105263157895,,combined_only_tf_real_seed3,celltype_sanity_check,76.0
2,0,accuracy,0.4155844155844156,,combined_only_tf_real_seed3,celltype_sanity_check,77.0
2,1,accuracy,0.4025974025974026,,combined_only_tf_real_seed3,celltype_sanity_check,77.0
2,2,accuracy,0.4025974025974026,,combined_only_tf_real_seed3,celltype_sanity_check,77.0
2,3,accuracy,0.44155844155844154,,combined_only_tf_real_seed3,celltype_sanity_check,77.0
2,4,accuracy,0.45454545454545453,,combined_only_tf_real_seed3,celltype_sanity_check,77.0
2,5,accuracy,0.34210526315789475,,combined_only_tf_real_seed3,celltype_sanity_check,76.0
3,0,accuracy,0.5194805194805194,,combined_only_tf_real_seed3,celltype_sanity_check,77.0
3,1,accuracy,0.3116883116883117,,combined_only_tf_real_seed3,celltype_sanity_check,77.0
3,2,accuracy,0.38961038961038963,,combined_only_tf_real_seed3,celltype_sanity_check,77.0
3,3,accuracy,0.38961038961038963,,combined_only_tf_real_seed3,celltype_sanity_check,77.0
3,4,accuracy,0.5,,combined_only_tf_real_seed3,celltype_sanity_check,76.0
3,5,accuracy,0.35064935064935066,,combined_only_tf_real_seed3,celltype_sanity_check,77.0
4,0,accuracy,0.4805194805194805,,combined_only_tf_real_seed3,celltype_sanity_check,77.0
4,1,accuracy,0.38961038961038963,,combined_only_tf_real_seed3,celltype_sanity_check,77.0
4,2,accuracy,0.33766233766233766,,combined_only_tf_real_seed3,celltype_sanity_check,77.0
4,3,accuracy,0.5584415584415584,,combined_only_tf_real_seed3,celltype_sanity_check,77.0
4,4,accuracy,0.4025974025974026,,combined_only_tf_real_seed3,celltype_sanity_check,77.0
4,5,accuracy,0.40789473684210525,,combined_only_tf_real_seed3,celltype_sanity_check,76.0
0,0,accuracy,0.8333333333333334,6.0,combined_only_epi_real_seed3,disease_status,
0,0,auroc,0.6666666666666666,6.0,combined_only_epi_real_seed3,disease_status,
0,1,accuracy,0.5,6.0,combined_only_epi_real_seed3,disease_status,
0,1,auroc,0.33333333333333337,6.0,combined_only_epi_real_seed3,disease_status,
0,2,accuracy,0.5,6.0,combined_only_epi_real_seed3,disease_status,
0,2,auroc,0.3333333333333333,6.0,combined_only_epi_real_seed3,disease_status,
0,3,accuracy,0.3333333333333333,6.0,combined_only_epi_real_seed3,disease_status,
0,3,auroc,0.5555555555555556,6.0,combined_only_epi_real_seed3,disease_status,
0,4,accuracy,0.5,6.0,combined_only_epi_real_seed3,disease_status,
0,4,auroc,0.6666666666666667,6.0,combined_only_epi_real_seed3,disease_status,
0,5,accuracy,0.6666666666666666,6.0,combined_only_epi_real_seed3,disease_status,
0,5,auroc,0.7777777777777778,6.0,combined_only_epi_real_seed3,disease_status,
1,0,accuracy,0.5,6.0,combined_only_epi_real_seed3,disease_status,
1,0,auroc,0.6666666666666667,6.0,combined_only_epi_real_seed3,disease_status,
1,1,accuracy,0.5,6.0,combined_only_epi_real_seed3,disease_status,
1,1,auroc,0.22222222222222224,6.0,combined_only_epi_real_seed3,disease_status,
1,2,accuracy,0.8333333333333334,6.0,combined_only_epi_real_seed3,disease_status,
1,2,auroc,0.888888888888889,6.0,combined_only_epi_real_seed3,disease_status,
1,3,accuracy,0.5,6.0,combined_only_epi_real_seed3,disease_status,
1,3,auroc,0.5555555555555556,6.0,combined_only_epi_real_seed3,disease_status,
1,4,accuracy,0.6666666666666666,6.0,combined_only_epi_real_seed3,disease_status,
1,4,auroc,0.888888888888889,6.0,combined_only_epi_real_seed3,disease_status,
1,5,accuracy,0.3333333333333333,6.0,combined_only_epi_real_seed3,disease_status,
1,5,auroc,0.3333333333333333,6.0,combined_only_epi_real_seed3,disease_status,
2,0,accuracy,0.5,6.0,combined_only_epi_real_seed3,disease_status,
2,0,auroc,0.0,6.0,combined_only_epi_real_seed3,disease_status,
2,1,accuracy,0.8333333333333334,6.0,combined_only_epi_real_seed3,disease_status,
2,1,auroc,1.0,6.0,combined_only_epi_real_seed3,disease_status,
2,2,accuracy,0.5,6.0,combined_only_epi_real_seed3,disease_status,
2,2,auroc,0.5555555555555556,6.0,combined_only_epi_real_seed3,disease_status,
2,3,accuracy,0.5,6.0,combined_only_epi_real_seed3,disease_status,
2,3,auroc,0.6666666666666666,6.0,combined_only_epi_real_seed3,disease_status,
2,4,accuracy,0.8333333333333334,6.0,combined_only_epi_real_seed3,disease_status,
2,4,auroc,0.6666666666666666,6.0,combined_only_epi_real_seed3,disease_status,
2,5,accuracy,0.8333333333333334,6.0,combined_only_epi_real_seed3,disease_status,
2,5,auroc,0.7777777777777779,6.0,combined_only_epi_real_seed3,disease_status,
3,0,accuracy,0.8333333333333334,6.0,combined_only_epi_real_seed3,disease_status,
3,0,auroc,0.6666666666666666,6.0,combined_only_epi_real_seed3,disease_status,
3,1,accuracy,0.5,6.0,combined_only_epi_real_seed3,disease_status,
3,1,auroc,0.5555555555555556,6.0,combined_only_epi_real_seed3,disease_status,
3,2,accuracy,0.5,6.0,combined_only_epi_real_seed3,disease_status,
3,2,auroc,0.3333333333333333,6.0,combined_only_epi_real_seed3,disease_status,
3,3,accuracy,0.6666666666666666,6.0,combined_only_epi_real_seed3,disease_status,
3,3,auroc,0.7777777777777778,6.0,combined_only_epi_real_seed3,disease_status,
3,4,accuracy,0.6666666666666666,6.0,combined_only_epi_real_seed3,disease_status,
3,4,auroc,0.7777777777777779,6.0,combined_only_epi_real_seed3,disease_status,
3,5,accuracy,0.16666666666666666,6.0,combined_only_epi_real_seed3,disease_status,
3,5,auroc,0.11111111111111112,6.0,combined_only_epi_real_seed3,disease_status,
4,0,accuracy,0.6666666666666666,6.0,combined_only_epi_real_seed3,disease_status,
4,0,auroc,0.7777777777777778,6.0,combined_only_epi_real_seed3,disease_status,
4,1,accuracy,0.6666666666666666,6.0,combined_only_epi_real_seed3,disease_status,
4,1,auroc,0.6666666666666666,6.0,combined_only_epi_real_seed3,disease_status,
4,2,accuracy,1.0,6.0,combined_only_epi_real_seed3,disease_status,
4,2,auroc,1.0,6.0,combined_only_epi_real_seed3,disease_status,
4,3,accuracy,0.3333333333333333,6.0,combined_only_epi_real_seed3,disease_status,
4,3,auroc,0.22222222222222224,6.0,combined_only_epi_real_seed3,disease_status,
4,4,accuracy,0.6666666666666666,6.0,combined_only_epi_real_seed3,disease_status,
4,4,auroc,0.7777777777777778,6.0,combined_only_epi_real_seed3,disease_status,
4,5,accuracy,0.3333333333333333,6.0,combined_only_epi_real_seed3,disease_status,
4,5,auroc,0.3333333333333333,6.0,combined_only_epi_real_seed3,disease_status,
0,0,accuracy,1.0,6.0,combined_only_epi_real_seed3,sex_sanity_check,
0,0,auroc,1.0,6.0,combined_only_epi_real_seed3,sex_sanity_check,
0,1,accuracy,0.3333333333333333,6.0,combined_only_epi_real_seed3,sex_sanity_check,
0,1,auroc,0.375,6.0,combined_only_epi_real_seed3,sex_sanity_check,
0,2,accuracy,0.6666666666666666,6.0,combined_only_epi_real_seed3,sex_sanity_check,
0,2,auroc,1.0,6.0,combined_only_epi_real_seed3,sex_sanity_check,
0,3,accuracy,0.8333333333333334,6.0,combined_only_epi_real_seed3,sex_sanity_check,
0,3,auroc,0.8,6.0,combined_only_epi_real_seed3,sex_sanity_check,
0,4,accuracy,0.6666666666666666,6.0,combined_only_epi_real_seed3,sex_sanity_check,
0,4,auroc,0.888888888888889,6.0,combined_only_epi_real_seed3,sex_sanity_check,
0,5,accuracy,0.5,6.0,combined_only_epi_real_seed3,sex_sanity_check,
0,5,auroc,1.0,6.0,combined_only_epi_real_seed3,sex_sanity_check,
1,0,accuracy,0.6666666666666666,6.0,combined_only_epi_real_seed3,sex_sanity_check,
1,0,auroc,0.625,6.0,combined_only_epi_real_seed3,sex_sanity_check,
1,1,accuracy,0.8333333333333334,6.0,combined_only_epi_real_seed3,sex_sanity_check,
1,1,auroc,1.0,6.0,combined_only_epi_real_seed3,sex_sanity_check,
1,2,accuracy,0.8333333333333334,6.0,combined_only_epi_real_seed3,sex_sanity_check,
1,2,auroc,0.7777777777777779,6.0,combined_only_epi_real_seed3,sex_sanity_check,
1,3,accuracy,0.6666666666666666,6.0,combined_only_epi_real_seed3,sex_sanity_check,
1,3,auroc,1.0,6.0,combined_only_epi_real_seed3,sex_sanity_check,
1,4,accuracy,0.6666666666666666,6.0,combined_only_epi_real_seed3,sex_sanity_check,
1,4,auroc,1.0,6.0,combined_only_epi_real_seed3,sex_sanity_check,
1,5,accuracy,0.6666666666666666,6.0,combined_only_epi_real_seed3,sex_sanity_check,
1,5,auroc,0.875,6.0,combined_only_epi_real_seed3,sex_sanity_check,
2,0,accuracy,0.6666666666666666,6.0,combined_only_epi_real_seed3,sex_sanity_check,
2,0,auroc,1.0,6.0,combined_only_epi_real_seed3,sex_sanity_check,
2,1,accuracy,0.6666666666666666,6.0,combined_only_epi_real_seed3,sex_sanity_check,
2,1,auroc,1.0,6.0,combined_only_epi_real_seed3,sex_sanity_check,
2,2,accuracy,0.5,6.0,combined_only_epi_real_seed3,sex_sanity_check,
2,2,auroc,1.0,6.0,combined_only_epi_real_seed3,sex_sanity_check,
2,3,accuracy,0.8333333333333334,6.0,combined_only_epi_real_seed3,sex_sanity_check,
2,3,auroc,1.0,6.0,combined_only_epi_real_seed3,sex_sanity_check,
2,4,accuracy,0.6666666666666666,6.0,combined_only_epi_real_seed3,sex_sanity_check,
2,4,auroc,,6.0,combined_only_epi_real_seed3,sex_sanity_check,
2,5,accuracy,0.6666666666666666,6.0,combined_only_epi_real_seed3,sex_sanity_check,
2,5,auroc,0.75,6.0,combined_only_epi_real_seed3,sex_sanity_check,
3,0,accuracy,0.6666666666666666,6.0,combined_only_epi_real_seed3,sex_sanity_check,
3,0,auroc,1.0,6.0,combined_only_epi_real_seed3,sex_sanity_check,
3,1,accuracy,0.8333333333333334,6.0,combined_only_epi_real_seed3,sex_sanity_check,
3,1,auroc,0.8,6.0,combined_only_epi_real_seed3,sex_sanity_check,
3,2,accuracy,0.6666666666666666,6.0,combined_only_epi_real_seed3,sex_sanity_check,
3,2,auroc,0.875,6.0,combined_only_epi_real_seed3,sex_sanity_check,
3,3,accuracy,0.5,6.0,combined_only_epi_real_seed3,sex_sanity_check,
3,3,auroc,0.7777777777777779,6.0,combined_only_epi_real_seed3,sex_sanity_check,
3,4,accuracy,0.8333333333333334,6.0,combined_only_epi_real_seed3,sex_sanity_check,
3,4,auroc,1.0,6.0,combined_only_epi_real_seed3,sex_sanity_check,
3,5,accuracy,0.6666666666666666,6.0,combined_only_epi_real_seed3,sex_sanity_check,
3,5,auroc,0.75,6.0,combined_only_epi_real_seed3,sex_sanity_check,
4,0,accuracy,0.6666666666666666,6.0,combined_only_epi_real_seed3,sex_sanity_check,
4,0,auroc,1.0,6.0,combined_only_epi_real_seed3,sex_sanity_check,
4,1,accuracy,0.6666666666666666,6.0,combined_only_epi_real_seed3,sex_sanity_check,
4,1,auroc,0.75,6.0,combined_only_epi_real_seed3,sex_sanity_check,
4,2,accuracy,0.5,6.0,combined_only_epi_real_seed3,sex_sanity_check,
4,2,auroc,0.888888888888889,6.0,combined_only_epi_real_seed3,sex_sanity_check,
4,3,accuracy,0.6666666666666666,6.0,combined_only_epi_real_seed3,sex_sanity_check,
4,3,auroc,0.33333333333333337,6.0,combined_only_epi_real_seed3,sex_sanity_check,
4,4,accuracy,0.8333333333333334,6.0,combined_only_epi_real_seed3,sex_sanity_check,
4,4,auroc,0.8,6.0,combined_only_epi_real_seed3,sex_sanity_check,
4,5,accuracy,1.0,6.0,combined_only_epi_real_seed3,sex_sanity_check,
4,5,auroc,,6.0,combined_only_epi_real_seed3,sex_sanity_check,
0,0,r2,-2.7403260749002665,,combined_only_epi_real_seed3,lib_size_leakage,
0,1,r2,-0.2054488922745754,,combined_only_epi_real_seed3,lib_size_leakage,
0,2,r2,-1.0821578202014384,,combined_only_epi_real_seed3,lib_size_leakage,
0,3,r2,-0.9719727906765017,,combined_only_epi_real_seed3,lib_size_leakage,
0,4,r2,-2.8395977803813692,,combined_only_epi_real_seed3,lib_size_leakage,
0,5,r2,-0.39237192701786294,,combined_only_epi_real_seed3,lib_size_leakage,
1,0,r2,-0.37902888634938114,,combined_only_epi_real_seed3,lib_size_leakage,
1,1,r2,-1.0648057162720388,,combined_only_epi_real_seed3,lib_size_leakage,
1,2,r2,-6.479273678701896,,combined_only_epi_real_seed3,lib_size_leakage,
1,3,r2,-0.6996919675028541,,combined_only_epi_real_seed3,lib_size_leakage,
1,4,r2,-1.0007233552600767,,combined_only_epi_real_seed3,lib_size_leakage,
1,5,r2,-0.6182120120899173,,combined_only_epi_real_seed3,lib_size_leakage,
2,0,r2,-1.982283336677289,,combined_only_epi_real_seed3,lib_size_leakage,
2,1,r2,-2.1947479007762105,,combined_only_epi_real_seed3,lib_size_leakage,
2,2,r2,-1.0900653040022443,,combined_only_epi_real_seed3,lib_size_leakage,
2,3,r2,-0.00624419265919629,,combined_only_epi_real_seed3,lib_size_leakage,
2,4,r2,-2.258689833360395,,combined_only_epi_real_seed3,lib_size_leakage,
2,5,r2,-0.8185635506261926,,combined_only_epi_real_seed3,lib_size_leakage,
3,0,r2,-4.0576399672591394,,combined_only_epi_real_seed3,lib_size_leakage,
3,1,r2,-1.7018293178448274,,combined_only_epi_real_seed3,lib_size_leakage,
3,2,r2,-0.8748113903424168,,combined_only_epi_real_seed3,lib_size_leakage,
3,3,r2,-0.3472207512327019,,combined_only_epi_real_seed3,lib_size_leakage,
3,4,r2,-0.6303822877325547,,combined_only_epi_real_seed3,lib_size_leakage,
3,5,r2,-0.19497057132012174,,combined_only_epi_real_seed3,lib_size_leakage,
4,0,r2,-1.229392449865423,,combined_only_epi_real_seed3,lib_size_leakage,
4,1,r2,-3.3359711751241212,,combined_only_epi_real_seed3,lib_size_leakage,
4,2,r2,-0.6015167970734014,,combined_only_epi_real_seed3,lib_size_leakage,
4,3,r2,-0.5492343286875911,,combined_only_epi_real_seed3,lib_size_leakage,
4,4,r2,-0.6500611381185879,,combined_only_epi_real_seed3,lib_size_leakage,
4,5,r2,-0.32324015809645634,,combined_only_epi_real_seed3,lib_size_leakage,
0,0,accuracy,0.22077922077922077,,combined_only_epi_real_seed3,celltype_sanity_check,77.0
0,1,accuracy,0.18181818181818182,,combined_only_epi_real_seed3,celltype_sanity_check,77.0
0,2,accuracy,0.2727272727272727,,combined_only_epi_real_seed3,celltype_sanity_check,77.0
0,3,accuracy,0.2987012987012987,,combined_only_epi_real_seed3,celltype_sanity_check,77.0
0,4,accuracy,0.16883116883116883,,combined_only_epi_real_seed3,celltype_sanity_check,77.0
0,5,accuracy,0.3157894736842105,,combined_only_epi_real_seed3,celltype_sanity_check,76.0
1,0,accuracy,0.19480519480519481,,combined_only_epi_real_seed3,celltype_sanity_check,77.0
1,1,accuracy,0.2987012987012987,,combined_only_epi_real_seed3,celltype_sanity_check,77.0
1,2,accuracy,0.14285714285714285,,combined_only_epi_real_seed3,celltype_sanity_check,77.0
1,3,accuracy,0.22077922077922077,,combined_only_epi_real_seed3,celltype_sanity_check,77.0
1,4,accuracy,0.2987012987012987,,combined_only_epi_real_seed3,celltype_sanity_check,77.0
1,5,accuracy,0.2894736842105263,,combined_only_epi_real_seed3,celltype_sanity_check,76.0
2,0,accuracy,0.2597402597402597,,combined_only_epi_real_seed3,celltype_sanity_check,77.0
2,1,accuracy,0.18181818181818182,,combined_only_epi_real_seed3,celltype_sanity_check,77.0
2,2,accuracy,0.22077922077922077,,combined_only_epi_real_seed3,celltype_sanity_check,77.0
2,3,accuracy,0.19480519480519481,,combined_only_epi_real_seed3,celltype_sanity_check,77.0
2,4,accuracy,0.24675324675324675,,combined_only_epi_real_seed3,celltype_sanity_check,77.0
2,5,accuracy,0.23684210526315788,,combined_only_epi_real_seed3,celltype_sanity_check,76.0
3,0,accuracy,0.2597402597402597,,combined_only_epi_real_seed3,celltype_sanity_check,77.0
3,1,accuracy,0.23376623376623376,,combined_only_epi_real_seed3,celltype_sanity_check,77.0
3,2,accuracy,0.2597402597402597,,combined_only_epi_real_seed3,celltype_sanity_check,77.0
3,3,accuracy,0.24675324675324675,,combined_only_epi_real_seed3,celltype_sanity_check,77.0
3,4,accuracy,0.17105263157894737,,combined_only_epi_real_seed3,celltype_sanity_check,76.0
3,5,accuracy,0.2857142857142857,,combined_only_epi_real_seed3,celltype_sanity_check,77.0
4,0,accuracy,0.16883116883116883,,combined_only_epi_real_seed3,celltype_sanity_check,77.0
4,1,accuracy,0.24675324675324675,,combined_only_epi_real_seed3,celltype_sanity_check,77.0
4,2,accuracy,0.16883116883116883,,combined_only_epi_real_seed3,celltype_sanity_check,77.0
4,3,accuracy,0.2987012987012987,,combined_only_epi_real_seed3,celltype_sanity_check,77.0
4,4,accuracy,0.3116883116883117,,combined_only_epi_real_seed3,celltype_sanity_check,77.0
4,5,accuracy,0.25,,combined_only_epi_real_seed3,celltype_sanity_check,76.0
0,0,accuracy,0.6666666666666666,6.0,combined_c1_degree_preserving_seed4,disease_status,
0,0,auroc,0.5555555555555556,6.0,combined_c1_degree_preserving_seed4,disease_status,
0,1,accuracy,0.3333333333333333,6.0,combined_c1_degree_preserving_seed4,disease_status,
0,1,auroc,0.22222222222222224,6.0,combined_c1_degree_preserving_seed4,disease_status,
0,2,accuracy,0.5,6.0,combined_c1_degree_preserving_seed4,disease_status,
0,2,auroc,0.3333333333333333,6.0,combined_c1_degree_preserving_seed4,disease_status,
0,3,accuracy,0.5,6.0,combined_c1_degree_preserving_seed4,disease_status,
0,3,auroc,0.33333333333333337,6.0,combined_c1_degree_preserving_seed4,disease_status,
0,4,accuracy,0.5,6.0,combined_c1_degree_preserving_seed4,disease_status,
0,4,auroc,0.4444444444444445,6.0,combined_c1_degree_preserving_seed4,disease_status,
0,5,accuracy,0.6666666666666666,6.0,combined_c1_degree_preserving_seed4,disease_status,
0,5,auroc,0.7777777777777779,6.0,combined_c1_degree_preserving_seed4,disease_status,
1,0,accuracy,0.3333333333333333,6.0,combined_c1_degree_preserving_seed4,disease_status,
1,0,auroc,0.22222222222222224,6.0,combined_c1_degree_preserving_seed4,disease_status,
1,1,accuracy,0.3333333333333333,6.0,combined_c1_degree_preserving_seed4,disease_status,
1,1,auroc,0.33333333333333337,6.0,combined_c1_degree_preserving_seed4,disease_status,
1,2,accuracy,0.6666666666666666,6.0,combined_c1_degree_preserving_seed4,disease_status,
1,2,auroc,0.33333333333333337,6.0,combined_c1_degree_preserving_seed4,disease_status,
1,3,accuracy,0.6666666666666666,6.0,combined_c1_degree_preserving_seed4,disease_status,
1,3,auroc,0.5555555555555556,6.0,combined_c1_degree_preserving_seed4,disease_status,
1,4,accuracy,0.6666666666666666,6.0,combined_c1_degree_preserving_seed4,disease_status,
1,4,auroc,0.6666666666666667,6.0,combined_c1_degree_preserving_seed4,disease_status,
1,5,accuracy,0.5,6.0,combined_c1_degree_preserving_seed4,disease_status,
1,5,auroc,0.22222222222222224,6.0,combined_c1_degree_preserving_seed4,disease_status,
2,0,accuracy,0.0,6.0,combined_c1_degree_preserving_seed4,disease_status,
2,0,auroc,0.0,6.0,combined_c1_degree_preserving_seed4,disease_status,
2,1,accuracy,0.6666666666666666,6.0,combined_c1_degree_preserving_seed4,disease_status,
2,1,auroc,0.7777777777777779,6.0,combined_c1_degree_preserving_seed4,disease_status,
2,2,accuracy,0.5,6.0,combined_c1_degree_preserving_seed4,disease_status,
2,2,auroc,0.5555555555555556,6.0,combined_c1_degree_preserving_seed4,disease_status,
2,3,accuracy,0.6666666666666666,6.0,combined_c1_degree_preserving_seed4,disease_status,
2,3,auroc,0.888888888888889,6.0,combined_c1_degree_preserving_seed4,disease_status,
2,4,accuracy,0.5,6.0,combined_c1_degree_preserving_seed4,disease_status,
2,4,auroc,0.6666666666666667,6.0,combined_c1_degree_preserving_seed4,disease_status,
2,5,accuracy,0.6666666666666666,6.0,combined_c1_degree_preserving_seed4,disease_status,
2,5,auroc,0.4444444444444445,6.0,combined_c1_degree_preserving_seed4,disease_status,
3,0,accuracy,0.3333333333333333,6.0,combined_c1_degree_preserving_seed4,disease_status,
3,0,auroc,0.22222222222222224,6.0,combined_c1_degree_preserving_seed4,disease_status,
3,1,accuracy,0.6666666666666666,6.0,combined_c1_degree_preserving_seed4,disease_status,
3,1,auroc,0.33333333333333337,6.0,combined_c1_degree_preserving_seed4,disease_status,
3,2,accuracy,0.3333333333333333,6.0,combined_c1_degree_preserving_seed4,disease_status,
3,2,auroc,0.33333333333333337,6.0,combined_c1_degree_preserving_seed4,disease_status,
3,3,accuracy,0.5,6.0,combined_c1_degree_preserving_seed4,disease_status,
3,3,auroc,0.22222222222222224,6.0,combined_c1_degree_preserving_seed4,disease_status,
3,4,accuracy,0.8333333333333334,6.0,combined_c1_degree_preserving_seed4,disease_status,
3,4,auroc,0.7777777777777778,6.0,combined_c1_degree_preserving_seed4,disease_status,
3,5,accuracy,0.16666666666666666,6.0,combined_c1_degree_preserving_seed4,disease_status,
3,5,auroc,0.22222222222222224,6.0,combined_c1_degree_preserving_seed4,disease_status,
4,0,accuracy,0.6666666666666666,6.0,combined_c1_degree_preserving_seed4,disease_status,
4,0,auroc,0.6666666666666667,6.0,combined_c1_degree_preserving_seed4,disease_status,
4,1,accuracy,0.5,6.0,combined_c1_degree_preserving_seed4,disease_status,
4,1,auroc,0.6666666666666667,6.0,combined_c1_degree_preserving_seed4,disease_status,
4,2,accuracy,0.6666666666666666,6.0,combined_c1_degree_preserving_seed4,disease_status,
4,2,auroc,0.888888888888889,6.0,combined_c1_degree_preserving_seed4,disease_status,
4,3,accuracy,0.6666666666666666,6.0,combined_c1_degree_preserving_seed4,disease_status,
4,3,auroc,0.6666666666666667,6.0,combined_c1_degree_preserving_seed4,disease_status,
4,4,accuracy,0.5,6.0,combined_c1_degree_preserving_seed4,disease_status,
4,4,auroc,0.5555555555555556,6.0,combined_c1_degree_preserving_seed4,disease_status,
4,5,accuracy,0.3333333333333333,6.0,combined_c1_degree_preserving_seed4,disease_status,
4,5,auroc,0.22222222222222224,6.0,combined_c1_degree_preserving_seed4,disease_status,
0,0,accuracy,0.6666666666666666,6.0,combined_c1_degree_preserving_seed4,sex_sanity_check,
0,0,auroc,1.0,6.0,combined_c1_degree_preserving_seed4,sex_sanity_check,
0,1,accuracy,0.3333333333333333,6.0,combined_c1_degree_preserving_seed4,sex_sanity_check,
0,1,auroc,0.5,6.0,combined_c1_degree_preserving_seed4,sex_sanity_check,
0,2,accuracy,1.0,6.0,combined_c1_degree_preserving_seed4,sex_sanity_check,
0,2,auroc,1.0,6.0,combined_c1_degree_preserving_seed4,sex_sanity_check,
0,3,accuracy,0.8333333333333334,6.0,combined_c1_degree_preserving_seed4,sex_sanity_check,
0,3,auroc,0.4,6.0,combined_c1_degree_preserving_seed4,sex_sanity_check,
0,4,accuracy,0.8333333333333334,6.0,combined_c1_degree_preserving_seed4,sex_sanity_check,
0,4,auroc,1.0,6.0,combined_c1_degree_preserving_seed4,sex_sanity_check,
0,5,accuracy,0.5,6.0,combined_c1_degree_preserving_seed4,sex_sanity_check,
0,5,auroc,1.0,6.0,combined_c1_degree_preserving_seed4,sex_sanity_check,
1,0,accuracy,0.5,6.0,combined_c1_degree_preserving_seed4,sex_sanity_check,
1,0,auroc,0.625,6.0,combined_c1_degree_preserving_seed4,sex_sanity_check,
1,1,accuracy,0.8333333333333334,6.0,combined_c1_degree_preserving_seed4,sex_sanity_check,
1,1,auroc,1.0,6.0,combined_c1_degree_preserving_seed4,sex_sanity_check,
1,2,accuracy,0.6666666666666666,6.0,combined_c1_degree_preserving_seed4,sex_sanity_check,
1,2,auroc,0.4444444444444445,6.0,combined_c1_degree_preserving_seed4,sex_sanity_check,
1,3,accuracy,1.0,6.0,combined_c1_degree_preserving_seed4,sex_sanity_check,
1,3,auroc,1.0,6.0,combined_c1_degree_preserving_seed4,sex_sanity_check,
1,4,accuracy,0.8333333333333334,6.0,combined_c1_degree_preserving_seed4,sex_sanity_check,
1,4,auroc,0.875,6.0,combined_c1_degree_preserving_seed4,sex_sanity_check,
1,5,accuracy,0.6666666666666666,6.0,combined_c1_degree_preserving_seed4,sex_sanity_check,
1,5,auroc,0.875,6.0,combined_c1_degree_preserving_seed4,sex_sanity_check,
2,0,accuracy,1.0,6.0,combined_c1_degree_preserving_seed4,sex_sanity_check,
2,0,auroc,1.0,6.0,combined_c1_degree_preserving_seed4,sex_sanity_check,
2,1,accuracy,0.6666666666666666,6.0,combined_c1_degree_preserving_seed4,sex_sanity_check,
2,1,auroc,1.0,6.0,combined_c1_degree_preserving_seed4,sex_sanity_check,
2,2,accuracy,0.6666666666666666,6.0,combined_c1_degree_preserving_seed4,sex_sanity_check,
2,2,auroc,0.75,6.0,combined_c1_degree_preserving_seed4,sex_sanity_check,
2,3,accuracy,0.8333333333333334,6.0,combined_c1_degree_preserving_seed4,sex_sanity_check,
2,3,auroc,0.8,6.0,combined_c1_degree_preserving_seed4,sex_sanity_check,
2,4,accuracy,0.3333333333333333,6.0,combined_c1_degree_preserving_seed4,sex_sanity_check,
2,4,auroc,,6.0,combined_c1_degree_preserving_seed4,sex_sanity_check,
2,5,accuracy,0.3333333333333333,6.0,combined_c1_degree_preserving_seed4,sex_sanity_check,
2,5,auroc,0.5,6.0,combined_c1_degree_preserving_seed4,sex_sanity_check,
3,0,accuracy,0.8333333333333334,6.0,combined_c1_degree_preserving_seed4,sex_sanity_check,
3,0,auroc,0.888888888888889,6.0,combined_c1_degree_preserving_seed4,sex_sanity_check,
3,1,accuracy,0.6666666666666666,6.0,combined_c1_degree_preserving_seed4,sex_sanity_check,
3,1,auroc,0.6,6.0,combined_c1_degree_preserving_seed4,sex_sanity_check,
3,2,accuracy,0.8333333333333334,6.0,combined_c1_degree_preserving_seed4,sex_sanity_check,
3,2,auroc,0.875,6.0,combined_c1_degree_preserving_seed4,sex_sanity_check,
3,3,accuracy,0.8333333333333334,6.0,combined_c1_degree_preserving_seed4,sex_sanity_check,
3,3,auroc,0.7777777777777779,6.0,combined_c1_degree_preserving_seed4,sex_sanity_check,
3,4,accuracy,0.8333333333333334,6.0,combined_c1_degree_preserving_seed4,sex_sanity_check,
3,4,auroc,1.0,6.0,combined_c1_degree_preserving_seed4,sex_sanity_check,
3,5,accuracy,0.6666666666666666,6.0,combined_c1_degree_preserving_seed4,sex_sanity_check,
3,5,auroc,0.75,6.0,combined_c1_degree_preserving_seed4,sex_sanity_check,
4,0,accuracy,0.8333333333333334,6.0,combined_c1_degree_preserving_seed4,sex_sanity_check,
4,0,auroc,1.0,6.0,combined_c1_degree_preserving_seed4,sex_sanity_check,
4,1,accuracy,0.5,6.0,combined_c1_degree_preserving_seed4,sex_sanity_check,
4,1,auroc,0.5,6.0,combined_c1_degree_preserving_seed4,sex_sanity_check,
4,2,accuracy,0.8333333333333334,6.0,combined_c1_degree_preserving_seed4,sex_sanity_check,
4,2,auroc,0.888888888888889,6.0,combined_c1_degree_preserving_seed4,sex_sanity_check,
4,3,accuracy,0.16666666666666666,6.0,combined_c1_degree_preserving_seed4,sex_sanity_check,
4,3,auroc,0.11111111111111112,6.0,combined_c1_degree_preserving_seed4,sex_sanity_check,
4,4,accuracy,1.0,6.0,combined_c1_degree_preserving_seed4,sex_sanity_check,
4,4,auroc,1.0,6.0,combined_c1_degree_preserving_seed4,sex_sanity_check,
4,5,accuracy,1.0,6.0,combined_c1_degree_preserving_seed4,sex_sanity_check,
4,5,auroc,,6.0,combined_c1_degree_preserving_seed4,sex_sanity_check,
0,0,r2,-1.6915181407336695,,combined_c1_degree_preserving_seed4,lib_size_leakage,
0,1,r2,0.08459094180207583,,combined_c1_degree_preserving_seed4,lib_size_leakage,
0,2,r2,-1.4658705329575503,,combined_c1_degree_preserving_seed4,lib_size_leakage,
0,3,r2,-0.6700074066894153,,combined_c1_degree_preserving_seed4,lib_size_leakage,
0,4,r2,-2.7520382194575213,,combined_c1_degree_preserving_seed4,lib_size_leakage,
0,5,r2,-0.7661653142078273,,combined_c1_degree_preserving_seed4,lib_size_leakage,
1,0,r2,-0.016445716085801143,,combined_c1_degree_preserving_seed4,lib_size_leakage,
1,1,r2,-1.438916520291745,,combined_c1_degree_preserving_seed4,lib_size_leakage,
1,2,r2,-6.8887635483194245,,combined_c1_degree_preserving_seed4,lib_size_leakage,
1,3,r2,-1.2668858741098834,,combined_c1_degree_preserving_seed4,lib_size_leakage,
1,4,r2,-0.3001872875266096,,combined_c1_degree_preserving_seed4,lib_size_leakage,
1,5,r2,-0.5708838790125699,,combined_c1_degree_preserving_seed4,lib_size_leakage,
2,0,r2,-1.349621173265942,,combined_c1_degree_preserving_seed4,lib_size_leakage,
2,1,r2,-2.247353406762094,,combined_c1_degree_preserving_seed4,lib_size_leakage,
2,2,r2,-0.9540428757940032,,combined_c1_degree_preserving_seed4,lib_size_leakage,
2,3,r2,0.11189938345751826,,combined_c1_degree_preserving_seed4,lib_size_leakage,
2,4,r2,-2.423455491848004,,combined_c1_degree_preserving_seed4,lib_size_leakage,
2,5,r2,-0.6261058642974977,,combined_c1_degree_preserving_seed4,lib_size_leakage,
3,0,r2,-3.5766901696276827,,combined_c1_degree_preserving_seed4,lib_size_leakage,
3,1,r2,-1.3087054761330101,,combined_c1_degree_preserving_seed4,lib_size_leakage,
3,2,r2,-0.8347567545207812,,combined_c1_degree_preserving_seed4,lib_size_leakage,
3,3,r2,-0.03981597675359505,,combined_c1_degree_preserving_seed4,lib_size_leakage,
3,4,r2,-0.38113625568382803,,combined_c1_degree_preserving_seed4,lib_size_leakage,
3,5,r2,-1.2564408865877188,,combined_c1_degree_preserving_seed4,lib_size_leakage,
4,0,r2,-0.8751934655030316,,combined_c1_degree_preserving_seed4,lib_size_leakage,
4,1,r2,-5.445861029068309,,combined_c1_degree_preserving_seed4,lib_size_leakage,
4,2,r2,-0.8156312325163975,,combined_c1_degree_preserving_seed4,lib_size_leakage,
4,3,r2,-1.4628182138277053,,combined_c1_degree_preserving_seed4,lib_size_leakage,
4,4,r2,-0.9420911454985625,,combined_c1_degree_preserving_seed4,lib_size_leakage,
4,5,r2,0.05131618107247038,,combined_c1_degree_preserving_seed4,lib_size_leakage,
0,0,accuracy,0.2597402597402597,,combined_c1_degree_preserving_seed4,celltype_sanity_check,77.0
0,1,accuracy,0.2727272727272727,,combined_c1_degree_preserving_seed4,celltype_sanity_check,77.0
0,2,accuracy,0.33766233766233766,,combined_c1_degree_preserving_seed4,celltype_sanity_check,77.0
0,3,accuracy,0.37662337662337664,,combined_c1_degree_preserving_seed4,celltype_sanity_check,77.0
0,4,accuracy,0.3246753246753247,,combined_c1_degree_preserving_seed4,celltype_sanity_check,77.0
0,5,accuracy,0.42105263157894735,,combined_c1_degree_preserving_seed4,celltype_sanity_check,76.0
1,0,accuracy,0.3246753246753247,,combined_c1_degree_preserving_seed4,celltype_sanity_check,77.0
1,1,accuracy,0.4025974025974026,,combined_c1_degree_preserving_seed4,celltype_sanity_check,77.0
1,2,accuracy,0.2077922077922078,,combined_c1_degree_preserving_seed4,celltype_sanity_check,77.0
1,3,accuracy,0.38961038961038963,,combined_c1_degree_preserving_seed4,celltype_sanity_check,77.0
1,4,accuracy,0.38961038961038963,,combined_c1_degree_preserving_seed4,celltype_sanity_check,77.0
1,5,accuracy,0.35526315789473684,,combined_c1_degree_preserving_seed4,celltype_sanity_check,76.0
2,0,accuracy,0.36363636363636365,,combined_c1_degree_preserving_seed4,celltype_sanity_check,77.0
2,1,accuracy,0.2987012987012987,,combined_c1_degree_preserving_seed4,celltype_sanity_check,77.0
2,2,accuracy,0.2987012987012987,,combined_c1_degree_preserving_seed4,celltype_sanity_check,77.0
2,3,accuracy,0.2987012987012987,,combined_c1_degree_preserving_seed4,celltype_sanity_check,77.0
2,4,accuracy,0.3116883116883117,,combined_c1_degree_preserving_seed4,celltype_sanity_check,77.0
2,5,accuracy,0.3815789473684211,,combined_c1_degree_preserving_seed4,celltype_sanity_check,76.0
3,0,accuracy,0.3116883116883117,,combined_c1_degree_preserving_seed4,celltype_sanity_check,77.0
3,1,accuracy,0.2727272727272727,,combined_c1_degree_preserving_seed4,celltype_sanity_check,77.0
3,2,accuracy,0.36363636363636365,,combined_c1_degree_preserving_seed4,celltype_sanity_check,77.0
3,3,accuracy,0.37662337662337664,,combined_c1_degree_preserving_seed4,celltype_sanity_check,77.0
3,4,accuracy,0.3157894736842105,,combined_c1_degree_preserving_seed4,celltype_sanity_check,76.0
3,5,accuracy,0.2857142857142857,,combined_c1_degree_preserving_seed4,celltype_sanity_check,77.0
4,0,accuracy,0.37662337662337664,,combined_c1_degree_preserving_seed4,celltype_sanity_check,77.0
4,1,accuracy,0.35064935064935066,,combined_c1_degree_preserving_seed4,celltype_sanity_check,77.0
4,2,accuracy,0.2987012987012987,,combined_c1_degree_preserving_seed4,celltype_sanity_check,77.0
4,3,accuracy,0.44155844155844154,,combined_c1_degree_preserving_seed4,celltype_sanity_check,77.0
4,4,accuracy,0.3246753246753247,,combined_c1_degree_preserving_seed4,celltype_sanity_check,77.0
4,5,accuracy,0.3157894736842105,,combined_c1_degree_preserving_seed4,celltype_sanity_check,76.0
0,0,accuracy,0.6666666666666666,6.0,combined_c2_fully_random_seed4,disease_status,
0,0,auroc,1.0,6.0,combined_c2_fully_random_seed4,disease_status,
0,1,accuracy,0.6666666666666666,6.0,combined_c2_fully_random_seed4,disease_status,
0,1,auroc,0.4444444444444445,6.0,combined_c2_fully_random_seed4,disease_status,
0,2,accuracy,0.3333333333333333,6.0,combined_c2_fully_random_seed4,disease_status,
0,2,auroc,0.33333333333333337,6.0,combined_c2_fully_random_seed4,disease_status,
0,3,accuracy,0.5,6.0,combined_c2_fully_random_seed4,disease_status,
0,3,auroc,0.888888888888889,6.0,combined_c2_fully_random_seed4,disease_status,
0,4,accuracy,0.6666666666666666,6.0,combined_c2_fully_random_seed4,disease_status,
0,4,auroc,0.3333333333333333,6.0,combined_c2_fully_random_seed4,disease_status,
0,5,accuracy,0.6666666666666666,6.0,combined_c2_fully_random_seed4,disease_status,
0,5,auroc,0.5555555555555556,6.0,combined_c2_fully_random_seed4,disease_status,
1,0,accuracy,0.5,6.0,combined_c2_fully_random_seed4,disease_status,
1,0,auroc,0.6666666666666667,6.0,combined_c2_fully_random_seed4,disease_status,
1,1,accuracy,0.6666666666666666,6.0,combined_c2_fully_random_seed4,disease_status,
1,1,auroc,0.888888888888889,6.0,combined_c2_fully_random_seed4,disease_status,
1,2,accuracy,0.3333333333333333,6.0,combined_c2_fully_random_seed4,disease_status,
1,2,auroc,0.4444444444444444,6.0,combined_c2_fully_random_seed4,disease_status,
1,3,accuracy,0.6666666666666666,6.0,combined_c2_fully_random_seed4,disease_status,
1,3,auroc,0.7777777777777778,6.0,combined_c2_fully_random_seed4,disease_status,
1,4,accuracy,0.5,6.0,combined_c2_fully_random_seed4,disease_status,
1,4,auroc,0.33333333333333337,6.0,combined_c2_fully_random_seed4,disease_status,
1,5,accuracy,0.5,6.0,combined_c2_fully_random_seed4,disease_status,
1,5,auroc,0.4444444444444445,6.0,combined_c2_fully_random_seed4,disease_status,
2,0,accuracy,0.0,6.0,combined_c2_fully_random_seed4,disease_status,
2,0,auroc,0.0,6.0,combined_c2_fully_random_seed4,disease_status,
2,1,accuracy,0.6666666666666666,6.0,combined_c2_fully_random_seed4,disease_status,
2,1,auroc,0.6666666666666666,6.0,combined_c2_fully_random_seed4,disease_status,
2,2,accuracy,0.6666666666666666,6.0,combined_c2_fully_random_seed4,disease_status,
2,2,auroc,0.6666666666666666,6.0,combined_c2_fully_random_seed4,disease_status,
2,3,accuracy,0.6666666666666666,6.0,combined_c2_fully_random_seed4,disease_status,
2,3,auroc,0.7777777777777778,6.0,combined_c2_fully_random_seed4,disease_status,
2,4,accuracy,0.6666666666666666,6.0,combined_c2_fully_random_seed4,disease_status,
2,4,auroc,1.0,6.0,combined_c2_fully_random_seed4,disease_status,
2,5,accuracy,0.5,6.0,combined_c2_fully_random_seed4,disease_status,
2,5,auroc,0.5555555555555556,6.0,combined_c2_fully_random_seed4,disease_status,
3,0,accuracy,0.5,6.0,combined_c2_fully_random_seed4,disease_status,
3,0,auroc,0.5555555555555556,6.0,combined_c2_fully_random_seed4,disease_status,
3,1,accuracy,0.6666666666666666,6.0,combined_c2_fully_random_seed4,disease_status,
3,1,auroc,0.6666666666666667,6.0,combined_c2_fully_random_seed4,disease_status,
3,2,accuracy,0.3333333333333333,6.0,combined_c2_fully_random_seed4,disease_status,
3,2,auroc,0.22222222222222224,6.0,combined_c2_fully_random_seed4,disease_status,
3,3,accuracy,0.6666666666666666,6.0,combined_c2_fully_random_seed4,disease_status,
3,3,auroc,0.4444444444444444,6.0,combined_c2_fully_random_seed4,disease_status,
3,4,accuracy,0.6666666666666666,6.0,combined_c2_fully_random_seed4,disease_status,
3,4,auroc,0.5555555555555556,6.0,combined_c2_fully_random_seed4,disease_status,
3,5,accuracy,0.3333333333333333,6.0,combined_c2_fully_random_seed4,disease_status,
3,5,auroc,0.3333333333333333,6.0,combined_c2_fully_random_seed4,disease_status,
4,0,accuracy,0.5,6.0,combined_c2_fully_random_seed4,disease_status,
4,0,auroc,0.6666666666666667,6.0,combined_c2_fully_random_seed4,disease_status,
4,1,accuracy,0.5,6.0,combined_c2_fully_random_seed4,disease_status,
4,1,auroc,0.4444444444444445,6.0,combined_c2_fully_random_seed4,disease_status,
4,2,accuracy,0.8333333333333334,6.0,combined_c2_fully_random_seed4,disease_status,
4,2,auroc,0.888888888888889,6.0,combined_c2_fully_random_seed4,disease_status,
4,3,accuracy,0.5,6.0,combined_c2_fully_random_seed4,disease_status,
4,3,auroc,0.5555555555555556,6.0,combined_c2_fully_random_seed4,disease_status,
4,4,accuracy,0.5,6.0,combined_c2_fully_random_seed4,disease_status,
4,4,auroc,0.6666666666666667,6.0,combined_c2_fully_random_seed4,disease_status,
4,5,accuracy,0.3333333333333333,6.0,combined_c2_fully_random_seed4,disease_status,
4,5,auroc,0.33333333333333337,6.0,combined_c2_fully_random_seed4,disease_status,
0,0,accuracy,0.8333333333333334,6.0,combined_c2_fully_random_seed4,sex_sanity_check,
0,0,auroc,0.8,6.0,combined_c2_fully_random_seed4,sex_sanity_check,
0,1,accuracy,0.3333333333333333,6.0,combined_c2_fully_random_seed4,sex_sanity_check,
0,1,auroc,0.25,6.0,combined_c2_fully_random_seed4,sex_sanity_check,
0,2,accuracy,1.0,6.0,combined_c2_fully_random_seed4,sex_sanity_check,
0,2,auroc,1.0,6.0,combined_c2_fully_random_seed4,sex_sanity_check,
0,3,accuracy,0.8333333333333334,6.0,combined_c2_fully_random_seed4,sex_sanity_check,
0,3,auroc,0.8,6.0,combined_c2_fully_random_seed4,sex_sanity_check,
0,4,accuracy,0.6666666666666666,6.0,combined_c2_fully_random_seed4,sex_sanity_check,
0,4,auroc,0.6666666666666666,6.0,combined_c2_fully_random_seed4,sex_sanity_check,
0,5,accuracy,0.5,6.0,combined_c2_fully_random_seed4,sex_sanity_check,
0,5,auroc,0.7777777777777778,6.0,combined_c2_fully_random_seed4,sex_sanity_check,
1,0,accuracy,0.6666666666666666,6.0,combined_c2_fully_random_seed4,sex_sanity_check,
1,0,auroc,0.625,6.0,combined_c2_fully_random_seed4,sex_sanity_check,
1,1,accuracy,0.5,6.0,combined_c2_fully_random_seed4,sex_sanity_check,
1,1,auroc,0.8,6.0,combined_c2_fully_random_seed4,sex_sanity_check,
1,2,accuracy,0.8333333333333334,6.0,combined_c2_fully_random_seed4,sex_sanity_check,
1,2,auroc,1.0,6.0,combined_c2_fully_random_seed4,sex_sanity_check,
1,3,accuracy,0.8333333333333334,6.0,combined_c2_fully_random_seed4,sex_sanity_check,
1,3,auroc,0.875,6.0,combined_c2_fully_random_seed4,sex_sanity_check,
1,4,accuracy,0.8333333333333334,6.0,combined_c2_fully_random_seed4,sex_sanity_check,
1,4,auroc,1.0,6.0,combined_c2_fully_random_seed4,sex_sanity_check,
1,5,accuracy,0.6666666666666666,6.0,combined_c2_fully_random_seed4,sex_sanity_check,
1,5,auroc,0.875,6.0,combined_c2_fully_random_seed4,sex_sanity_check,
2,0,accuracy,1.0,6.0,combined_c2_fully_random_seed4,sex_sanity_check,
2,0,auroc,1.0,6.0,combined_c2_fully_random_seed4,sex_sanity_check,
2,1,accuracy,0.8333333333333334,6.0,combined_c2_fully_random_seed4,sex_sanity_check,
2,1,auroc,0.888888888888889,6.0,combined_c2_fully_random_seed4,sex_sanity_check,
2,2,accuracy,0.5,6.0,combined_c2_fully_random_seed4,sex_sanity_check,
2,2,auroc,1.0,6.0,combined_c2_fully_random_seed4,sex_sanity_check,
2,3,accuracy,0.6666666666666666,6.0,combined_c2_fully_random_seed4,sex_sanity_check,
2,3,auroc,0.8,6.0,combined_c2_fully_random_seed4,sex_sanity_check,
2,4,accuracy,0.16666666666666666,6.0,combined_c2_fully_random_seed4,sex_sanity_check,
2,4,auroc,,6.0,combined_c2_fully_random_seed4,sex_sanity_check,
2,5,accuracy,0.8333333333333334,6.0,combined_c2_fully_random_seed4,sex_sanity_check,
2,5,auroc,0.875,6.0,combined_c2_fully_random_seed4,sex_sanity_check,
3,0,accuracy,0.8333333333333334,6.0,combined_c2_fully_random_seed4,sex_sanity_check,
3,0,auroc,0.888888888888889,6.0,combined_c2_fully_random_seed4,sex_sanity_check,
3,1,accuracy,0.6666666666666666,6.0,combined_c2_fully_random_seed4,sex_sanity_check,
3,1,auroc,0.8,6.0,combined_c2_fully_random_seed4,sex_sanity_check,
3,2,accuracy,0.8333333333333334,6.0,combined_c2_fully_random_seed4,sex_sanity_check,
3,2,auroc,0.75,6.0,combined_c2_fully_random_seed4,sex_sanity_check,
3,3,accuracy,0.5,6.0,combined_c2_fully_random_seed4,sex_sanity_check,
3,3,auroc,0.5555555555555556,6.0,combined_c2_fully_random_seed4,sex_sanity_check,
3,4,accuracy,0.8333333333333334,6.0,combined_c2_fully_random_seed4,sex_sanity_check,
3,4,auroc,0.8,6.0,combined_c2_fully_random_seed4,sex_sanity_check,
3,5,accuracy,0.8333333333333334,6.0,combined_c2_fully_random_seed4,sex_sanity_check,
3,5,auroc,0.75,6.0,combined_c2_fully_random_seed4,sex_sanity_check,
4,0,accuracy,0.5,6.0,combined_c2_fully_random_seed4,sex_sanity_check,
4,0,auroc,1.0,6.0,combined_c2_fully_random_seed4,sex_sanity_check,
4,1,accuracy,0.8333333333333334,6.0,combined_c2_fully_random_seed4,sex_sanity_check,
4,1,auroc,0.875,6.0,combined_c2_fully_random_seed4,sex_sanity_check,
4,2,accuracy,0.5,6.0,combined_c2_fully_random_seed4,sex_sanity_check,
4,2,auroc,1.0,6.0,combined_c2_fully_random_seed4,sex_sanity_check,
4,3,accuracy,0.3333333333333333,6.0,combined_c2_fully_random_seed4,sex_sanity_check,
4,3,auroc,0.33333333333333337,6.0,combined_c2_fully_random_seed4,sex_sanity_check,
4,4,accuracy,0.6666666666666666,6.0,combined_c2_fully_random_seed4,sex_sanity_check,
4,4,auroc,1.0,6.0,combined_c2_fully_random_seed4,sex_sanity_check,
4,5,accuracy,1.0,6.0,combined_c2_fully_random_seed4,sex_sanity_check,
4,5,auroc,,6.0,combined_c2_fully_random_seed4,sex_sanity_check,
0,0,r2,-1.6602457151408343,,combined_c2_fully_random_seed4,lib_size_leakage,
0,1,r2,-0.5090169665635835,,combined_c2_fully_random_seed4,lib_size_leakage,
0,2,r2,-1.7942182943790121,,combined_c2_fully_random_seed4,lib_size_leakage,
0,3,r2,-0.7603735924019825,,combined_c2_fully_random_seed4,lib_size_leakage,
0,4,r2,-6.947384561366002,,combined_c2_fully_random_seed4,lib_size_leakage,
0,5,r2,-1.2838269388564876,,combined_c2_fully_random_seed4,lib_size_leakage,
1,0,r2,-0.7241187586003479,,combined_c2_fully_random_seed4,lib_size_leakage,
1,1,r2,-1.8886791359432604,,combined_c2_fully_random_seed4,lib_size_leakage,
1,2,r2,-8.629311993178531,,combined_c2_fully_random_seed4,lib_size_leakage,
1,3,r2,-3.9651278685553093,,combined_c2_fully_random_seed4,lib_size_leakage,
1,4,r2,-1.3289142867737254,,combined_c2_fully_random_seed4,lib_size_leakage,
1,5,r2,-0.6400444719744518,,combined_c2_fully_random_seed4,lib_size_leakage,
2,0,r2,-3.5483500334778153,,combined_c2_fully_random_seed4,lib_size_leakage,
2,1,r2,-5.585666797638311,,combined_c2_fully_random_seed4,lib_size_leakage,
2,2,r2,-0.7730838022005555,,combined_c2_fully_random_seed4,lib_size_leakage,
2,3,r2,0.08064485693122603,,combined_c2_fully_random_seed4,lib_size_leakage,
2,4,r2,-3.9198905886454734,,combined_c2_fully_random_seed4,lib_size_leakage,
2,5,r2,-1.7825635858205207,,combined_c2_fully_random_seed4,lib_size_leakage,
3,0,r2,-6.823492040104467,,combined_c2_fully_random_seed4,lib_size_leakage,
3,1,r2,-1.8341197586521734,,combined_c2_fully_random_seed4,lib_size_leakage,
3,2,r2,-1.9008794611868005,,combined_c2_fully_random_seed4,lib_size_leakage,
3,3,r2,-2.0579549737637346,,combined_c2_fully_random_seed4,lib_size_leakage,
3,4,r2,-0.896292456662237,,combined_c2_fully_random_seed4,lib_size_leakage,
3,5,r2,-1.3420158847433208,,combined_c2_fully_random_seed4,lib_size_leakage,
4,0,r2,-3.139873424084457,,combined_c2_fully_random_seed4,lib_size_leakage,
4,1,r2,-11.90917022826579,,combined_c2_fully_random_seed4,lib_size_leakage,
4,2,r2,-2.1543335907325094,,combined_c2_fully_random_seed4,lib_size_leakage,
4,3,r2,-2.054602028727087,,combined_c2_fully_random_seed4,lib_size_leakage,
4,4,r2,-0.7546940585989312,,combined_c2_fully_random_seed4,lib_size_leakage,
4,5,r2,-0.6504833502684086,,combined_c2_fully_random_seed4,lib_size_leakage,
0,0,accuracy,0.2987012987012987,,combined_c2_fully_random_seed4,celltype_sanity_check,77.0
0,1,accuracy,0.35064935064935066,,combined_c2_fully_random_seed4,celltype_sanity_check,77.0
0,2,accuracy,0.35064935064935066,,combined_c2_fully_random_seed4,celltype_sanity_check,77.0
0,3,accuracy,0.4025974025974026,,combined_c2_fully_random_seed4,celltype_sanity_check,77.0
0,4,accuracy,0.3246753246753247,,combined_c2_fully_random_seed4,celltype_sanity_check,77.0
0,5,accuracy,0.34210526315789475,,combined_c2_fully_random_seed4,celltype_sanity_check,76.0
1,0,accuracy,0.35064935064935066,,combined_c2_fully_random_seed4,celltype_sanity_check,77.0
1,1,accuracy,0.3116883116883117,,combined_c2_fully_random_seed4,celltype_sanity_check,77.0
1,2,accuracy,0.19480519480519481,,combined_c2_fully_random_seed4,celltype_sanity_check,77.0
1,3,accuracy,0.2857142857142857,,combined_c2_fully_random_seed4,celltype_sanity_check,77.0
1,4,accuracy,0.3246753246753247,,combined_c2_fully_random_seed4,celltype_sanity_check,77.0
1,5,accuracy,0.35526315789473684,,combined_c2_fully_random_seed4,celltype_sanity_check,76.0
2,0,accuracy,0.2597402597402597,,combined_c2_fully_random_seed4,celltype_sanity_check,77.0
2,1,accuracy,0.2597402597402597,,combined_c2_fully_random_seed4,celltype_sanity_check,77.0
2,2,accuracy,0.2857142857142857,,combined_c2_fully_random_seed4,celltype_sanity_check,77.0
2,3,accuracy,0.22077922077922077,,combined_c2_fully_random_seed4,celltype_sanity_check,77.0
2,4,accuracy,0.4155844155844156,,combined_c2_fully_random_seed4,celltype_sanity_check,77.0
2,5,accuracy,0.2631578947368421,,combined_c2_fully_random_seed4,celltype_sanity_check,76.0
3,0,accuracy,0.4155844155844156,,combined_c2_fully_random_seed4,celltype_sanity_check,77.0
3,1,accuracy,0.2727272727272727,,combined_c2_fully_random_seed4,celltype_sanity_check,77.0
3,2,accuracy,0.2727272727272727,,combined_c2_fully_random_seed4,celltype_sanity_check,77.0
3,3,accuracy,0.2987012987012987,,combined_c2_fully_random_seed4,celltype_sanity_check,77.0
3,4,accuracy,0.3026315789473684,,combined_c2_fully_random_seed4,celltype_sanity_check,76.0
3,5,accuracy,0.24675324675324675,,combined_c2_fully_random_seed4,celltype_sanity_check,77.0
4,0,accuracy,0.3246753246753247,,combined_c2_fully_random_seed4,celltype_sanity_check,77.0
4,1,accuracy,0.33766233766233766,,combined_c2_fully_random_seed4,celltype_sanity_check,77.0
4,2,accuracy,0.24675324675324675,,combined_c2_fully_random_seed4,celltype_sanity_check,77.0
4,3,accuracy,0.4025974025974026,,combined_c2_fully_random_seed4,celltype_sanity_check,77.0
4,4,accuracy,0.33766233766233766,,combined_c2_fully_random_seed4,celltype_sanity_check,77.0
4,5,accuracy,0.2236842105263158,,combined_c2_fully_random_seed4,celltype_sanity_check,76.0
0,0,accuracy,0.6666666666666666,6.0,combined_only_tf_real_seed4,disease_status,
0,0,auroc,0.7777777777777779,6.0,combined_only_tf_real_seed4,disease_status,
0,1,accuracy,0.6666666666666666,6.0,combined_only_tf_real_seed4,disease_status,
0,1,auroc,0.5555555555555556,6.0,combined_only_tf_real_seed4,disease_status,
0,2,accuracy,0.5,6.0,combined_only_tf_real_seed4,disease_status,
0,2,auroc,0.4444444444444444,6.0,combined_only_tf_real_seed4,disease_status,
0,3,accuracy,0.6666666666666666,6.0,combined_only_tf_real_seed4,disease_status,
0,3,auroc,0.5555555555555556,6.0,combined_only_tf_real_seed4,disease_status,
0,4,accuracy,0.5,6.0,combined_only_tf_real_seed4,disease_status,
0,4,auroc,0.5555555555555556,6.0,combined_only_tf_real_seed4,disease_status,
0,5,accuracy,0.5,6.0,combined_only_tf_real_seed4,disease_status,
0,5,auroc,0.5555555555555556,6.0,combined_only_tf_real_seed4,disease_status,
1,0,accuracy,0.3333333333333333,6.0,combined_only_tf_real_seed4,disease_status,
1,0,auroc,0.4444444444444444,6.0,combined_only_tf_real_seed4,disease_status,
1,1,accuracy,0.5,6.0,combined_only_tf_real_seed4,disease_status,
1,1,auroc,0.4444444444444445,6.0,combined_only_tf_real_seed4,disease_status,
1,2,accuracy,0.6666666666666666,6.0,combined_only_tf_real_seed4,disease_status,
1,2,auroc,0.5555555555555556,6.0,combined_only_tf_real_seed4,disease_status,
1,3,accuracy,0.6666666666666666,6.0,combined_only_tf_real_seed4,disease_status,
1,3,auroc,0.7777777777777779,6.0,combined_only_tf_real_seed4,disease_status,
1,4,accuracy,0.5,6.0,combined_only_tf_real_seed4,disease_status,
1,4,auroc,0.5555555555555556,6.0,combined_only_tf_real_seed4,disease_status,
1,5,accuracy,0.3333333333333333,6.0,combined_only_tf_real_seed4,disease_status,
1,5,auroc,0.4444444444444444,6.0,combined_only_tf_real_seed4,disease_status,
2,0,accuracy,0.16666666666666666,6.0,combined_only_tf_real_seed4,disease_status,
2,0,auroc,0.11111111111111112,6.0,combined_only_tf_real_seed4,disease_status,
2,1,accuracy,0.5,6.0,combined_only_tf_real_seed4,disease_status,
2,1,auroc,0.4444444444444444,6.0,combined_only_tf_real_seed4,disease_status,
2,2,accuracy,0.5,6.0,combined_only_tf_real_seed4,disease_status,
2,2,auroc,0.7777777777777778,6.0,combined_only_tf_real_seed4,disease_status,
2,3,accuracy,0.8333333333333334,6.0,combined_only_tf_real_seed4,disease_status,
2,3,auroc,1.0,6.0,combined_only_tf_real_seed4,disease_status,
2,4,accuracy,0.6666666666666666,6.0,combined_only_tf_real_seed4,disease_status,
2,4,auroc,0.7777777777777778,6.0,combined_only_tf_real_seed4,disease_status,
2,5,accuracy,0.6666666666666666,6.0,combined_only_tf_real_seed4,disease_status,
2,5,auroc,0.7777777777777778,6.0,combined_only_tf_real_seed4,disease_status,
3,0,accuracy,0.3333333333333333,6.0,combined_only_tf_real_seed4,disease_status,
3,0,auroc,0.22222222222222224,6.0,combined_only_tf_real_seed4,disease_status,
3,1,accuracy,0.8333333333333334,6.0,combined_only_tf_real_seed4,disease_status,
3,1,auroc,0.6666666666666667,6.0,combined_only_tf_real_seed4,disease_status,
3,2,accuracy,0.5,6.0,combined_only_tf_real_seed4,disease_status,
3,2,auroc,0.5555555555555556,6.0,combined_only_tf_real_seed4,disease_status,
3,3,accuracy,0.8333333333333334,6.0,combined_only_tf_real_seed4,disease_status,
3,3,auroc,1.0,6.0,combined_only_tf_real_seed4,disease_status,
3,4,accuracy,0.8333333333333334,6.0,combined_only_tf_real_seed4,disease_status,
3,4,auroc,0.7777777777777778,6.0,combined_only_tf_real_seed4,disease_status,
3,5,accuracy,0.3333333333333333,6.0,combined_only_tf_real_seed4,disease_status,
3,5,auroc,0.22222222222222224,6.0,combined_only_tf_real_seed4,disease_status,
4,0,accuracy,0.6666666666666666,6.0,combined_only_tf_real_seed4,disease_status,
4,0,auroc,0.6666666666666667,6.0,combined_only_tf_real_seed4,disease_status,
4,1,accuracy,0.8333333333333334,6.0,combined_only_tf_real_seed4,disease_status,
4,1,auroc,0.888888888888889,6.0,combined_only_tf_real_seed4,disease_status,
4,2,accuracy,0.6666666666666666,6.0,combined_only_tf_real_seed4,disease_status,
4,2,auroc,0.7777777777777778,6.0,combined_only_tf_real_seed4,disease_status,
4,3,accuracy,0.5,6.0,combined_only_tf_real_seed4,disease_status,
4,3,auroc,0.5555555555555556,6.0,combined_only_tf_real_seed4,disease_status,
4,4,accuracy,0.5,6.0,combined_only_tf_real_seed4,disease_status,
4,4,auroc,0.33333333333333337,6.0,combined_only_tf_real_seed4,disease_status,
4,5,accuracy,0.16666666666666666,6.0,combined_only_tf_real_seed4,disease_status,
4,5,auroc,0.3333333333333333,6.0,combined_only_tf_real_seed4,disease_status,
0,0,accuracy,0.6666666666666666,6.0,combined_only_tf_real_seed4,sex_sanity_check,
0,0,auroc,1.0,6.0,combined_only_tf_real_seed4,sex_sanity_check,
0,1,accuracy,0.5,6.0,combined_only_tf_real_seed4,sex_sanity_check,
0,1,auroc,0.375,6.0,combined_only_tf_real_seed4,sex_sanity_check,
0,2,accuracy,0.8333333333333334,6.0,combined_only_tf_real_seed4,sex_sanity_check,
0,2,auroc,1.0,6.0,combined_only_tf_real_seed4,sex_sanity_check,
0,3,accuracy,0.6666666666666666,6.0,combined_only_tf_real_seed4,sex_sanity_check,
0,3,auroc,0.4,6.0,combined_only_tf_real_seed4,sex_sanity_check,
0,4,accuracy,0.8333333333333334,6.0,combined_only_tf_real_seed4,sex_sanity_check,
0,4,auroc,0.7777777777777778,6.0,combined_only_tf_real_seed4,sex_sanity_check,
0,5,accuracy,0.5,6.0,combined_only_tf_real_seed4,sex_sanity_check,
0,5,auroc,0.7777777777777778,6.0,combined_only_tf_real_seed4,sex_sanity_check,
1,0,accuracy,0.5,6.0,combined_only_tf_real_seed4,sex_sanity_check,
1,0,auroc,0.5,6.0,combined_only_tf_real_seed4,sex_sanity_check,
1,1,accuracy,0.5,6.0,combined_only_tf_real_seed4,sex_sanity_check,
1,1,auroc,1.0,6.0,combined_only_tf_real_seed4,sex_sanity_check,
1,2,accuracy,0.8333333333333334,6.0,combined_only_tf_real_seed4,sex_sanity_check,
1,2,auroc,0.888888888888889,6.0,combined_only_tf_real_seed4,sex_sanity_check,
1,3,accuracy,0.8333333333333334,6.0,combined_only_tf_real_seed4,sex_sanity_check,
1,3,auroc,0.875,6.0,combined_only_tf_real_seed4,sex_sanity_check,
1,4,accuracy,0.8333333333333334,6.0,combined_only_tf_real_seed4,sex_sanity_check,
1,4,auroc,1.0,6.0,combined_only_tf_real_seed4,sex_sanity_check,
1,5,accuracy,0.5,6.0,combined_only_tf_real_seed4,sex_sanity_check,
1,5,auroc,0.75,6.0,combined_only_tf_real_seed4,sex_sanity_check,
2,0,accuracy,1.0,6.0,combined_only_tf_real_seed4,sex_sanity_check,
2,0,auroc,1.0,6.0,combined_only_tf_real_seed4,sex_sanity_check,
2,1,accuracy,0.8333333333333334,6.0,combined_only_tf_real_seed4,sex_sanity_check,
2,1,auroc,1.0,6.0,combined_only_tf_real_seed4,sex_sanity_check,
2,2,accuracy,0.5,6.0,combined_only_tf_real_seed4,sex_sanity_check,
2,2,auroc,1.0,6.0,combined_only_tf_real_seed4,sex_sanity_check,
2,3,accuracy,1.0,6.0,combined_only_tf_real_seed4,sex_sanity_check,
2,3,auroc,1.0,6.0,combined_only_tf_real_seed4,sex_sanity_check,
2,4,accuracy,0.16666666666666666,6.0,combined_only_tf_real_seed4,sex_sanity_check,
2,4,auroc,,6.0,combined_only_tf_real_seed4,sex_sanity_check,
2,5,accuracy,0.5,6.0,combined_only_tf_real_seed4,sex_sanity_check,
2,5,auroc,0.625,6.0,combined_only_tf_real_seed4,sex_sanity_check,
3,0,accuracy,0.6666666666666666,6.0,combined_only_tf_real_seed4,sex_sanity_check,
3,0,auroc,0.888888888888889,6.0,combined_only_tf_real_seed4,sex_sanity_check,
3,1,accuracy,0.6666666666666666,6.0,combined_only_tf_real_seed4,sex_sanity_check,
3,1,auroc,0.6,6.0,combined_only_tf_real_seed4,sex_sanity_check,
3,2,accuracy,0.6666666666666666,6.0,combined_only_tf_real_seed4,sex_sanity_check,
3,2,auroc,0.875,6.0,combined_only_tf_real_seed4,sex_sanity_check,
3,3,accuracy,0.3333333333333333,6.0,combined_only_tf_real_seed4,sex_sanity_check,
3,3,auroc,0.33333333333333337,6.0,combined_only_tf_real_seed4,sex_sanity_check,
3,4,accuracy,0.8333333333333334,6.0,combined_only_tf_real_seed4,sex_sanity_check,
3,4,auroc,1.0,6.0,combined_only_tf_real_seed4,sex_sanity_check,
3,5,accuracy,0.5,6.0,combined_only_tf_real_seed4,sex_sanity_check,
3,5,auroc,0.5,6.0,combined_only_tf_real_seed4,sex_sanity_check,
4,0,accuracy,0.5,6.0,combined_only_tf_real_seed4,sex_sanity_check,
4,0,auroc,1.0,6.0,combined_only_tf_real_seed4,sex_sanity_check,
4,1,accuracy,0.3333333333333333,6.0,combined_only_tf_real_seed4,sex_sanity_check,
4,1,auroc,0.25,6.0,combined_only_tf_real_seed4,sex_sanity_check,
4,2,accuracy,0.6666666666666666,6.0,combined_only_tf_real_seed4,sex_sanity_check,
4,2,auroc,0.888888888888889,6.0,combined_only_tf_real_seed4,sex_sanity_check,
4,3,accuracy,0.3333333333333333,6.0,combined_only_tf_real_seed4,sex_sanity_check,
4,3,auroc,0.11111111111111112,6.0,combined_only_tf_real_seed4,sex_sanity_check,
4,4,accuracy,0.6666666666666666,6.0,combined_only_tf_real_seed4,sex_sanity_check,
4,4,auroc,1.0,6.0,combined_only_tf_real_seed4,sex_sanity_check,
4,5,accuracy,0.8333333333333334,6.0,combined_only_tf_real_seed4,sex_sanity_check,
4,5,auroc,,6.0,combined_only_tf_real_seed4,sex_sanity_check,
0,0,r2,-1.109788115904935,,combined_only_tf_real_seed4,lib_size_leakage,
0,1,r2,0.2759283545223401,,combined_only_tf_real_seed4,lib_size_leakage,
0,2,r2,-0.7539446020590852,,combined_only_tf_real_seed4,lib_size_leakage,
0,3,r2,-0.5575184684479708,,combined_only_tf_real_seed4,lib_size_leakage,
0,4,r2,-2.775277477326762,,combined_only_tf_real_seed4,lib_size_leakage,
0,5,r2,-0.27805228619485933,,combined_only_tf_real_seed4,lib_size_leakage,
1,0,r2,0.16978258193355888,,combined_only_tf_real_seed4,lib_size_leakage,
1,1,r2,-0.9206747334484113,,combined_only_tf_real_seed4,lib_size_leakage,
1,2,r2,-7.927113383066404,,combined_only_tf_real_seed4,lib_size_leakage,
1,3,r2,-0.5456185726627854,,combined_only_tf_real_seed4,lib_size_leakage,
1,4,r2,-0.6568960134508983,,combined_only_tf_real_seed4,lib_size_leakage,
1,5,r2,-0.5009122395691052,,combined_only_tf_real_seed4,lib_size_leakage,
2,0,r2,-0.8743038647576025,,combined_only_tf_real_seed4,lib_size_leakage,
2,1,r2,-1.5910492572696273,,combined_only_tf_real_seed4,lib_size_leakage,
2,2,r2,-0.5934996007476692,,combined_only_tf_real_seed4,lib_size_leakage,
2,3,r2,0.3647579524216146,,combined_only_tf_real_seed4,lib_size_leakage,
2,4,r2,-2.1253125642148043,,combined_only_tf_real_seed4,lib_size_leakage,
2,5,r2,-1.1012517505330561,,combined_only_tf_real_seed4,lib_size_leakage,
3,0,r2,-5.175977555982836,,combined_only_tf_real_seed4,lib_size_leakage,
3,1,r2,-0.6469342767086879,,combined_only_tf_real_seed4,lib_size_leakage,
3,2,r2,-0.36074953162556467,,combined_only_tf_real_seed4,lib_size_leakage,
3,3,r2,0.1518879420890179,,combined_only_tf_real_seed4,lib_size_leakage,
3,4,r2,-0.1782871838548481,,combined_only_tf_real_seed4,lib_size_leakage,
3,5,r2,-0.41651188061513245,,combined_only_tf_real_seed4,lib_size_leakage,
4,0,r2,-0.9048877354578786,,combined_only_tf_real_seed4,lib_size_leakage,
4,1,r2,-2.311645295400546,,combined_only_tf_real_seed4,lib_size_leakage,
4,2,r2,-0.660137752194282,,combined_only_tf_real_seed4,lib_size_leakage,
4,3,r2,-1.631688016108893,,combined_only_tf_real_seed4,lib_size_leakage,
4,4,r2,-0.25721892075549047,,combined_only_tf_real_seed4,lib_size_leakage,
4,5,r2,0.34478029928630693,,combined_only_tf_real_seed4,lib_size_leakage,
0,0,accuracy,0.44155844155844154,,combined_only_tf_real_seed4,celltype_sanity_check,77.0
0,1,accuracy,0.42857142857142855,,combined_only_tf_real_seed4,celltype_sanity_check,77.0
0,2,accuracy,0.45454545454545453,,combined_only_tf_real_seed4,celltype_sanity_check,77.0
0,3,accuracy,0.45454545454545453,,combined_only_tf_real_seed4,celltype_sanity_check,77.0
0,4,accuracy,0.38961038961038963,,combined_only_tf_real_seed4,celltype_sanity_check,77.0
0,5,accuracy,0.35526315789473684,,combined_only_tf_real_seed4,celltype_sanity_check,76.0
1,0,accuracy,0.42857142857142855,,combined_only_tf_real_seed4,celltype_sanity_check,77.0
1,1,accuracy,0.4675324675324675,,combined_only_tf_real_seed4,celltype_sanity_check,77.0
1,2,accuracy,0.33766233766233766,,combined_only_tf_real_seed4,celltype_sanity_check,77.0
1,3,accuracy,0.38961038961038963,,combined_only_tf_real_seed4,celltype_sanity_check,77.0
1,4,accuracy,0.42857142857142855,,combined_only_tf_real_seed4,celltype_sanity_check,77.0
1,5,accuracy,0.40789473684210525,,combined_only_tf_real_seed4,celltype_sanity_check,76.0
2,0,accuracy,0.45454545454545453,,combined_only_tf_real_seed4,celltype_sanity_check,77.0
2,1,accuracy,0.38961038961038963,,combined_only_tf_real_seed4,celltype_sanity_check,77.0
2,2,accuracy,0.33766233766233766,,combined_only_tf_real_seed4,celltype_sanity_check,77.0
2,3,accuracy,0.4025974025974026,,combined_only_tf_real_seed4,celltype_sanity_check,77.0
2,4,accuracy,0.4805194805194805,,combined_only_tf_real_seed4,celltype_sanity_check,77.0
2,5,accuracy,0.40789473684210525,,combined_only_tf_real_seed4,celltype_sanity_check,76.0
3,0,accuracy,0.4935064935064935,,combined_only_tf_real_seed4,celltype_sanity_check,77.0
3,1,accuracy,0.3246753246753247,,combined_only_tf_real_seed4,celltype_sanity_check,77.0
3,2,accuracy,0.45454545454545453,,combined_only_tf_real_seed4,celltype_sanity_check,77.0
3,3,accuracy,0.37662337662337664,,combined_only_tf_real_seed4,celltype_sanity_check,77.0
3,4,accuracy,0.4605263157894737,,combined_only_tf_real_seed4,celltype_sanity_check,76.0
3,5,accuracy,0.33766233766233766,,combined_only_tf_real_seed4,celltype_sanity_check,77.0
4,0,accuracy,0.4675324675324675,,combined_only_tf_real_seed4,celltype_sanity_check,77.0
4,1,accuracy,0.36363636363636365,,combined_only_tf_real_seed4,celltype_sanity_check,77.0
4,2,accuracy,0.33766233766233766,,combined_only_tf_real_seed4,celltype_sanity_check,77.0
4,3,accuracy,0.5454545454545454,,combined_only_tf_real_seed4,celltype_sanity_check,77.0
4,4,accuracy,0.4025974025974026,,combined_only_tf_real_seed4,celltype_sanity_check,77.0
4,5,accuracy,0.3684210526315789,,combined_only_tf_real_seed4,celltype_sanity_check,76.0
0,0,accuracy,0.3333333333333333,6.0,combined_only_epi_real_seed4,disease_status,
0,0,auroc,0.22222222222222224,6.0,combined_only_epi_real_seed4,disease_status,
0,1,accuracy,0.3333333333333333,6.0,combined_only_epi_real_seed4,disease_status,
0,1,auroc,0.5555555555555556,6.0,combined_only_epi_real_seed4,disease_status,
0,2,accuracy,0.3333333333333333,6.0,combined_only_epi_real_seed4,disease_status,
0,2,auroc,0.4444444444444445,6.0,combined_only_epi_real_seed4,disease_status,
0,3,accuracy,0.5,6.0,combined_only_epi_real_seed4,disease_status,
0,3,auroc,0.3333333333333333,6.0,combined_only_epi_real_seed4,disease_status,
0,4,accuracy,0.16666666666666666,6.0,combined_only_epi_real_seed4,disease_status,
0,4,auroc,0.11111111111111112,6.0,combined_only_epi_real_seed4,disease_status,
0,5,accuracy,0.3333333333333333,6.0,combined_only_epi_real_seed4,disease_status,
0,5,auroc,0.33333333333333337,6.0,combined_only_epi_real_seed4,disease_status,
1,0,accuracy,0.6666666666666666,6.0,combined_only_epi_real_seed4,disease_status,
1,0,auroc,0.6666666666666667,6.0,combined_only_epi_real_seed4,disease_status,
1,1,accuracy,0.3333333333333333,6.0,combined_only_epi_real_seed4,disease_status,
1,1,auroc,0.11111111111111112,6.0,combined_only_epi_real_seed4,disease_status,
1,2,accuracy,0.3333333333333333,6.0,combined_only_epi_real_seed4,disease_status,
1,2,auroc,0.11111111111111112,6.0,combined_only_epi_real_seed4,disease_status,
1,3,accuracy,0.5,6.0,combined_only_epi_real_seed4,disease_status,
1,3,auroc,0.6666666666666667,6.0,combined_only_epi_real_seed4,disease_status,
1,4,accuracy,0.3333333333333333,6.0,combined_only_epi_real_seed4,disease_status,
1,4,auroc,0.11111111111111112,6.0,combined_only_epi_real_seed4,disease_status,
1,5,accuracy,0.16666666666666666,6.0,combined_only_epi_real_seed4,disease_status,
1,5,auroc,0.0,6.0,combined_only_epi_real_seed4,disease_status,
2,0,accuracy,0.16666666666666666,6.0,combined_only_epi_real_seed4,disease_status,
2,0,auroc,0.22222222222222224,6.0,combined_only_epi_real_seed4,disease_status,
2,1,accuracy,0.5,6.0,combined_only_epi_real_seed4,disease_status,
2,1,auroc,0.7777777777777778,6.0,combined_only_epi_real_seed4,disease_status,
2,2,accuracy,0.3333333333333333,6.0,combined_only_epi_real_seed4,disease_status,
2,2,auroc,0.4444444444444444,6.0,combined_only_epi_real_seed4,disease_status,
2,3,accuracy,0.6666666666666666,6.0,combined_only_epi_real_seed4,disease_status,
2,3,auroc,0.888888888888889,6.0,combined_only_epi_real_seed4,disease_status,
2,4,accuracy,0.8333333333333334,6.0,combined_only_epi_real_seed4,disease_status,
2,4,auroc,0.888888888888889,6.0,combined_only_epi_real_seed4,disease_status,
2,5,accuracy,0.16666666666666666,6.0,combined_only_epi_real_seed4,disease_status,
2,5,auroc,0.0,6.0,combined_only_epi_real_seed4,disease_status,
3,0,accuracy,0.5,6.0,combined_only_epi_real_seed4,disease_status,
3,0,auroc,0.4444444444444445,6.0,combined_only_epi_real_seed4,disease_status,
3,1,accuracy,0.3333333333333333,6.0,combined_only_epi_real_seed4,disease_status,
3,1,auroc,0.22222222222222224,6.0,combined_only_epi_real_seed4,disease_status,
3,2,accuracy,0.3333333333333333,6.0,combined_only_epi_real_seed4,disease_status,
3,2,auroc,0.33333333333333337,6.0,combined_only_epi_real_seed4,disease_status,
3,3,accuracy,0.5,6.0,combined_only_epi_real_seed4,disease_status,
3,3,auroc,0.4444444444444445,6.0,combined_only_epi_real_seed4,disease_status,
3,4,accuracy,0.3333333333333333,6.0,combined_only_epi_real_seed4,disease_status,
3,4,auroc,0.11111111111111112,6.0,combined_only_epi_real_seed4,disease_status,
3,5,accuracy,0.16666666666666666,6.0,combined_only_epi_real_seed4,disease_status,
3,5,auroc,0.11111111111111112,6.0,combined_only_epi_real_seed4,disease_status,
4,0,accuracy,0.5,6.0,combined_only_epi_real_seed4,disease_status,
4,0,auroc,0.4444444444444445,6.0,combined_only_epi_real_seed4,disease_status,
4,1,accuracy,0.16666666666666666,6.0,combined_only_epi_real_seed4,disease_status,
4,1,auroc,0.11111111111111112,6.0,combined_only_epi_real_seed4,disease_status,
4,2,accuracy,0.5,6.0,combined_only_epi_real_seed4,disease_status,
4,2,auroc,0.7777777777777779,6.0,combined_only_epi_real_seed4,disease_status,
4,3,accuracy,0.5,6.0,combined_only_epi_real_seed4,disease_status,
4,3,auroc,0.3333333333333333,6.0,combined_only_epi_real_seed4,disease_status,
4,4,accuracy,0.5,6.0,combined_only_epi_real_seed4,disease_status,
4,4,auroc,0.4444444444444444,6.0,combined_only_epi_real_seed4,disease_status,
4,5,accuracy,0.16666666666666666,6.0,combined_only_epi_real_seed4,disease_status,
4,5,auroc,0.11111111111111112,6.0,combined_only_epi_real_seed4,disease_status,
0,0,accuracy,0.8333333333333334,6.0,combined_only_epi_real_seed4,sex_sanity_check,
0,0,auroc,0.4,6.0,combined_only_epi_real_seed4,sex_sanity_check,
0,1,accuracy,0.3333333333333333,6.0,combined_only_epi_real_seed4,sex_sanity_check,
0,1,auroc,0.125,6.0,combined_only_epi_real_seed4,sex_sanity_check,
0,2,accuracy,1.0,6.0,combined_only_epi_real_seed4,sex_sanity_check,
0,2,auroc,1.0,6.0,combined_only_epi_real_seed4,sex_sanity_check,
0,3,accuracy,0.8333333333333334,6.0,combined_only_epi_real_seed4,sex_sanity_check,
0,3,auroc,0.6,6.0,combined_only_epi_real_seed4,sex_sanity_check,
0,4,accuracy,0.5,6.0,combined_only_epi_real_seed4,sex_sanity_check,
0,4,auroc,0.7777777777777778,6.0,combined_only_epi_real_seed4,sex_sanity_check,
0,5,accuracy,0.5,6.0,combined_only_epi_real_seed4,sex_sanity_check,
0,5,auroc,1.0,6.0,combined_only_epi_real_seed4,sex_sanity_check,
1,0,accuracy,0.6666666666666666,6.0,combined_only_epi_real_seed4,sex_sanity_check,
1,0,auroc,0.625,6.0,combined_only_epi_real_seed4,sex_sanity_check,
1,1,accuracy,0.6666666666666666,6.0,combined_only_epi_real_seed4,sex_sanity_check,
1,1,auroc,0.6,6.0,combined_only_epi_real_seed4,sex_sanity_check,
1,2,accuracy,0.6666666666666666,6.0,combined_only_epi_real_seed4,sex_sanity_check,
1,2,auroc,0.7777777777777778,6.0,combined_only_epi_real_seed4,sex_sanity_check,
1,3,accuracy,0.8333333333333334,6.0,combined_only_epi_real_seed4,sex_sanity_check,
1,3,auroc,1.0,6.0,combined_only_epi_real_seed4,sex_sanity_check,
1,4,accuracy,0.8333333333333334,6.0,combined_only_epi_real_seed4,sex_sanity_check,
1,4,auroc,1.0,6.0,combined_only_epi_real_seed4,sex_sanity_check,
1,5,accuracy,0.6666666666666666,6.0,combined_only_epi_real_seed4,sex_sanity_check,
1,5,auroc,0.75,6.0,combined_only_epi_real_seed4,sex_sanity_check,
2,0,accuracy,1.0,6.0,combined_only_epi_real_seed4,sex_sanity_check,
2,0,auroc,1.0,6.0,combined_only_epi_real_seed4,sex_sanity_check,
2,1,accuracy,0.8333333333333334,6.0,combined_only_epi_real_seed4,sex_sanity_check,
2,1,auroc,0.888888888888889,6.0,combined_only_epi_real_seed4,sex_sanity_check,
2,2,accuracy,0.5,6.0,combined_only_epi_real_seed4,sex_sanity_check,
2,2,auroc,0.875,6.0,combined_only_epi_real_seed4,sex_sanity_check,
2,3,accuracy,0.6666666666666666,6.0,combined_only_epi_real_seed4,sex_sanity_check,
2,3,auroc,0.8,6.0,combined_only_epi_real_seed4,sex_sanity_check,
2,4,accuracy,0.16666666666666666,6.0,combined_only_epi_real_seed4,sex_sanity_check,
2,4,auroc,,6.0,combined_only_epi_real_seed4,sex_sanity_check,
2,5,accuracy,0.8333333333333334,6.0,combined_only_epi_real_seed4,sex_sanity_check,
2,5,auroc,1.0,6.0,combined_only_epi_real_seed4,sex_sanity_check,
3,0,accuracy,0.8333333333333334,6.0,combined_only_epi_real_seed4,sex_sanity_check,
3,0,auroc,0.888888888888889,6.0,combined_only_epi_real_seed4,sex_sanity_check,
3,1,accuracy,0.8333333333333334,6.0,combined_only_epi_real_seed4,sex_sanity_check,
3,1,auroc,1.0,6.0,combined_only_epi_real_seed4,sex_sanity_check,
3,2,accuracy,0.8333333333333334,6.0,combined_only_epi_real_seed4,sex_sanity_check,
3,2,auroc,0.625,6.0,combined_only_epi_real_seed4,sex_sanity_check,
3,3,accuracy,0.5,6.0,combined_only_epi_real_seed4,sex_sanity_check,
3,3,auroc,0.7777777777777778,6.0,combined_only_epi_real_seed4,sex_sanity_check,
3,4,accuracy,0.8333333333333334,6.0,combined_only_epi_real_seed4,sex_sanity_check,
3,4,auroc,0.8,6.0,combined_only_epi_real_seed4,sex_sanity_check,
3,5,accuracy,0.6666666666666666,6.0,combined_only_epi_real_seed4,sex_sanity_check,
3,5,auroc,0.75,6.0,combined_only_epi_real_seed4,sex_sanity_check,
4,0,accuracy,0.5,6.0,combined_only_epi_real_seed4,sex_sanity_check,
4,0,auroc,1.0,6.0,combined_only_epi_real_seed4,sex_sanity_check,
4,1,accuracy,0.8333333333333334,6.0,combined_only_epi_real_seed4,sex_sanity_check,
4,1,auroc,1.0,6.0,combined_only_epi_real_seed4,sex_sanity_check,
4,2,accuracy,0.5,6.0,combined_only_epi_real_seed4,sex_sanity_check,
4,2,auroc,0.7777777777777778,6.0,combined_only_epi_real_seed4,sex_sanity_check,
4,3,accuracy,0.3333333333333333,6.0,combined_only_epi_real_seed4,sex_sanity_check,
4,3,auroc,0.33333333333333337,6.0,combined_only_epi_real_seed4,sex_sanity_check,
4,4,accuracy,0.8333333333333334,6.0,combined_only_epi_real_seed4,sex_sanity_check,
4,4,auroc,1.0,6.0,combined_only_epi_real_seed4,sex_sanity_check,
4,5,accuracy,1.0,6.0,combined_only_epi_real_seed4,sex_sanity_check,
4,5,auroc,,6.0,combined_only_epi_real_seed4,sex_sanity_check,
0,0,r2,-1.4106532151685958,,combined_only_epi_real_seed4,lib_size_leakage,
0,1,r2,-0.031861521660480285,,combined_only_epi_real_seed4,lib_size_leakage,
0,2,r2,-1.624212458185137,,combined_only_epi_real_seed4,lib_size_leakage,
0,3,r2,-0.9763440853149277,,combined_only_epi_real_seed4,lib_size_leakage,
0,4,r2,-3.9529230465200005,,combined_only_epi_real_seed4,lib_size_leakage,
0,5,r2,-0.3603182199821009,,combined_only_epi_real_seed4,lib_size_leakage,
1,0,r2,-0.11354735378343328,,combined_only_epi_real_seed4,lib_size_leakage,
1,1,r2,-1.0103981878241917,,combined_only_epi_real_seed4,lib_size_leakage,
1,2,r2,-6.540504866910697,,combined_only_epi_real_seed4,lib_size_leakage,
1,3,r2,-1.443201014523539,,combined_only_epi_real_seed4,lib_size_leakage,
1,4,r2,-0.7785302782647536,,combined_only_epi_real_seed4,lib_size_leakage,
1,5,r2,-0.2959015673765417,,combined_only_epi_real_seed4,lib_size_leakage,
2,0,r2,-1.7194724491803948,,combined_only_epi_real_seed4,lib_size_leakage,
2,1,r2,-1.941039738606877,,combined_only_epi_real_seed4,lib_size_leakage,
2,2,r2,-0.6639237031321406,,combined_only_epi_real_seed4,lib_size_leakage,
2,3,r2,-0.020517448397204374,,combined_only_epi_real_seed4,lib_size_leakage,
2,4,r2,-2.871317980562421,,combined_only_epi_real_seed4,lib_size_leakage,
2,5,r2,-0.6596725255279989,,combined_only_epi_real_seed4,lib_size_leakage,
3,0,r2,-5.206887559220946,,combined_only_epi_real_seed4,lib_size_leakage,
3,1,r2,-0.5406730076801858,,combined_only_epi_real_seed4,lib_size_leakage,
3,2,r2,-0.7639249132784456,,combined_only_epi_real_seed4,lib_size_leakage,
3,3,r2,-0.6552136539909432,,combined_only_epi_real_seed4,lib_size_leakage,
3,4,r2,-0.016878176199077055,,combined_only_epi_real_seed4,lib_size_leakage,
3,5,r2,-0.6808061792492011,,combined_only_epi_real_seed4,lib_size_leakage,
4,0,r2,-0.9385501711008093,,combined_only_epi_real_seed4,lib_size_leakage,
4,1,r2,-4.639791284658869,,combined_only_epi_real_seed4,lib_size_leakage,
4,2,r2,-0.6754283991480512,,combined_only_epi_real_seed4,lib_size_leakage,
4,3,r2,-0.8438016213297428,,combined_only_epi_real_seed4,lib_size_leakage,
4,4,r2,-0.8825035481953556,,combined_only_epi_real_seed4,lib_size_leakage,
4,5,r2,-0.1968757706093236,,combined_only_epi_real_seed4,lib_size_leakage,
0,0,accuracy,0.22077922077922077,,combined_only_epi_real_seed4,celltype_sanity_check,77.0
0,1,accuracy,0.16883116883116883,,combined_only_epi_real_seed4,celltype_sanity_check,77.0
0,2,accuracy,0.2597402597402597,,combined_only_epi_real_seed4,celltype_sanity_check,77.0
0,3,accuracy,0.2727272727272727,,combined_only_epi_real_seed4,celltype_sanity_check,77.0
0,4,accuracy,0.22077922077922077,,combined_only_epi_real_seed4,celltype_sanity_check,77.0
0,5,accuracy,0.2631578947368421,,combined_only_epi_real_seed4,celltype_sanity_check,76.0
1,0,accuracy,0.15584415584415584,,combined_only_epi_real_seed4,celltype_sanity_check,77.0
1,1,accuracy,0.2727272727272727,,combined_only_epi_real_seed4,celltype_sanity_check,77.0
1,2,accuracy,0.16883116883116883,,combined_only_epi_real_seed4,celltype_sanity_check,77.0
1,3,accuracy,0.22077922077922077,,combined_only_epi_real_seed4,celltype_sanity_check,77.0
1,4,accuracy,0.3116883116883117,,combined_only_epi_real_seed4,celltype_sanity_check,77.0
1,5,accuracy,0.3026315789473684,,combined_only_epi_real_seed4,celltype_sanity_check,76.0
2,0,accuracy,0.3116883116883117,,combined_only_epi_real_seed4,celltype_sanity_check,77.0
2,1,accuracy,0.22077922077922077,,combined_only_epi_real_seed4,celltype_sanity_check,77.0
2,2,accuracy,0.2077922077922078,,combined_only_epi_real_seed4,celltype_sanity_check,77.0
2,3,accuracy,0.24675324675324675,,combined_only_epi_real_seed4,celltype_sanity_check,77.0
2,4,accuracy,0.23376623376623376,,combined_only_epi_real_seed4,celltype_sanity_check,77.0
2,5,accuracy,0.23684210526315788,,combined_only_epi_real_seed4,celltype_sanity_check,76.0
3,0,accuracy,0.2987012987012987,,combined_only_epi_real_seed4,celltype_sanity_check,77.0
3,1,accuracy,0.22077922077922077,,combined_only_epi_real_seed4,celltype_sanity_check,77.0
3,2,accuracy,0.2727272727272727,,combined_only_epi_real_seed4,celltype_sanity_check,77.0
3,3,accuracy,0.23376623376623376,,combined_only_epi_real_seed4,celltype_sanity_check,77.0
3,4,accuracy,0.21052631578947367,,combined_only_epi_real_seed4,celltype_sanity_check,76.0
3,5,accuracy,0.24675324675324675,,combined_only_epi_real_seed4,celltype_sanity_check,77.0
4,0,accuracy,0.23376623376623376,,combined_only_epi_real_seed4,celltype_sanity_check,77.0
4,1,accuracy,0.19480519480519481,,combined_only_epi_real_seed4,celltype_sanity_check,77.0
4,2,accuracy,0.15584415584415584,,combined_only_epi_real_seed4,celltype_sanity_check,77.0
4,3,accuracy,0.2987012987012987,,combined_only_epi_real_seed4,celltype_sanity_check,77.0
4,4,accuracy,0.2987012987012987,,combined_only_epi_real_seed4,celltype_sanity_check,77.0
4,5,accuracy,0.2631578947368421,,combined_only_epi_real_seed4,celltype_sanity_check,76.0
0,0,accuracy,0.3333333333333333,6.0,combined_c3_sign_flipped,disease_status,
0,0,auroc,0.33333333333333337,6.0,combined_c3_sign_flipped,disease_status,
0,1,accuracy,0.5,6.0,combined_c3_sign_flipped,disease_status,
0,1,auroc,0.4444444444444445,6.0,combined_c3_sign_flipped,disease_status,
0,2,accuracy,0.6666666666666666,6.0,combined_c3_sign_flipped,disease_status,
0,2,auroc,0.6666666666666667,6.0,combined_c3_sign_flipped,disease_status,
0,3,accuracy,0.6666666666666666,6.0,combined_c3_sign_flipped,disease_status,
0,3,auroc,0.5555555555555556,6.0,combined_c3_sign_flipped,disease_status,
0,4,accuracy,0.8333333333333334,6.0,combined_c3_sign_flipped,disease_status,
0,4,auroc,0.6666666666666667,6.0,combined_c3_sign_flipped,disease_status,
0,5,accuracy,0.6666666666666666,6.0,combined_c3_sign_flipped,disease_status,
0,5,auroc,0.5555555555555556,6.0,combined_c3_sign_flipped,disease_status,
1,0,accuracy,0.3333333333333333,6.0,combined_c3_sign_flipped,disease_status,
1,0,auroc,0.3333333333333333,6.0,combined_c3_sign_flipped,disease_status,
1,1,accuracy,0.3333333333333333,6.0,combined_c3_sign_flipped,disease_status,
1,1,auroc,0.22222222222222224,6.0,combined_c3_sign_flipped,disease_status,
1,2,accuracy,0.6666666666666666,6.0,combined_c3_sign_flipped,disease_status,
1,2,auroc,0.5555555555555556,6.0,combined_c3_sign_flipped,disease_status,
1,3,accuracy,0.6666666666666666,6.0,combined_c3_sign_flipped,disease_status,
1,3,auroc,1.0,6.0,combined_c3_sign_flipped,disease_status,
1,4,accuracy,0.5,6.0,combined_c3_sign_flipped,disease_status,
1,4,auroc,0.4444444444444445,6.0,combined_c3_sign_flipped,disease_status,
1,5,accuracy,0.3333333333333333,6.0,combined_c3_sign_flipped,disease_status,
1,5,auroc,0.3333333333333333,6.0,combined_c3_sign_flipped,disease_status,
2,0,accuracy,0.5,6.0,combined_c3_sign_flipped,disease_status,
2,0,auroc,0.33333333333333337,6.0,combined_c3_sign_flipped,disease_status,
2,1,accuracy,0.3333333333333333,6.0,combined_c3_sign_flipped,disease_status,
2,1,auroc,0.4444444444444444,6.0,combined_c3_sign_flipped,disease_status,
2,2,accuracy,0.3333333333333333,6.0,combined_c3_sign_flipped,disease_status,
2,2,auroc,0.4444444444444444,6.0,combined_c3_sign_flipped,disease_status,
2,3,accuracy,0.5,6.0,combined_c3_sign_flipped,disease_status,
2,3,auroc,0.6666666666666666,6.0,combined_c3_sign_flipped,disease_status,
2,4,accuracy,0.6666666666666666,6.0,combined_c3_sign_flipped,disease_status,
2,4,auroc,0.888888888888889,6.0,combined_c3_sign_flipped,disease_status,
2,5,accuracy,0.8333333333333334,6.0,combined_c3_sign_flipped,disease_status,
2,5,auroc,0.6666666666666666,6.0,combined_c3_sign_flipped,disease_status,
3,0,accuracy,0.5,6.0,combined_c3_sign_flipped,disease_status,
3,0,auroc,0.33333333333333337,6.0,combined_c3_sign_flipped,disease_status,
3,1,accuracy,0.5,6.0,combined_c3_sign_flipped,disease_status,
3,1,auroc,0.4444444444444445,6.0,combined_c3_sign_flipped,disease_status,
3,2,accuracy,0.5,6.0,combined_c3_sign_flipped,disease_status,
3,2,auroc,0.4444444444444445,6.0,combined_c3_sign_flipped,disease_status,
3,3,accuracy,0.6666666666666666,6.0,combined_c3_sign_flipped,disease_status,
3,3,auroc,0.888888888888889,6.0,combined_c3_sign_flipped,disease_status,
3,4,accuracy,0.6666666666666666,6.0,combined_c3_sign_flipped,disease_status,
3,4,auroc,1.0,6.0,combined_c3_sign_flipped,disease_status,
3,5,accuracy,0.16666666666666666,6.0,combined_c3_sign_flipped,disease_status,
3,5,auroc,0.0,6.0,combined_c3_sign_flipped,disease_status,
4,0,accuracy,0.6666666666666666,6.0,combined_c3_sign_flipped,disease_status,
4,0,auroc,0.6666666666666667,6.0,combined_c3_sign_flipped,disease_status,
4,1,accuracy,0.6666666666666666,6.0,combined_c3_sign_flipped,disease_status,
4,1,auroc,0.5555555555555556,6.0,combined_c3_sign_flipped,disease_status,
4,2,accuracy,0.6666666666666666,6.0,combined_c3_sign_flipped,disease_status,
4,2,auroc,0.7777777777777778,6.0,combined_c3_sign_flipped,disease_status,
4,3,accuracy,0.5,6.0,combined_c3_sign_flipped,disease_status,
4,3,auroc,0.0,6.0,combined_c3_sign_flipped,disease_status,
4,4,accuracy,0.6666666666666666,6.0,combined_c3_sign_flipped,disease_status,
4,4,auroc,0.4444444444444445,6.0,combined_c3_sign_flipped,disease_status,
4,5,accuracy,0.16666666666666666,6.0,combined_c3_sign_flipped,disease_status,
4,5,auroc,0.3333333333333333,6.0,combined_c3_sign_flipped,disease_status,
0,0,accuracy,0.6666666666666666,6.0,combined_c3_sign_flipped,sex_sanity_check,
0,0,auroc,0.6,6.0,combined_c3_sign_flipped,sex_sanity_check,
0,1,accuracy,0.3333333333333333,6.0,combined_c3_sign_flipped,sex_sanity_check,
0,1,auroc,0.125,6.0,combined_c3_sign_flipped,sex_sanity_check,
0,2,accuracy,0.8333333333333334,6.0,combined_c3_sign_flipped,sex_sanity_check,
0,2,auroc,1.0,6.0,combined_c3_sign_flipped,sex_sanity_check,
0,3,accuracy,0.6666666666666666,6.0,combined_c3_sign_flipped,sex_sanity_check,
0,3,auroc,0.2,6.0,combined_c3_sign_flipped,sex_sanity_check,
0,4,accuracy,0.5,6.0,combined_c3_sign_flipped,sex_sanity_check,
0,4,auroc,0.7777777777777779,6.0,combined_c3_sign_flipped,sex_sanity_check,
0,5,accuracy,0.5,6.0,combined_c3_sign_flipped,sex_sanity_check,
0,5,auroc,1.0,6.0,combined_c3_sign_flipped,sex_sanity_check,
1,0,accuracy,0.5,6.0,combined_c3_sign_flipped,sex_sanity_check,
1,0,auroc,0.625,6.0,combined_c3_sign_flipped,sex_sanity_check,
1,1,accuracy,0.5,6.0,combined_c3_sign_flipped,sex_sanity_check,
1,1,auroc,0.8,6.0,combined_c3_sign_flipped,sex_sanity_check,
1,2,accuracy,0.8333333333333334,6.0,combined_c3_sign_flipped,sex_sanity_check,
1,2,auroc,0.7777777777777778,6.0,combined_c3_sign_flipped,sex_sanity_check,
1,3,accuracy,0.6666666666666666,6.0,combined_c3_sign_flipped,sex_sanity_check,
1,3,auroc,0.875,6.0,combined_c3_sign_flipped,sex_sanity_check,
1,4,accuracy,0.8333333333333334,6.0,combined_c3_sign_flipped,sex_sanity_check,
1,4,auroc,1.0,6.0,combined_c3_sign_flipped,sex_sanity_check,
1,5,accuracy,0.6666666666666666,6.0,combined_c3_sign_flipped,sex_sanity_check,
1,5,auroc,0.625,6.0,combined_c3_sign_flipped,sex_sanity_check,
2,0,accuracy,1.0,6.0,combined_c3_sign_flipped,sex_sanity_check,
2,0,auroc,1.0,6.0,combined_c3_sign_flipped,sex_sanity_check,
2,1,accuracy,0.6666666666666666,6.0,combined_c3_sign_flipped,sex_sanity_check,
2,1,auroc,0.7777777777777778,6.0,combined_c3_sign_flipped,sex_sanity_check,
2,2,accuracy,0.5,6.0,combined_c3_sign_flipped,sex_sanity_check,
2,2,auroc,0.875,6.0,combined_c3_sign_flipped,sex_sanity_check,
2,3,accuracy,1.0,6.0,combined_c3_sign_flipped,sex_sanity_check,
2,3,auroc,1.0,6.0,combined_c3_sign_flipped,sex_sanity_check,
2,4,accuracy,0.16666666666666666,6.0,combined_c3_sign_flipped,sex_sanity_check,
2,4,auroc,,6.0,combined_c3_sign_flipped,sex_sanity_check,
2,5,accuracy,0.5,6.0,combined_c3_sign_flipped,sex_sanity_check,
2,5,auroc,0.5,6.0,combined_c3_sign_flipped,sex_sanity_check,
3,0,accuracy,0.6666666666666666,6.0,combined_c3_sign_flipped,sex_sanity_check,
3,0,auroc,0.6666666666666667,6.0,combined_c3_sign_flipped,sex_sanity_check,
3,1,accuracy,0.6666666666666666,6.0,combined_c3_sign_flipped,sex_sanity_check,
3,1,auroc,0.6,6.0,combined_c3_sign_flipped,sex_sanity_check,
3,2,accuracy,0.6666666666666666,6.0,combined_c3_sign_flipped,sex_sanity_check,
3,2,auroc,0.875,6.0,combined_c3_sign_flipped,sex_sanity_check,
3,3,accuracy,0.3333333333333333,6.0,combined_c3_sign_flipped,sex_sanity_check,
3,3,auroc,0.3333333333333333,6.0,combined_c3_sign_flipped,sex_sanity_check,
3,4,accuracy,0.8333333333333334,6.0,combined_c3_sign_flipped,sex_sanity_check,
3,4,auroc,1.0,6.0,combined_c3_sign_flipped,sex_sanity_check,
3,5,accuracy,0.5,6.0,combined_c3_sign_flipped,sex_sanity_check,
3,5,auroc,0.625,6.0,combined_c3_sign_flipped,sex_sanity_check,
4,0,accuracy,0.6666666666666666,6.0,combined_c3_sign_flipped,sex_sanity_check,
4,0,auroc,0.7777777777777778,6.0,combined_c3_sign_flipped,sex_sanity_check,
4,1,accuracy,0.3333333333333333,6.0,combined_c3_sign_flipped,sex_sanity_check,
4,1,auroc,0.25,6.0,combined_c3_sign_flipped,sex_sanity_check,
4,2,accuracy,0.6666666666666666,6.0,combined_c3_sign_flipped,sex_sanity_check,
4,2,auroc,0.7777777777777778,6.0,combined_c3_sign_flipped,sex_sanity_check,
4,3,accuracy,0.16666666666666666,6.0,combined_c3_sign_flipped,sex_sanity_check,
4,3,auroc,0.0,6.0,combined_c3_sign_flipped,sex_sanity_check,
4,4,accuracy,0.6666666666666666,6.0,combined_c3_sign_flipped,sex_sanity_check,
4,4,auroc,1.0,6.0,combined_c3_sign_flipped,sex_sanity_check,
4,5,accuracy,0.8333333333333334,6.0,combined_c3_sign_flipped,sex_sanity_check,
4,5,auroc,,6.0,combined_c3_sign_flipped,sex_sanity_check,
0,0,r2,-1.2047733770861053,,combined_c3_sign_flipped,lib_size_leakage,
0,1,r2,0.3838842691693084,,combined_c3_sign_flipped,lib_size_leakage,
0,2,r2,-0.17984211556892715,,combined_c3_sign_flipped,lib_size_leakage,
0,3,r2,0.07075893156237778,,combined_c3_sign_flipped,lib_size_leakage,
0,4,r2,-1.6082554218478449,,combined_c3_sign_flipped,lib_size_leakage,
0,5,r2,-0.10229964425092208,,combined_c3_sign_flipped,lib_size_leakage,
1,0,r2,0.2955433153696331,,combined_c3_sign_flipped,lib_size_leakage,
1,1,r2,-0.005278510828010452,,combined_c3_sign_flipped,lib_size_leakage,
1,2,r2,-4.313924109493163,,combined_c3_sign_flipped,lib_size_leakage,
1,3,r2,0.1642117650086179,,combined_c3_sign_flipped,lib_size_leakage,
1,4,r2,-0.4035246625505331,,combined_c3_sign_flipped,lib_size_leakage,
1,5,r2,-0.05881714453529274,,combined_c3_sign_flipped,lib_size_leakage,
2,0,r2,-0.7652308572169297,,combined_c3_sign_flipped,lib_size_leakage,
2,1,r2,-0.7704488498225626,,combined_c3_sign_flipped,lib_size_leakage,
2,2,r2,0.04915812506664752,,combined_c3_sign_flipped,lib_size_leakage,
2,3,r2,0.3675291092648071,,combined_c3_sign_flipped,lib_size_leakage,
2,4,r2,-1.2704174456336648,,combined_c3_sign_flipped,lib_size_leakage,
2,5,r2,0.021282622900850368,,combined_c3_sign_flipped,lib_size_leakage,
3,0,r2,-1.143566801555369,,combined_c3_sign_flipped,lib_size_leakage,
3,1,r2,-0.30984481838046185,,combined_c3_sign_flipped,lib_size_leakage,
3,2,r2,-0.2692950581005258,,combined_c3_sign_flipped,lib_size_leakage,
3,3,r2,0.22702797704303557,,combined_c3_sign_flipped,lib_size_leakage,
3,4,r2,0.17199939542575204,,combined_c3_sign_flipped,lib_size_leakage,
3,5,r2,-0.13528713719420016,,combined_c3_sign_flipped,lib_size_leakage,
4,0,r2,-0.48490077850833524,,combined_c3_sign_flipped,lib_size_leakage,
4,1,r2,-1.782467844472329,,combined_c3_sign_flipped,lib_size_leakage,
4,2,r2,0.016342137424092962,,combined_c3_sign_flipped,lib_size_leakage,
4,3,r2,-1.8048965998526403,,combined_c3_sign_flipped,lib_size_leakage,
4,4,r2,0.05252966376816681,,combined_c3_sign_flipped,lib_size_leakage,
4,5,r2,0.3124187971730622,,combined_c3_sign_flipped,lib_size_leakage,
0,0,accuracy,0.2727272727272727,,combined_c3_sign_flipped,celltype_sanity_check,77.0
0,1,accuracy,0.2727272727272727,,combined_c3_sign_flipped,celltype_sanity_check,77.0
0,2,accuracy,0.4025974025974026,,combined_c3_sign_flipped,celltype_sanity_check,77.0
0,3,accuracy,0.35064935064935066,,combined_c3_sign_flipped,celltype_sanity_check,77.0
0,4,accuracy,0.24675324675324675,,combined_c3_sign_flipped,celltype_sanity_check,77.0
0,5,accuracy,0.3815789473684211,,combined_c3_sign_flipped,celltype_sanity_check,76.0
1,0,accuracy,0.24675324675324675,,combined_c3_sign_flipped,celltype_sanity_check,77.0
1,1,accuracy,0.3246753246753247,,combined_c3_sign_flipped,celltype_sanity_check,77.0
1,2,accuracy,0.23376623376623376,,combined_c3_sign_flipped,celltype_sanity_check,77.0
1,3,accuracy,0.3246753246753247,,combined_c3_sign_flipped,celltype_sanity_check,77.0
1,4,accuracy,0.42857142857142855,,combined_c3_sign_flipped,celltype_sanity_check,77.0
1,5,accuracy,0.3684210526315789,,combined_c3_sign_flipped,celltype_sanity_check,76.0
2,0,accuracy,0.33766233766233766,,combined_c3_sign_flipped,celltype_sanity_check,77.0
2,1,accuracy,0.2987012987012987,,combined_c3_sign_flipped,celltype_sanity_check,77.0
2,2,accuracy,0.3246753246753247,,combined_c3_sign_flipped,celltype_sanity_check,77.0
2,3,accuracy,0.3116883116883117,,combined_c3_sign_flipped,celltype_sanity_check,77.0
2,4,accuracy,0.3246753246753247,,combined_c3_sign_flipped,celltype_sanity_check,77.0
2,5,accuracy,0.34210526315789475,,combined_c3_sign_flipped,celltype_sanity_check,76.0
3,0,accuracy,0.4025974025974026,,combined_c3_sign_flipped,celltype_sanity_check,77.0
3,1,accuracy,0.3116883116883117,,combined_c3_sign_flipped,celltype_sanity_check,77.0
3,2,accuracy,0.33766233766233766,,combined_c3_sign_flipped,celltype_sanity_check,77.0
3,3,accuracy,0.2987012987012987,,combined_c3_sign_flipped,celltype_sanity_check,77.0
3,4,accuracy,0.3684210526315789,,combined_c3_sign_flipped,celltype_sanity_check,76.0
3,5,accuracy,0.2987012987012987,,combined_c3_sign_flipped,celltype_sanity_check,77.0
4,0,accuracy,0.35064935064935066,,combined_c3_sign_flipped,celltype_sanity_check,77.0
4,1,accuracy,0.24675324675324675,,combined_c3_sign_flipped,celltype_sanity_check,77.0
4,2,accuracy,0.33766233766233766,,combined_c3_sign_flipped,celltype_sanity_check,77.0
4,3,accuracy,0.4805194805194805,,combined_c3_sign_flipped,celltype_sanity_check,77.0
4,4,accuracy,0.3246753246753247,,combined_c3_sign_flipped,celltype_sanity_check,77.0
4,5,accuracy,0.3157894736842105,,combined_c3_sign_flipped,celltype_sanity_check,76.0
